date,zoo_strict_ret,zoo_extended_ret,benchmark_ret,zoo_strict_net_ret,zoo_extended_net_ret,zoo_strict_turnover,zoo_extended_turnover,zoo_strict_cost,zoo_extended_cost,zoo_strict_nav,zoo_extended_nav,benchmark_nav,zoo_strict_net_nav,zoo_extended_net_nav
20210104,0.0,0.0,0.0,0.0,0.0,0.0,0.0,0.0,0.0,1.0,1.0,1.0,1.0,1.0
20210105,0.0215614609760832,0.0126403104888865,0.0185601799775028,0.0215614609760832,0.0126403104888865,0.0,0.0,0.0,0.0,1.0215614609760832,1.0126403104888866,1.0185601799775028,1.0215614609760832,1.0126403104888866
20210106,-0.0155906476301475,-0.009970876048414,0.0090189582182955,-0.0155906476301475,-0.009970876048414,0.0,0.0,0.0,0.0,1.0056346562054665,1.0025433994713744,1.0277465316835395,1.0056346562054665,1.0025433994713744
20210107,-0.0340132077296575,-0.0242382599185354,0.0213425757022984,-0.0340132077296575,-0.0242382599185354,0.0,0.0,0.0,0.0,0.9714297957438073,0.9782434919753752,1.0496812898387702,0.9714297957438073,0.9782434919753752
20210108,-0.018690734895567,-0.0116418525035722,-0.0050008930166101,-0.018690734895567,-0.0116418525035722,0.0,0.0,0.0,0.0,0.953273058961905,0.9668549255292185,1.0444319460067493,0.953273058961905,0.9668549255292185
20210111,-0.0238082875356807,-0.0259168641186215,-0.011308562197092,-0.0238082875356807,-0.0259168641186215,0.0,0.0,0.0,0.0,0.9305772598741221,0.9417970778018578,1.032620922384702,0.9305772598741221,0.9417970778018578
20210112,0.0060560055309207,0.0113697608956257,0.0290486564996368,0.0060560055309207,0.0113697608956257,0.0,0.0,0.0,0.0,0.9362128409068687,0.9525050853886641,1.0626171728533933,0.9362128409068687,0.9525050853886641
20210113,-0.0175706380475129,-0.0154962831964019,-0.003881439661256,-0.0175706380475129,-0.0154962831964019,0.0,0.0,0.0,0.0,0.9197629839438604,0.9377447968394683,1.0584926884139485,0.9197629839438604,0.9377447968394683
20210114,-0.0033649936981908,0.0008547243550956,-0.0182430038965639,-0.0033649936981908,0.0008547243550956,0.0,0.0,0.0,0.0,0.9166679872990602,0.9385463101561912,1.0391826021747286,0.9166679872990602,0.9385463101561912
20210115,0.0101587721401596,0.0159944349099261,-0.0030669312646581,0.0101587721401596,0.0159944349099261,0.0,0.0,0.0,0.0,0.9259802085102101,0.9535578280239357,1.0359955005624302,0.9259802085102101,0.9535578280239357
20210118,0.0017733315123842,0.0130196171693418,0.0107860275921927,0.0017733315123842,0.0130196171693418,0.0,0.0,0.0,0.0,0.9276222783938054,0.9659727858936364,1.0471697766168842,0.9276222783938054,0.9659727858936364
20210119,0.0194659789095582,0.0070755704029146,-0.0136042082350807,0.0194659789095582,0.0070755704029146,0.0,0.0,0.0,0.0,0.9456793541010555,0.9728075943475264,1.0329238609183051,0.9456793541010555,0.9728075943475264
20210120,-0.0035228226145303,0.0059966149350589,0.0055167340934167,-0.0035228226145303,0.0059966149350589,0.0,0.0,0.0,0.0,0.942347893486334,0.9786411468967295,1.0386222271977368,0.942347893486334,0.9786411468967295
20210121,0.0068356753429179,0.0075163960226012,0.0171909290416971,0.0068356753429179,0.0075163960226012,0.0,0.0,0.0,0.0,0.9487894777462892,0.985997001320818,1.0564771082066224,0.9487894777462892,0.985997001320818
20210122,-0.0072327227503491,-0.0087521713714017,0.0005393743257819,-0.0072327227503491,-0.0087521713714017,0.0,0.0,0.0,0.0,0.9419271465053017,0.97736738659357,1.0570469448345654,0.9419271465053017,0.97736738659357
20210125,-0.0169520364823967,-0.0209261791591623,0.0118598382749326,-0.0169520364823967,-0.0209261791591623,0.0,0.0,0.0,0.0,0.925959563153984,0.9569148215573907,1.069583350649315,0.925959563153984,0.9569148215573907
20210126,-0.0115046622129902,-0.0137649307287049,-0.0213106020245071,-0.0115046622129902,-0.0137649307287049,0.0,0.0,0.0,0.0,0.9153067111570095,0.9437429553253822,1.0467898855315887,0.9153067111570095,0.9437429553253822
20210127,-0.0019011573364161,0.0026688438208997,0.0018145527127562,-0.0019011573364161,0.0026688438208997,0.0,0.0,0.0,0.0,0.9135665690880225,0.94626165788022,1.0486893409580658,0.9135665690880225,0.94626165788022
20210128,-0.005561383651613,-0.0104944353980368,-0.0246332186198153,-0.005561383651613,-0.0104944353980368,0.0,0.0,0.0,0.0,0.9084858749060362,0.9363311760419568,1.0228567471579757,0.9084858749060362,0.9363311760419568
20210129,-0.0048554861661573,-0.0171538475730534,-0.0068709377901579,-0.0048554861661573,-0.0171538475730534,0.0,0.0,0.0,0.0,0.9040747343082807,0.9202694937702353,1.01582876208001,0.9040747343082807,0.9202694937702353
20210201,0.0206118392149336,0.0091479339167417,0.0117801047120418,0.0206118392149336,0.0091479339167417,0.0,0.0,0.0,0.0,0.9227093773701268,0.9286880582848387,1.0277953312668162,0.9227093773701268,0.9286880582848387
20210202,0.0155914455552755,0.0062886336237014,0.0147846978377379,0.0155914455552755,0.0062886336237014,0.0,0.0,0.0,0.0,0.9370957503907352,0.9345282372340986,1.0429909746786339,0.9370957503907352,0.9345282372340986
20210203,-0.0222843625521983,-0.013026624144026,-0.0010926971407756,-0.0222843625521983,-0.013026624144026,0.0,0.0,0.0,0.0,0.9162131689429037,0.9223544891356709,1.0418513014227477,0.9162131689429037,0.9223544891356709
20210204,-0.0255317021817948,-0.0153572750922532,-0.0020054694621696,-0.0255317021817948,-0.0153572750922532,0.0,0.0,0.0,0.0,0.8928206871784151,0.9081896375134397,1.0397619004536227,0.8928206871784151,0.9081896375134397
20210205,-0.0072251283595098,-0.0097683191065058,0.0014614541468762,-0.0072251283595098,-0.0097683191065058,0.0,0.0,0.0,0.0,0.8863699431115253,0.8993181513249866,1.0412814647948045,0.8863699431115253,0.8993181513249866
20210208,-0.0041569436628753,0.0012786614096171,0.0131338927398758,-0.0041569436628753,0.0012786614096171,0.0,0.0,0.0,0.0,0.8826853531935447,0.9004680747400541,1.0549575438654404,0.8826853531935447,0.9004680747400541
20210209,0.0105805403708175,0.0177444897963343,0.0248469571480014,0.0105805403708175,0.0177444897963343,0.0,0.0,0.0,0.0,0.8920246412077383,0.9164464213042038,1.081170028750826,0.8920246412077383,0.9164464213042038
20210210,0.0073848917701909,0.0104066978570814,0.0202037947997189,0.0073848917701909,0.0104066978570814,0.0,0.0,0.0,0.0,0.8986121466394008,0.9259836023129202,1.1030137661553139,0.8986121466394008,0.9259836023129202
20210218,0.0318774824789529,0.0285127451423256,-0.0074048562080247,0.0318774824789529,0.0285127451423256,0.0,0.0,0.0,0.0,0.9272576395992727,0.952385936771641,1.094846107821462,0.9272576395992727,0.952385936771641
20210219,0.0232225123665308,0.0313548162043857,0.0055517002081888,0.0232225123665308,0.0313548162043857,0.0,0.0,0.0,0.0,0.948790891601827,0.9822478227747575,1.100924365186189,0.948790891601827,0.9822478227747575
20210222,0.0220637781937404,0.0054761348973457,-0.0357142857142857,0.0220637781937404,0.0054761348973457,0.0,0.0,0.0,0.0,0.9697248033863709,0.9876267443548963,1.061605637858111,0.9697248033863709,0.9876267443548963
20210223,-0.0075194503454853,-0.010538326280873,-0.0026838432635535,-0.0075194503454853,-0.010538326280873,0.0,0.0,0.0,0.0,0.9624330058785217,0.977218811479168,1.058756454718395,0.9624330058785217,0.977218811479168
20210224,-0.0109834316035304,-0.0066944702934276,-0.0263724434876212,-0.0109834316035304,-0.0066944702934276,0.0,0.0,0.0,0.0,0.9518621887854747,0.9706768491755421,1.0308344599491799,0.9518621887854747,0.9706768491755421
20210225,0.0061929686194279,-0.0047813495346942,0.0093974571586512,0.0061929686194279,-0.0047813495346942,0.0,0.0,0.0,0.0,0.9577570414506431,0.9660357038743982,1.0405216826242136,0.9577570414506431,0.9660357038743982
20210226,0.0021812755426885,0.000255395733277,-0.0271997079225994,0.0021812755426885,0.000255395733277,0.0,0.0,0.0,0.0,0.959846173460997,0.9662824252713609,1.0122197967697033,0.959846173460997,0.9662824252713609
20210301,0.0135805742422857,0.0213430461460322,0.0167010696190657,0.0135805742422857,0.0213430461460322,0.0,0.0,0.0,0.0,0.9728814356808578,0.9869058356640275,1.0291249500653508,0.9728814356808578,0.9869058356640275
20210302,-0.0146700699069562,-0.0124928417217191,-0.012735326688815,-0.0146700699069562,-0.0124928417217191,0.0,0.0,0.0,0.0,0.9586091970082398,0.9745765772648359,1.0160187076226581,0.9586091970082398,0.9745765772648359
20210303,0.0124588914046294,0.0125255666451577,0.0196298373527759,0.0124588914046294,0.0125255666451577,0.0,0.0,0.0,0.0,0.9705524048932443,0.9867837011341765,1.0359629896006686,0.9705524048932443,0.9867837011341765
20210304,-0.0034224506344203,-0.0096019139827554,-0.0306197286395304,-0.0034224506344203,-0.0096019139827554,0.0,0.0,0.0,0.0,0.9672307371993794,0.9773086889163011,1.0042420839784993,0.9672307371993794,0.9773086889163011
20210305,-0.0014191837700324,0.0039154743025735,-0.0039720068091545,-0.0014191837700324,0.0039154743025735,0.0,0.0,0.0,0.0,0.9658580590352696,0.9811353159734347,1.0002532275828973,0.9658580590352696,0.9811353159734347
20210308,-0.0039007457859173,-0.0081563917684324,-0.0353209266995822,-0.0039007457859173,-0.0081563917684324,0.0,0.0,0.0,0.0,0.9620904922816935,0.9731327919585107,0.9649233566504212,0.9620904922816935,0.9731327919585107
20210309,-0.0147630138004618,-0.0257365123010755,-0.0198818897637795,-0.0147630138004618,-0.0257365123010755,0.0,0.0,0.0,0.0,0.9478871370668458,0.9480877478876905,0.9457388568430014,0.9478871370668458,0.9480877478876905
20210310,-0.0117919257567628,-0.0127719868076974,0.004217714400482,-0.0117919257567628,-0.0127719868076974,0.0,0.0,0.0,0.0,0.9367097223207631,0.9359787836791293,0.9497277132386035,0.9367097223207631,0.9359787836791293
20210311,0.0202050066212238,0.0231071436409876,0.0258,0.0202050066212238,0.0231071436409876,0.0,0.0,0.0,0.0,0.9556359484624188,0.9576065798785198,0.9742306882401595,0.9556359484624188,0.9576065798785198
20210312,-0.0035225312282933,-0.0028279799454669,0.002534607135894,-0.0035225312282933,-0.0028279799454669,0.0,0.0,0.0,0.0,0.9522696909910803,0.9548984876749762,0.9766999802945799,0.9522696909910803,0.9548984876749762
20210315,-0.0118743944481806,-0.005884244677854,-0.0198366394399067,-0.0118743944481806,-0.005884244677854,0.0,0.0,0.0,0.0,0.9409620650592051,0.9492796313309839,0.9573255349445124,0.9409620650592051,0.9492796313309839
20210316,0.0066648172601898,0.0088866476669639,0.0065476190476192,0.0066648172601898,0.0088866476669639,0.0,0.0,0.0,0.0,0.9472334052715955,0.9577155449520479,0.9635937378518874,0.9472334052715955,0.9577155449520479
20210317,0.0188090591917796,0.0049118725519273,0.0045338064261777,0.0188090591917796,0.0049118725519273,0.0,0.0,0.0,0.0,0.9650499744597798,0.9624197216498519,0.967962485332785,0.9650499744597798,0.9624197216498519
20210318,0.0106087867505196,0.0027059981531456,0.0078492935635792,0.0106087867505196,0.0027059981531456,0.0,0.0,0.0,0.0,0.975287983842418,0.9650240276391874,0.9755603070386937,0.975287983842418,0.9650240276391874
20210319,0.0068687907088833,-0.010198675420227,-0.0270638629283488,0.0068687907088833,-0.010198675420227,0.0,0.0,0.0,0.0,0.9819870328843203,0.9551820608085752,0.9491578766106605,0.9819870328843203,0.9551820608085752
20210322,0.0103521179304646,0.0130343891013726,0.0114068441064638,0.0103521179304646,0.0130343891013726,0.0,0.0,0.0,0.0,0.9921526784549258,0.9676322754518051,0.9599847725415807,0.9921526784549258,0.9676322754518051
20210323,-0.021039991173952,-0.0097028549333787,-0.0089038385437276,-0.021039991173952,-0.0097028549333787,0.0,0.0,0.0,0.0,0.9712777948570213,0.9582434798542411,0.9514372231224334,0.9712777948570213,0.9582434798542411
20210324,-0.0068529361102381,-0.0138840375320146,-0.0151726891595129,-0.0068529361102381,-0.0138840375320146,0.0,0.0,0.0,0.0,0.9646216901835731,0.9449391914151365,0.9370013618812066,0.9646216901835731,0.9449391914151365
20210325,0.0224192280415462,0.0107080282251317,-0.0008108655990268,0.0224192280415462,0.0107080282251317,0.0,0.0,0.0,0.0,0.9862477638296204,0.9550576269478429,0.936241579710616,0.9862477638296204,0.9550576269478429
20210326,0.0228935878857549,0.0182543976363028,0.0210996145262731,0.0228935878857549,0.0182543976363028,0.0,0.0,0.0,0.0,1.008826513687983,0.9724916286357326,0.955995916145979,1.008826513687983,0.9724916286357326
20210329,0.0174643061324087,0.0028619680304271,0.0019868865487779,0.0174643061324087,0.0028619680304271,0.0,0.0,0.0,0.0,1.0264449687575206,0.9752748685867461,0.9578953715724562,1.0264449687575206,0.9752748685867461
20210330,0.0099173258041515,0.0019494614277435,0.0087249652984335,0.0099173258041515,0.0019494614277435,0.0,0.0,0.0,0.0,1.036624557932721,0.9771761293245036,0.966252975448956,1.036624557932721,0.9771761293245036
20210331,0.0156874309221176,0.0070236559556351,-0.0072734421073323,0.0156874309221176,0.0070236559556351,0.0,0.0,0.0,0.0,1.0528865340774611,0.9840394782649381,0.9592249903709905,1.0528865340774611,0.9840394782649381
20210401,-0.0170926443999251,-0.0050526647868416,0.0122772277227722,-0.0170926443999251,-0.0050526647868416,0.0,0.0,0.0,0.0,1.0348899189570056,0.9790674566442469,0.9710016140151492,1.0348899189570056,0.9790674566442469
20210402,-0.0132330461774286,0.0008630732468789,0.0095852895148667,-0.0132330461774286,0.0008630732468789,0.0,0.0,0.0,0.0,1.0211951728708921,0.9799124635729662,0.9803089456048872,1.0211951728708921,0.9799124635729662
20210406,0.0091567700415999,0.0109520880110967,-0.0054253051734158,0.0091567700415999,0.0109520880110967,0.0,0.0,0.0,0.0,1.0305460222364629,0.990644551117188,0.9749904704107513,1.0305460222364629,0.990644551117188
20210407,0.0245390800096974,0.0129639474512191,-0.0068186245860121,0.0245390800096974,0.0129639474512191,0.0,0.0,0.0,0.0,1.0558346735297988,1.0034872150207077,0.968342376418081,1.0558346735297988,1.0034872150207077
20210408,0.0122859275880889,0.0020923037694565,0.0021577089054531,0.0122859275880889,0.0020923037694565,0.0,0.0,0.0,0.0,1.0688065818737793,1.005586815103297,0.970431777387206,1.0688065818737793,1.005586815103297
20210409,0.0158159839244541,0.0035170942833719,-0.0138970444313955,0.0158159839244541,0.0035170942833719,0.0,0.0,0.0,0.0,1.0857108095910457,1.009123558742131,0.9569456438592179,1.0857108095910457,1.009123558742131
20210412,0.0114254947752145,-0.0141473329729765,-0.016673283048829,0.0114254947752145,-0.0141473329729765,0.0,0.0,0.0,0.0,1.0981155927734223,0.994847151745731,0.9409902182768093,1.0981155927734223,0.994847151745731
20210413,-0.0311141212599849,-0.0053239101637831,-0.0014129995962857,-0.0311141212599849,-0.0053239101637831,0.0,0.0,0.0,0.0,1.0639486910623899,0.9895506748831413,0.9396605994782754,1.0639486910623899,0.9895506748831413
20210414,-0.0051813512348333,0.0040576545404142,0.0056599959571457,-0.0051813512348333,0.0040576545404142,0.0,0.0,0.0,0.0,1.0584359991981545,0.9935659296720509,0.9449790746724116,1.0584359991981545,0.9935659296720509
20210415,0.0005976431793423,-0.002354191509201,-0.0056281407035174,0.0005976431793423,-0.002354191509201,0.0,0.0,0.0,0.0,1.0590685662538457,0.9912268851965855,0.9396605994782756,1.0590685662538457,0.9912268851965855
20210416,-0.008368464293335,0.008717388443814,0.0032342834040832,-0.008368464293335,0.008717388443814,0.0,0.0,0.0,0.0,1.0502057887729568,0.999867794990796,0.9426997281606392,1.0502057887729568,0.999867794990796
20210419,-0.0017452908616917,0.0095115949428145,0.0253878702397745,-0.0017452908616917,0.0095115949428145,0.0,0.0,0.0,0.0,1.0483728742069156,1.0093781324531135,0.9666328665342522,1.0483728742069156,1.0093781324531135
20210420,-0.0163843385178423,-0.0095233089676257,-0.0015720180782079,-0.0163843385178423,-0.0095233089676257,0.0,0.0,0.0,0.0,1.0311959781429862,0.9997655126325975,0.9651133021930703,1.0311959781429862,0.9997655126325975
20210421,0.0234326568517148,0.0117605176661623,0.0023617398149968,0.0234326568517148,0.0117605176661623,0.0,0.0,0.0,0.0,1.055359639645679,1.011523272605933,0.9673926487048429,1.055359639645679,1.011523272605933
20210422,-0.0074152100005139,-0.0024114391279641,-0.0007853917141172,-0.0074152100005139,-0.0024114391279641,0.0,0.0,0.0,0.0,1.0475339262916397,1.0090840458075248,0.9666328665342522,1.0475339262916397,1.0090840458075248
20210423,-0.0225964319727068,-0.0107964611090831,0.0100216152485752,-0.0225964319727068,-0.0107964611090831,0.0,0.0,0.0,0.0,1.0238633971870883,0.9981895091511677,0.9763200892092858,1.0238633971870883,0.9981895091511677
20210426,-0.0028926899260361,-0.0016935939909743,-0.0124513618677043,-0.0028926899260361,-0.0016935939909743,0.0,0.0,0.0,0.0,1.020901677852408,0.9964989813966156,0.9641635744798316,1.020901677852408,0.9964989813966156
20210427,-0.0014245193017034,-0.0010256018253385,0.0025610717100079,-0.0014245193017034,-0.0010256018253385,0.0,0.0,0.0,0.0,1.0194473837071658,0.9954769702223473,0.9666328665342521,1.0194473837071658,0.9954769702223473
20210428,-0.0085948138414403,0.0002746122953275,0.0074670858714873,-0.0085948138414403,0.0002746122953275,0.0,0.0,0.0,0.0,1.0106854232230593,0.9957503404380856,0.9738507971548653,1.0106854232230593,0.9957503404380856
20210429,-0.005583377208918,-0.0017754391888641,0.0089721084454845,-0.005583377208918,-0.0017754391888641,0.0,0.0,0.0,0.0,1.00504238526565,0.993982446261347,0.9825882921166604,1.00504238526565,0.993982446261347
20210430,-0.002415617420903,-0.00697489504844,-0.0086990141117339,-0.002415617420903,-0.00697489504844,0.0,0.0,0.0,0.0,1.0026145873710564,0.9870495230186825,0.9740407426975131,1.0026145873710564,0.9870495230186825
20210506,0.0015281102593493,0.0020083461767397,-0.0130655226209048,0.0015281102593493,0.0020083461767397,0.0,0.0,0.0,0.0,1.0041466930081915,0.9890318601544899,0.9613143913401159,1.0041466930081915,0.9890318601544899
20210507,0.0061545824278495,-0.0016734534904213,-0.0120529539616677,0.0061545824278495,-0.0016734534904213,0.0,0.0,0.0,0.0,1.010326796599963,0.9873767613359765,0.9497277132386048,1.010326796599963,0.9873767613359765
20210510,0.0303127122995373,0.0049431850978135,-0.0002,0.0303127122995373,0.0049431850978135,0.0,0.0,0.0,0.0,1.0409525421138106,0.9922575474285398,0.9495377676959571,1.0409525421138106,0.9922575474285398
20210511,-0.0027492409935002,0.0072382533240708,0.0052010402080417,-0.0027492409935002,0.0072382533240708,0.0,0.0,0.0,0.0,1.0380907127127432,0.9994397589195488,0.9544763518047981,1.0380907127127432,0.9994397589195488
20210512,0.0187199359350169,0.01497485464671,0.0061691542288555,0.0187199359350169,0.01497485464671,0.0,0.0,0.0,0.0,1.0575237043494619,1.0144062240375118,0.9603646636268772,1.0575237043494619,1.0144062240375118
20210513,0.0060727339812854,-0.0034044486657047,-0.010878164556962,0.0060727339812854,-0.0034044486657047,0.0,0.0,0.0,0.0,1.0639457644848795,1.0109527301216048,0.9499176587812526,1.0639457644848795,1.0109527301216048
20210514,0.029494912096153,0.0136675756446594,0.0251949610077983,0.029494912096153,0.0136675756446594,0.0,0.0,0.0,0.0,1.0953267512834353,1.0247700030337168,0.9738507971548653,1.0953267512834353,1.0247700030337168
20210517,-0.0139431902957716,-0.0024783469959203,0.0118977959820556,-0.0139431902957716,-0.0024783469959203,0.0,0.0,0.0,0.0,1.080054401954241,1.0222302673751889,0.9854374752563761,1.080054401954241,1.0222302673751889
20210518,0.0136804009178463,0.0019994142523502,0.0003855050115653,0.0136804009178463,0.0019994142523502,0.0,0.0,0.0,0.0,1.0948299791860598,1.0242741291409627,0.9858173663416717,1.0948299791860598,1.0242741291409627
20210519,-0.0184694531985683,-0.005628991217223,-0.0026974951830445,-0.0184694531985683,-0.005628991217223,0.0,0.0,0.0,0.0,1.0746090681250935,1.0185084990639994,0.9831581287446034,1.0746090681250935,1.0185084990639994
20210520,-0.0167503377994535,-0.0122462570121648,0.0027047913446678,-0.0167503377994535,-0.0122462570121648,0.0,0.0,0.0,0.0,1.0566090032316422,1.0060355822153875,0.9858173663416716,1.0566090032316422,1.0060355822153875
20210521,-0.0022647576180404,-0.002158761066168,-0.0105973025048171,-0.0022647576180404,-0.002158761066168,0.0,0.0,0.0,0.0,1.0542160399422833,1.0038637917693212,0.9753703614960468,1.0542160399422833,1.0038637917693212
20210524,0.0042253406063741,0.0109958398405801,0.0054527750730282,0.0042253406063741,0.0109958398405801,0.0,0.0,0.0,0.0,1.0586704617837424,1.014902117245374,0.980688836690183,1.0586704617837424,1.014902117245374
20210525,0.0367182086166299,0.0081936762614351,0.031764478016657,0.0367182086166299,0.0081936762614351,0.0,0.0,0.0,0.0,1.0975429446557818,1.0232178966311278,1.0118399056844094,1.0975429446557818,1.0232178966311278
20210526,0.0113130167133549,0.0083053152043142,0.0001877229209688,0.0113130167133549,0.0083053152043142,0.0,0.0,0.0,0.0,1.1099594663322974,1.0317160437853448,1.0120298512270574,1.1099594663322974,1.0317160437853448
20210527,-0.0090024938300826,0.0062194981491028,0.0035660660660661,-0.0090024938300826,0.0062194981491028,0.0,0.0,0.0,0.0,1.0999670630849991,1.0381327998100673,1.0156388165373642,1.0999670630849991,1.0381327998100673
20210528,-0.0044651445228417,-0.0102984223544006,-0.0028053113895643,-0.0044651445228417,-0.0102984223544006,0.0,0.0,0.0,0.0,1.095055551177959,1.027441669777667,1.0127896333976483,1.095055551177959,1.027441669777667
20210531,0.0085081090539989,0.0063179820900835,0.0011252813203301,0.0085081090539989,0.0063179820900835,0.0,0.0,0.0,0.0,1.104372403227568,1.0339330278459278,1.0139293066535346,1.104372403227568,1.0339330278459278
20210601,0.0076275534659724,0.0054722733078876,0.0014986886474332,0.0076275534659724,0.0054722733078876,0.0,0.0,0.0,0.0,1.1127960627795306,1.0395909919563524,1.0154488709947163,1.1127960627795306,1.0395909919563524
20210602,-0.0166309645560473,-0.0054347521595854,-0.0080433969322858,-0.0166309645560473,-0.0054347521595854,0.0,0.0,0.0,0.0,1.0942891909013353,1.033941072567732,1.0072812126608643,1.0942891909013353,1.033941072567732
20210603,7.765031271409818e-05,-0.0027225959390794,-0.0077314727512729,7.765031271409818e-05,-0.0027225959390794,0.0,0.0,0.0,0.0,1.0943741627992083,1.0311260688023116,0.9994934454123077,1.0943741627992083,1.0311260688023116
20210604,-0.0086540250894888,0.003138475135938,0.0062713797035347,-0.0086540250894888,0.003138475135938,0.0,0.0,0.0,0.0,1.0849034213370556,1.0343622323312651,1.0057616483196825,1.0849034213370556,1.0343622323312651
20210607,0.0157636431911467,0.0052070880250678,-0.0011331444759206,0.0157636431911467,0.0052070880250678,0.0,0.0,0.0,0.0,1.1020054517678672,1.0397482475248196,1.0046219750637964,1.1020054517678672,1.0397482475248196
20210608,-0.0055922105052597,-0.0054228806565436,-0.0079410096426545,-0.0055922105052597,-0.0054228806565436,0.0,0.0,0.0,0.0,1.0958428053036375,1.0341098168656422,0.9966442622725921,1.0958428053036375,1.0341098168656422
20210609,0.0181193914574288,0.0047064903902855,0.0015246807699635,0.0181193914574288,0.0047064903902855,0.0,0.0,0.0,0.0,1.115698810068741,1.0389768447812202,0.9981638266137737,1.115698810068741,1.0389768447812202
20210610,-0.0001694899713073,-0.0007911174229723,0.0064700285442436,-0.0001694899713073,-0.0007911174229723,0.0,0.0,0.0,0.0,1.115509710309435,1.038154892097249,1.0046219750637961,1.115509710309435,1.038154892097249
20210611,-0.0024910437269798,-0.0061796175888067,-0.0092645112497635,-0.0024910437269798,-0.0061796175888067,0.0,0.0,0.0,0.0,1.1127309268431835,1.0317394918661391,0.995314643474058,1.1127309268431835,1.0317394918661391
20210615,-0.0157467581092714,-0.0119034878285262,-0.0112595419847327,-0.0157467581092714,-0.0119034878285262,0.0,0.0,0.0,0.0,1.0952090220974786,1.0194581933825007,0.9841078564578426,1.0952090220974786,1.0194581933825007
20210616,-0.0059305251685852,-0.004750688344555,-0.0137039181625169,-0.0059305251685852,-0.004750688344555,0.0,0.0,0.0,0.0,1.088713857427068,1.0146150652254373,0.9706217229298544,1.088713857427068,1.0146150652254373
20210617,-0.0015123058830372,-0.0019262310432337,0.0021526418786692,-0.0015123058830372,-0.0019262310432337,0.0,0.0,0.0,0.0,1.087067389055537,1.0126606821898674,0.9727111238989793,1.087067389055537,1.0126606821898674
20210618,-0.0081486750268196,-0.0003326175331075,0.0009763718023825,-0.0081486750268196,-0.0003326175331075,0.0,0.0,0.0,0.0,1.07820923016987,1.0123238534918824,0.973660851612218,1.07820923016987,1.0123238534918824
20210621,0.0060274783919553,0.0104707983383386,-0.0013655872024972,0.0060274783919553,0.0104707983383386,0.0,0.0,0.0,0.0,1.0847081130067258,1.0229236924148857,0.9723312328136838,1.0847081130067258,1.0229236924148857
20210622,0.0064043605542903,0.0045497702947271,0.0050791170150419,0.0064043605542903,0.0045497702947271,0.0,0.0,0.0,0.0,1.0916549748585846,1.0275777602444074,0.9772698169225245,1.0916549748585846,1.0275777602444074
20210623,-0.0035741817761562,-0.0023501123200573,0.0060252672497571,-0.0035741817761562,-0.0023501123200573,0.0,0.0,0.0,0.0,1.087753201541595,1.0251628370902401,0.983158128744604,1.087753201541595,1.0251628370902401
20210624,-0.0081709396089906,-0.0060721050771383,0.0025115919629057,-0.0081709396089906,-0.0060721050771383,0.0,0.0,0.0,0.0,1.0788652358223123,1.018937940622251,0.9856274207990243,1.0788652358223123,1.018937940622251
20210625,0.0162642295915098,0.0095286434988391,0.0156099441125456,0.0162642295915098,0.0095286434988391,0.0,0.0,0.0,0.0,1.096412147716025,1.0286470370058816,1.0010130097534897,1.096412147716025,1.0286470370058816
20210628,-0.0125282659529648,0.0004545029450435,0.001707779886148,-0.0125282659529648,0.0004545029450435,0.0,0.0,0.0,0.0,1.0826760047353772,1.0291145601136111,1.0027225196373193,1.0826760047353772,1.0291145601136111
20210629,-0.0116498284935499,-0.006350877110553,-0.0102292100776663,-0.0116498284935499,-0.006350877110553,0.0,0.0,0.0,0.0,1.0700630149661283,1.0225787800096486,0.9924654603343422,1.0700630149661283,1.0225787800096486
20210630,0.0043904541463693,0.0051626726128972,0.005933014354067,0.0043904541463693,0.0051626726128972,0.0,0.0,0.0,0.0,1.0747610775670629,1.0278580194717344,0.9983537721564216,1.0747610775670629,1.0278580194717344
20210701,0.0144036345137128,0.0031489291307325,-0.0003805175038052,0.0144036345137128,0.0031489291307325,0.0,0.0,0.0,0.0,1.090241543317903,1.031094671531506,0.9979738810711262,1.090241543317903,1.031094671531506
20210702,-0.0061891789334627,-0.0101395041753882,-0.02683669585078,-0.0061891789334627,-0.0101395041753882,0.0,0.0,0.0,0.0,1.0834938433256138,1.0206398828042917,0.9711915595577979,1.0834938433256138,1.0206398828042917
20210705,0.00452428300319,-0.0020633496854663,0.0013690592607078,0.00452428300319,-0.0020633496854663,0.0,0.0,0.0,0.0,1.088395876105033,1.018533945823133,0.9725211783563318,1.088395876105033,1.018533945823133
20210706,0.0013563250029439,0.0014113032807401,0.0013671875,0.0013563250029439,0.0014113032807401,0.0,0.0,0.0,0.0,1.0898720946448952,1.0199714061224183,0.9738507971548659,1.0898720946448952,1.0199714061224183
20210707,-0.00767693173476,0.0033553586212827,0.0103374292958844,-0.00767693173476,0.0033553586212827,0.0,0.0,0.0,0.0,1.0815052209746865,1.023393775973413,0.983917910915195,1.0815052209746865,1.023393775973413
20210708,-0.0240115632719867,-0.0083821648992816,-0.0084942084942085,-0.0240115632719867,-0.0083821648992816,0.0,0.0,0.0,0.0,1.0555365899322688,1.0148155205863054,0.9755603070386953,1.0555365899322688,1.0148155205863054
20210709,0.0294626407912545,0.0109047345659001,-0.0046728971962615,0.0294626407912545,0.0109047345659001,0.0,0.0,0.0,0.0,1.086635485323469,1.0258818144716548,0.9710016140151502,1.086635485323469,1.0258818144716548
20210712,0.0098542704178112,0.0124319706162205,0.0133020344287948,0.0098542704178112,0.0124319706162205,0.0,0.0,0.0,0.0,1.097343485241436,1.0386355470448816,0.9839179109151951,1.097343485241436,1.0386355470448816
20210713,0.01649777269959,0.0103419441547866,0.0030888030888029,0.01649777269959,0.0103419441547866,0.0,0.0,0.0,0.0,1.1154472086343252,1.0493770578695958,0.9869570395975585,1.1154472086343252,1.0493770578695958
20210714,-0.0110306215349128,-0.0050721442582801,-0.0109699769053116,-0.0110306215349128,-0.0050721442582801,0.0,0.0,0.0,0.0,1.1031431326337051,1.0440544660507516,0.9761301436666385,1.1031431326337051,1.0440544660507516
20210715,-0.0132683038248084,-0.0057905290885782,0.0132321463319711,-0.0132683038248084,-0.0057905290885782,0.0,0.0,0.0,0.0,1.0885062943876702,1.0380088382950248,0.9890464405666834,1.0885062943876702,1.0380088382950248
20210716,-0.0034620864166125,-0.0047700689909342,-0.0097945073938928,-0.0034620864166125,-0.0047700689909342,0.0,0.0,0.0,0.0,1.0847377915314735,1.033057464523158,0.9793592178916497,1.0847377915314735,1.033057464523158
20210719,0.0031342491027859,0.0008582282482699,0.0042668735453841,0.0031342491027859,0.0008582282482699,0.0,0.0,0.0,0.0,1.088137629981339,1.033944063621298,0.9835380198298996,1.088137629981339,1.033944063621298
20210720,0.0008221389039568,-0.0023361898224341,-0.0025106218617226,0.0008221389039568,-0.0023361898224341,0.0,0.0,0.0,0.0,1.0890322302598061,1.0315285740228997,0.9810687277754794,1.0890322302598061,1.0315285740228997
20210721,0.0242161466407342,0.0089053770143151,0.0075508228460792,0.0242161466407342,0.0089053770143151,0.0,0.0,0.0,0.0,1.1154043944442635,1.0407147248756123,0.9884766039387404,1.1154043944442635,1.0407147248756123
20210722,0.0149591744195872,0.0009686607711121,0.0009607993850884,0.0149591744195872,0.0009686607711121,0.0,0.0,0.0,0.0,1.1320899233291293,1.0417228244035182,0.989426331651979,1.1320899233291293,1.0417228244035182
20210723,-0.019957961753143,-0.0143704719922338,-0.0099827222115568,-0.019957961753143,-0.0143704719922338,0.0,0.0,0.0,0.0,1.109495715938208,1.0267527757317567,0.9795491634342977,1.109495715938208,1.0267527757317567
20210726,-0.0065681508160071,-0.0144645903784726,-0.0339344580182275,-0.0065681508160071,-0.0144645903784726,0.0,0.0,0.0,0.0,1.102208380746212,1.011901217410837,0.9463086934709466,1.102208380746212,1.011901217410837
20210727,-0.0157422970913456,-0.0256838672904665,-0.03472501003613,-0.0157422970913456,-0.0256838672904665,0.0,0.0,0.0,0.0,1.0848570889599343,0.9859116808317957,0.9134481145928909,1.0848570889599343,0.9859116808317957
20210728,-0.0062566984211523,-0.0159376337505891,0.0020794343938446,-0.0062566984211523,-0.0159376337505891,0.0,0.0,0.0,0.0,1.0780694653242628,0.9701985815522709,0.9153475700193678,1.0780694653242628,0.9701985815522709
20210729,0.0003044586474682,0.012454802382327,0.0180535380784394,0.0003044586474682,0.012454802382327,0.0,0.0,0.0,0.0,1.0783976928955523,0.9822822131571184,0.9318728322297195,1.0783976928955523,0.9822822131571184
20210730,0.0060289449215016,-0.0001728796614191,-0.0069302894415002,0.0060289449215016,-0.0001728796614191,0.0,0.0,0.0,0.0,1.084899293189494,0.9821123965406898,0.925414683779697,1.084899293189494,0.9821123965406898
20210802,0.0151784186573892,0.0250224080003879,0.0248357963875207,0.0151784186573892,0.0250224080003879,0.0,0.0,0.0,0.0,1.1013663488626297,1.0066872136291696,0.9483980944400715,1.1013663488626297,1.0066872136291696
20210803,0.002555196628045,-0.0048050816897513,0.0004005607850989,0.002555196628045,-0.0048050816897513,0.0,0.0,0.0,0.0,1.104180556443486,1.0018499993316534,0.9487779855253667,1.104180556443486,1.0018499993316534
20210804,0.0079774686668259,0.0021538549355152,0.0088088088088087,0.0079774686668259,0.0021538549355152,0.0,0.0,0.0,0.0,1.112989122235032,1.0040078388973597,0.9571355894018664,1.112989122235032,1.0040078388973597
20210805,-0.0040662123895068,-0.008269580478646,-0.0059535622147249,-0.0040662123895068,-0.008269580478646,0.0,0.0,0.0,0.0,1.1084634720768138,0.9957051152724065,0.9514372231224351,1.1084634720768138,0.9957051152724065
20210806,0.0042427329357598,-0.0050074184116979,-0.0031942503493711,0.0042427329357598,-0.0050074184116979,0.0,0.0,0.0,0.0,1.1131663865578807,0.9907192031455696,0.9483980944400715,1.1131663865578807,0.9907192031455696
20210809,0.028380254935248,0.0227106350093122,0.0110154215902262,0.028380254935248,0.0227106350093122,0.0,0.0,0.0,0.0,1.1447583323937423,1.0132190653649253,0.9588450992856962,1.1447583323937423,1.0132190653649253
20210810,0.0087287969494862,0.0093418351136695,0.0112916006339145,0.0087287969494862,0.0093418351136695,0.0,0.0,0.0,0.0,1.1547506954334397,1.0226843908075909,0.9696719952166164,1.1547506954334397,1.0226843908075909
20210811,0.0123878795160717,0.0068725237957386,-0.0052889324191969,0.0123878795160717,0.0068725237957386,0.0,0.0,0.0,0.0,1.169055607919569,1.0297128136189464,0.9645434655651278,1.169055607919569,1.0297128136189464
20210812,-0.0131605757727867,-0.0043265005821409,-0.0063016935801496,-0.0131605757727867,-0.0043265005821409,0.0,0.0,0.0,0.0,1.1536701630089423,1.0252577605313862,0.9584652082004007,1.1536701630089423,1.0252577605313862
20210813,-0.0037176802308473,0.0056903719791578,-0.0053507728894175,-0.0037176802308473,0.0056903719791578,0.0,0.0,0.0,0.0,1.1493811862510057,1.0310918585633282,0.953336678548912,1.1493811862510057,1.0310918585633282
20210816,0.0100902126720591,0.0069777232133373,-0.0005977286312014,0.0100902126720591,0.0069777232133373,0.0,0.0,0.0,0.0,1.160978686861542,1.0382865321599086,0.9527668419209688,1.160978686861542,1.0382865321599086
20210817,-0.0042325851043597,-0.0203434475251245,-0.022328548644338,-0.0042325851043597,-0.0203434475251245,0.0,0.0,0.0,0.0,1.1560647457650526,1.01716420457687,0.9314929411444242,1.1560647457650526,1.01716420457687
20210818,-0.0024135215375392,0.0085677307014457,0.0108075040783033,-0.0024135215375392,0.0085677307014457,0.0,0.0,0.0,0.0,1.153274558602359,1.025878993560835,0.9415600549047533,1.153274558602359,1.025878993560835
20210819,-0.0127536442362298,-0.0098044512020957,-0.0068589872907,-0.0127536442362298,-0.0098044512020957,0.0,0.0,0.0,0.0,1.1385661051752496,1.0158208130292128,0.9351019064547308,1.1385661051752496,1.0158208130292128
20210820,-0.0016162626621361,-0.0042448399594811,-0.0182815356489944,-0.0016162626621361,-0.0042448399594811,0.0,0.0,0.0,0.0,1.1367258832910812,1.0115088162503938,0.918006807616436,1.1367258832910812,1.0115088162503938
20210823,0.0201995665912728,0.0097834179475842,0.0148975791433894,0.0201995665912728,0.0097834179475842,0.0,0.0,0.0,0.0,1.159687253466643,1.0214048297574376,0.9316828866870721,1.159687253466643,1.0214048297574376
20210824,0.0197227593335316,0.0041542726947515,0.0106014271151884,0.0197227593335316,0.0041542726947515,0.0,0.0,0.0,0.0,1.18255948606893,1.0256480239519863,0.9415600549047535,1.18255948606893,1.0256480239519863
20210825,0.0187942983552016,0.0102256555879921,0.0028242888844058,0.0187942983552016,0.0102256555879921,0.0,0.0,0.0,0.0,1.2047848618728834,1.0361359473994238,0.9442192925018216,1.2047848618728834,1.0361359473994238
20210826,0.0024139020812809,-0.0049395645411084,-0.0170991752162543,0.0024139020812809,-0.0049395645411084,0.0,0.0,0.0,0.0,1.207693094558454,1.0310178870138818,0.9280739213767653,1.207693094558454,1.0310178870138818
20210827,-0.0077859335122077,-0.0062288949477881,0.0026606631191157,-0.0077859335122077,-0.0062288949477881,0.0,0.0,0.0,0.0,1.1982900764210695,1.0245957849063818,0.9305432134311855,1.1982900764210695,1.0245957849063818
20210830,0.0106981660514625,-0.0024288544423644,-0.0036742192284138,0.0106981660514625,-0.0024288544423644,0.0,0.0,0.0,0.0,1.2111095826364418,1.022107190882584,0.9271241936635266,1.2111095826364418,1.022107190882584
20210831,0.0047817039306242,0.0072007745589501,-0.0004097520999796,0.0047817039306242,0.0072007745589501,0.0,0.0,0.0,0.0,1.216900750088151,1.0294671543392113,0.926744302578231,1.216900750088151,1.0294671543392113
20210901,-0.0134618222692197,-0.0003745092460999,0.0143472022955524,-0.0134618222692197,-0.0003745092460999,0.0,0.0,0.0,0.0,1.2005190484711843,1.029081609371355,0.9400404905635715,1.2005190484711843,1.029081609371355
20210902,0.0278500776992829,0.0072279874379429,-0.0008082440897149,0.0278500776992829,0.0072279874379429,0.0,0.0,0.0,0.0,1.233953597250576,1.0365197983165093,0.9392807083929808,1.233953597250576,1.0365197983165093
20210903,-0.0029433482413597,-0.0011891096005953,-0.0054600606673407,-0.0029433482413597,-0.0011891096005953,0.0,0.0,0.0,0.0,1.230321642100189,1.035287262673124,0.9341521787414924,1.230321642100189,1.035287262673124
20210906,0.0155850794209605,0.0105691295974216,0.0170801138674256,0.0155850794209605,0.0105691295974216,0.0,0.0,0.0,0.0,1.249496302605647,1.046229347922876,0.9501076043239008,1.249496302605647,1.046229347922876
20210907,0.0257867129804861,0.0172097651456828,0.0125949620151941,0.0257867129804861,0.0172097651456828,0.0,0.0,0.0,0.0,1.2817167051311174,1.0642347092891495,0.9620741735107075,1.2817167051311174,1.0642347092891495
20210908,0.0252024458074702,0.0105618279649534,-0.0041461006910169,0.0252024458074702,0.0105618279649534,0.0,0.0,0.0,0.0,1.3140191009327136,1.0754749732029936,0.9580853171151051,1.3140191009327136,1.0754749732029936
20210909,0.0108706022878904,0.0071747014824543,-0.0003965107057889,0.0108706022878904,0.0071747014824543,0.0,0.0,0.0,0.0,1.3283032799776444,1.0831911850875757,0.9577054260298098,1.3283032799776444,1.0831911850875757
20210910,-0.0177578895952527,-0.0112306554219253,0.0097183657278858,-0.0177578895952527,-0.0112306554219253,0.0,0.0,0.0,0.0,1.3047154169827893,1.0710262381317903,0.9670127576195482,1.3047154169827893,1.0710262381317903
20210913,0.0117509422636266,0.0091774714352254,-0.0053034767236299,0.0117509422636266,0.0091774714352254,0.0,0.0,0.0,0.0,1.3200470525182175,1.0808555508386217,0.9618842279680598,1.3200470525182175,1.0808555508386217
20210914,-0.0197652938593995,-0.0126490006172868,-0.0130331753554502,-0.0197652938593995,-0.0126490006172868,0.0,0.0,0.0,0.0,1.2939559346169607,1.067183808308866,0.9493478221533103,1.2939559346169607,1.067183808308866
20210915,0.0016924587634151,0.0045598027014211,-0.0106042416966786,0.0016924587634151,0.0045598027014211,0.0,0.0,0.0,0.0,1.2961459016779762,1.0720499559209056,0.9392807083929811,1.2961459016779762,1.0720499559209056
20210916,-0.0134556760329498,-0.0031082681706667,-0.011324570273003,-0.0134556760329498,-0.0031082681706667,0.0,0.0,0.0,0.0,1.2787053823335617,1.068717737165552,0.9286437580047087,1.2787053823335617,1.068717737165552
20210917,-0.0103307098267269,-0.0096287012419988,0.0079770914297401,-0.0103307098267269,-0.0096287012419988,0.0,0.0,0.0,0.0,1.2654954480747997,1.05842737336236,0.9360516341679697,1.2654954480747997,1.05842737336236
20210922,0.0312399334830213,0.0033495214564476,-0.0066964285714287,0.0312399334830213,0.0033495214564476,0.0,0.0,0.0,0.0,1.3050294416957229,1.0619725985595287,0.9297834312605947,1.3050294416957229,1.0619725985595287
20210923,0.0260151604496336,0.0129642222585682,0.0059244126659858,0.0260151604496336,0.0129642222585682,0.0,0.0,0.0,0.0,1.338979992012933,1.0757402473597637,0.9352918519973787,1.338979992012933,1.0757402473597637
20210924,-0.0386743822327689,-0.0251205253852591,0.0014216084484159,-0.0386743822327689,-0.0251205253852591,0.0,0.0,0.0,0.0,1.2871957679997952,1.0487170871680178,0.9366214707959128,1.2871957679997952,1.0487170871680178
20210927,-0.0484486149443894,-0.0371549327828163,0.00648955587102,-0.0484486149443894,-0.0371549327828163,0.0,0.0,0.0,0.0,1.2248329158779254,1.0097520742860993,0.94269972816064,1.2248329158779254,1.0097520742860993
20210928,0.023573533957472,0.004043881341646,-0.0018134193028411,0.023573533957472,0.004043881341646,0.0,0.0,0.0,0.0,1.2537065562126033,1.013835391858993,0.9409902182768104,1.2537065562126033,1.013835391858993
20210929,-0.0370473338115872,-0.0277210839978347,-0.0066612838110615,-0.0370473338115872,-0.0277210839978347,0.0,0.0,0.0,0.0,1.2072600709228196,0.9857307758012923,0.9347220153694359,1.2072600709228196,0.9857307758012923
20210930,0.0308622712852857,0.016246298591093,0.0028449502133711,0.0308622712852857,0.016246298591093,0.0,0.0,0.0,0.0,1.244518858743533,1.0017452523153898,0.9373812529665039,1.244518858743533,1.0017452523153898
20211008,-0.0047286255969797,0.0165986072713439,0.0143870314083081,-0.0047286255969797,0.0165986072713439,0.0,0.0,0.0,0.0,1.2386339950121543,1.0183728283445064,0.9508673864944922,1.2386339950121543,1.0183728283445064
20211011,-0.0011389404330987,0.0008174586976158,-0.0001997602876548,-0.0011389404330987,0.0008174586976158,0.0,0.0,0.0,0.0,1.2372232646734245,1.0192053060704522,0.9506774409518445,1.2372232646734245,1.0192053060704522
20211012,-0.0197590456858256,-0.0144298119330659,-0.0103896103896102,-0.0197590456858256,-0.0144298119330659,0.0,0.0,0.0,0.0,1.2127769136631759,1.0044983651826727,0.9408002727341632,1.2127769136631759,1.0044983651826727
20211013,-0.0064978103339353,-0.0003697323156855,0.0113062790228146,-0.0064978103339353,-0.0003697323156855,0.0,0.0,0.0,0.0,1.2048965193008172,1.0041269696760113,0.9514372231224358,1.2048965193008172,1.0041269696760113
20211014,-0.0009951969036752,0.0006842152629327,-0.0053902974645637,-0.0009951969036752,0.0006842152629327,0.0,0.0,0.0,0.0,1.20369741001556,1.004814008674586,0.9463086934709475,1.20369741001556,1.004814008674586
20211015,0.0023256993182351,-0.0038919296461749,0.0048173424327577,0.0023256993182351,-0.0038919296461749,0.0,0.0,0.0,0.0,1.2064968482613945,1.0009033432453336,0.9508673864944927,1.2064968482613945,1.0009033432453336
20211018,0.0175500769270619,0.0061903626605584,-0.0115860966839791,0.0175500769270619,0.0061903626605584,0.0,0.0,0.0,0.0,1.2276709607606398,1.0070992979281876,0.9398505450209249,1.2276709607606398,1.0070992979281876
20211019,0.0151698823819995,0.005324590307787,0.0094987873888439,0.0151698823819995,0.005324590307787,0.0,0.0,0.0,0.0,1.2462945848391749,1.012461689088915,0.9487779855253677,1.2462945848391749,1.012461689088915
20211020,-0.0236110393397993,-0.0126281122600532,-0.0028028028028028,-0.0236110393397993,-0.0126281122600532,0.0,0.0,0.0,0.0,1.2168682743675583,0.9996762092200971,0.9461187479282996,1.2168682743675583,0.9996762092200971
20211021,0.0007781507126318,-0.0069996967647054,0.0044167837783577,0.0007781507126318,-0.0069996967647054,0.0,0.0,0.0,0.0,1.2178151812824365,0.9926787788926663,0.9502975498665495,1.2178151812824365,0.9926787788926663
20211022,-0.007957878581184,-0.0084923465582579,0.0065960423745752,-0.007957878581184,-0.0084923465582579,0.0,0.0,0.0,0.0,1.2081239559354682,0.9842486066812814,0.9565657527739242,1.2081239559354682,0.9842486066812814
20211025,0.0127014283656073,0.0038184212157631,0.0033756949960286,0.0127014283656073,0.0038184212157631,0.0,0.0,0.0,0.0,1.2234688558185567,0.9880068824426185,0.9597948269989355,1.2234688558185567,0.9880068824426185
20211026,-0.0214206771862305,-0.0078432174963017,-0.0033643380170196,-0.0214206771862305,-0.0078432174963017,0.0,0.0,0.0,0.0,1.1972613244106605,0.9802577295757781,0.9565657527739242,1.1972613244106605,0.9802577295757781
20211027,-0.0131888417931963,-0.0230531370222383,-0.0131056393963462,-0.0131888417931963,-0.0230531370222383,0.0,0.0,0.0,0.0,1.1814708342178954,0.9576597138187594,0.9440293469591746,1.1814708342178954,0.9576597138187594
20211028,-0.0315952098585673,-0.013451821340703,-0.004225352112676,-0.0315952098585673,-0.013451821340703,0.0,0.0,0.0,0.0,1.1441420152690045,0.9447774464432807,0.9400404905635725,1.1441420152690045,0.9447774464432807
20211029,-0.0003760205083525,0.0110702614495667,0.0064659527177208,-0.0003760205083525,0.0110702614495667,0.0,0.0,0.0,0.0,1.1437117944067956,0.9552363797870619,0.9461187479282998,1.1437117944067956,0.9552363797870619
20211101,0.0177830662528318,0.0086765723309604,-0.0032122063842603,0.0177830662528318,0.0086765723309604,0.0,0.0,0.0,0.0,1.1640504970208767,0.963524557329449,0.9430796192459361,1.1640504970208767,0.963524557329449
20211102,-0.0156721138009488,-0.0112193811103668,-0.0104733131923463,-0.0156721138009488,-0.0112193811103668,0.0,0.0,0.0,0.0,1.1458073651615146,0.9527144081115724,0.9332024510282546,1.1458073651615146,0.9527144081115724
20211103,0.0136981676605056,0.0112611787345631,-0.0040708324852432,0.0136981676605056,0.0112611787345631,0.0,0.0,0.0,0.0,1.1615028265561393,0.9634430953443103,0.9294035401753002,1.1615028265561393,0.9634430953443103
20211104,0.0038797650660955,0.0108509380293009,0.0096055589617822,0.0038797650660955,0.0108509380293009,0.0,0.0,0.0,0.0,1.166009184646783,0.9738973566666492,0.9383309806797433,1.166009184646783,0.9738973566666492
20211105,-0.0141267621302161,-0.004952708788016,-0.0034412955465589,-0.0141267621302161,-0.004952708788016,0.0,0.0,0.0,0.0,1.1495372502536307,0.9690739266696607,0.9351019064547318,1.1495372502536307,0.9690739266696607
20211108,-0.0015494255626828,0.0066137280805131,-0.0008125126955108,-0.0015494255626828,0.0066137280805131,0.0,0.0,0.0,0.0,1.1477561278528317,0.9754831181105691,0.934342124284141,1.1477561278528317,0.9754831181105691
20211109,0.0041417106359416,0.0043707698489379,-0.0004065867046146,0.0041417106359416,0.0043707698489379,0.0,0.0,0.0,0.0,1.1525098016150268,0.9797467303113547,0.9339622331988457,1.1525098016150268,0.9797467303113547
20211110,0.0017738304200373,0.0031461748814065,-0.0050844010575553,0.0017738304200373,0.0031461748814065,0.0,0.0,0.0,0.0,1.1545541585605226,0.9828291848644005,0.9292135946326529,1.1545541585605226,0.9828291848644005
20211111,-0.0002358858654176,0.0064739508563821,0.0163532297628781,-0.0002358858654176,0.0064739508563821,0.0,0.0,0.0,0.0,1.1542818155536592,0.9891919727074306,0.9444092380444705,1.1542818155536592,0.9891919727074306
20211112,0.0067449408715012,-0.0034376395298163,-0.0004022526146421,0.0067449408715012,-0.0034376395298163,0.0,0.0,0.0,0.0,1.1620673781486177,0.9857914872794745,0.944029346959175,1.1620673781486177,0.9857914872794745
20211115,0.0239944003253171,0.0142596255855394,-0.0012072434607645,0.0239944003253171,0.0142596255855394,0.0,0.0,0.0,0.0,1.1899504880249074,0.9998485047934919,0.9428896737032887,1.1899504880249074,0.9998485047934919
20211116,0.0063202209522282,-0.0024301503307858,-0.0008058017727639,0.0063202209522282,-0.0024301503307858,0.0,0.0,0.0,0.0,1.1974712380314365,0.9974187226188324,0.9421298915326978,1.1974712380314365,0.9974187226188324
20211117,0.0102801076263577,0.0143977882627476,-0.0002016129032258,0.0102801076263577,0.0143977882627476,0.0,0.0,0.0,0.0,1.2097813712378676,1.0117793461963984,0.94193994599005,1.2097813712378676,1.0117793461963984
20211118,-0.0158662977671947,-0.0137711795729727,-0.0088727566041539,-0.0158662977671947,-0.0137711795729727,0.0,0.0,0.0,0.0,1.1905866197686024,0.9978459511317029,0.9335823421135505,1.1905866197686024,0.9978459511317029
20211119,0.0141887910838232,0.0097458131246601,0.0111902339776195,0.0141887910838232,0.0097458131246601,0.0,0.0,0.0,0.0,1.2074796045836944,1.0075707712986313,0.9440293469591752,1.2074796045836944,1.0075707712986313
20211122,0.0256680206547857,0.0061917214975991,0.0026156941649899,0.0256680206547857,0.0061917214975991,0.0,0.0,0.0,0.0,1.2384732160143812,1.0138093689036334,0.9464986390135955,1.2384732160143812,1.0138093689036334
20211123,0.0068941217560527,0.0063877654534148,0.0006020469596628,0.0068941217560527,0.0063877654534148,0.0,0.0,0.0,0.0,1.2470114011571947,1.0202853453666643,0.9470684756415386,1.2470114011571947,1.0202853453666643
20211124,0.0031730970311711,0.0062948238966507,0.0022061772964301,0.0031730970311711,0.0062948238966507,0.0,0.0,0.0,0.0,1.2509682893320433,1.026707861940081,0.9491578766106636,1.2509682893320433,1.026707861940081
20211125,0.0043450038033958,0.00232353319693,-0.0038022813688214,0.0043450038033958,0.00232353319693,0.0,0.0,0.0,0.0,1.2564037513071187,1.0290934517408477,0.9455489113003568,1.2564037513071187,1.0290934517408477
20211126,-0.0140359648804078,-0.0056189666525474,-0.0084371233427078,-0.0140359648804078,-0.0056189666525474,0.0,0.0,0.0,0.0,1.2387689123781593,1.023311009953161,0.9375711985091526,1.2387689123781593,1.023311009953161
20211129,-0.0135232446512449,-0.0034867365743601,-0.0014181523500809,-0.0135232446512449,-0.0034867365743601,0.0,0.0,0.0,0.0,1.222016737309713,1.019742994027812,0.9362415797106187,1.222016737309713,1.019742994027812
20211130,0.0012695379188551,0.0041007276693428,-0.0036518563603167,0.0012695379188551,0.0041007276693428,0.0,0.0,0.0,0.0,1.2235681338952034,1.0239246823390402,0.9328225599429595,1.2235681338952034,1.0239246823390402
20211201,0.0036814117131127,0.0190161623836026,0.0026471187130931,0.0036814117131127,0.0190161623836026,0.0,0.0,0.0,0.0,1.2280725919551168,1.0433958003669783,0.93529185199738,1.2280725919551168,1.0433958003669783
20211202,-0.0061795648747702,-0.0026017396668661,0.0020308692120227,-0.0061795648747702,-0.0026017396668661,0.0,0.0,0.0,0.0,1.2204836377022028,1.040681156124922,0.9371913074238573,1.2204836377022028,1.040681156124922
20211203,-0.0059917432526261,-0.0016365229890935,0.0091203891366031,-0.0059917432526261,-0.0016365229890935,0.0,0.0,0.0,0.0,1.2131708131010601,1.0389780574886074,0.9457388568430047,1.2131708131010601,1.0389780574886074
20211206,-0.0033055064608259,-0.007285568917564,-0.0010042177144004,-0.0033055064608259,-0.007285568917564,0.0,0.0,0.0,0.0,1.2091606691402692,1.0314085112469373,0.9447891291297662,1.2091606691402692,1.0314085112469373
20211207,-0.0094386988318374,0.0040038579953578,0.0056292722155206,-0.0094386988318374,0.0040038579953578,0.0,0.0,0.0,0.0,1.1977477657449513,1.0355381244611734,0.9501076043239024,1.1977477657449513,1.0355381244611734
20211208,0.0036067100718633,0.0013015250951422,0.0143942423030789,0.0036067100718633,0.0013015250951422,0.0,0.0,0.0,0.0,1.2020676946752153,1.0368859033171363,0.9637836833945385,1.2020676946752153,1.0368859033171363
20211209,0.0015336941549115,0.0081899881622627,0.0165549862041782,0.0015336941549115,0.0081899881622627,0.0,0.0,0.0,0.0,1.2039112988723468,1.0453779865909207,0.9797391089769472,1.2039112988723468,1.0453779865909207
20211210,0.0040133402143589,0.0060819205813595,-0.0029081039162466,0.0040133402143589,0.0060819205813595,0.0,0.0,0.0,0.0,1.2087430045026324,1.0517358924828684,0.9768899258372313,1.2087430045026324,1.0517358924828684
20211213,-0.0011530720372443,0.0029069463743354,0.0025277075636787,-0.0011530720372443,0.0029069463743354,0.0,0.0,0.0,0.0,1.2073492367439256,1.05479323232228,0.9793592178916516,1.2073492367439256,1.05479323232228
20211214,-0.0006527853631287,0.0043203881050424,-0.0060124127230412,-0.0006527853631287,0.0043203881050424,0.0,0.0,0.0,0.0,1.2065610968339946,1.0593503484564843,0.9734709060695721,1.2065610968339946,1.0593503484564843
20211215,-0.0009550724496809,-0.0003852224769665,-0.0089756097560975,-0.0009550724496809,-0.0003852224769665,0.0,0.0,0.0,0.0,1.2054087435715517,1.0589422628912766,0.964733411107777,1.2054087435715517,1.0589422628912766
20211216,0.0274275909467528,0.0159221189048599,0.0053160070880093,0.0274275909467528,0.0159221189048599,0.0,0.0,0.0,0.0,1.2384702015138713,1.075802867514413,0.9698619407592655,1.2384702015138713,1.075802867514413
20211217,-0.0071894148427975,-0.0006654023712292,-0.0142969056012532,-0.0071894148427975,-0.0006654023712292,0.0,0.0,0.0,0.0,1.229566325464745,1.0750870257353935,0.955995916145982,1.229566325464745,1.0750870257353935
20211220,0.0063741879841876,-0.0032758194653468,-0.0149016491158355,0.0063741879841876,-0.0032758194653468,0.0,0.0,0.0,0.0,1.2374038123622841,1.0715652347295477,0.9417500004474029,1.2374038123622841,1.0715652347295477
20211221,0.0333633629579177,0.0176750249894008,0.0042355788624444,0.0333633629579177,0.0176750249894008,0.0,0.0,0.0,0.0,1.2786877648796382,1.0905051770311656,0.9457388568430048,1.2786877648796382,1.0905051770311656
20211222,-0.0115235820861598,0.0051483632237907,0.0006025306286403,-0.0115235820861598,0.0051483632237907,0.0,0.0,0.0,0.0,1.2639527014584795,1.0961194937799463,0.946308693470948,1.2639527014584795,1.0961194937799463
20211223,-0.0102405633585045,-0.0141413901590773,0.0076274588518665,-0.0102405633585045,-0.0141413901590773,0.0,0.0,0.0,0.0,1.251009113737041,1.0806188403574337,0.9535266240915613,1.251009113737041,1.0806188403574337
20211224,-0.0123237657453684,-0.0066567057867821,-0.0045816733067727,-0.0123237657453684,-0.0066567057867821,0.0,0.0,0.0,0.0,1.2355919704740246,1.0734254786695205,0.9491578766106639,1.2355919704740246,1.0734254786695205
20211227,0.006240718168794,0.0168121230083076,0.0008004802881729,0.006240718168794,0.0168121230083076,0.0,0.0,0.0,0.0,1.2433029517333778,1.091472039857164,0.9499176587812548,1.2433029517333778,1.091472039857164
20211228,-0.0082627955711503,-0.0054277429748096,0.0051989602079582,-0.0082627955711503,-0.0054277429748096,0.0,0.0,0.0,0.0,1.2330297936101973,1.0855478101606282,0.9548562428900954,1.2330297936101973,1.0855478101606282
20211229,-0.0081765073976931,-0.001592577443377,-0.0133280286453153,-0.0081765073976931,-0.001592577443377,0.0,0.0,0.0,0.0,1.2229479163811674,1.0838189912044591,0.942129891532698,1.2229479163811674,1.0838189912044591
20211230,0.0136198774016947,0.0044393436518174,0.007258064516129,0.0136198774016947,0.0044393436518174,0.0,0.0,0.0,0.0,1.2396043170709368,1.0886304361627817,0.948967931068016,1.2396043170709368,1.0886304361627817
20211231,0.0115135453776277,0.0057839054876914,0.0024019215372297,0.0115135453776277,0.0057839054876914,0.0,0.0,0.0,0.0,1.2538765576258362,1.0949269717165715,0.9512472775797887,1.2538765576258362,1.0949269717165715
20220104,0.0382879059548657,0.0153637344334917,-0.003594249201278,0.0382879059548657,0.0153637344334917,0.0,0.0,0.0,0.0,1.301884865343225,1.111749138934092,0.9478282578121296,1.301884865343225,1.111749138934092
20220105,-0.0159235044560956,-0.0114523224536485,-0.0094188376753506,-0.0159235044560956,-0.0114523224536485,0.0,0.0,0.0,0.0,1.2811542958886086,1.0990170293074528,0.9389008173076868,1.2811542958886086,1.0990170293074528
20220106,0.0071948559439001,0.0218979297880394,-0.0113291523366377,0.0071948559439001,0.0218979297880394,0.0,0.0,0.0,0.0,1.290372016489436,1.123083227051087,0.9282638669194144,1.290372016489436,1.123083227051087
20220107,-0.0168479521637687,-0.016099992551815,0.0024554941682013,-0.0168479521637687,-0.016099992551815,0.0,0.0,0.0,0.0,1.268631890482156,1.1050015954604961,0.9305432134311871,1.268631890482156,1.1050015954604961
20220110,0.0296041200213559,0.0138656035932614,0.0026536027760766,0.0296041200213559,0.0138656035932614,0.0,0.0,0.0,0.0,1.3061886212309095,1.1203231095530728,0.9330125054856073,1.3061886212309095,1.1203231095530728
20220111,-0.0019813009927806,0.0090620025132634,-0.0091612377850162,-0.0019813009927806,0.0090620025132634,0.0,0.0,0.0,0.0,1.303600668418906,1.13047548038751,0.92446495606646,1.303600668418906,1.13047548038751
20220112,-0.0022541269434022,0.0091526265064359,0.0106841997123483,-0.0022541269434022,0.0091526265064359,0.0,0.0,0.0,0.0,1.300662187028786,1.1408223002341804,0.9343421242841413,1.300662187028786,1.1408223002341804
20220113,0.0014818919762909,-0.015011084246665,-0.0164667615368976,0.0014818919762909,-0.015011084246665,0.0,0.0,0.0,0.0,1.302589627887609,1.123697320574891,0.918956535329676,1.302589627887609,1.123697320574891
20220114,-0.023430033798641,-0.0102720841752041,-0.0090946672178587,-0.023430033798641,-0.0102720841752041,0.0,0.0,0.0,0.0,1.2720699088804432,1.1121546071104944,0.9105989314531763,1.2720699088804432,1.1121546071104944
20220117,0.016851130711442,0.0068850000496077,0.0085523571130581,0.016851130711442,0.0068850000496077,0.0,0.0,0.0,0.0,1.2935057251890798,1.1198117916356216,0.918386698701733,1.2935057251890798,1.1198117916356216
20220118,-0.0147690072511305,-0.0217200749186314,0.0095139607032059,-0.0147690072511305,-0.0217200749186314,0.0,0.0,0.0,0.0,1.2744019297543834,1.095489395626529,0.9271241936635283,1.2744019297543834,1.095489395626529
20220119,0.0123772995193888,0.0061459666537609,-0.0054001451951545,0.0123772995193888,0.0061459666537609,0.0,0.0,0.0,0.0,1.2901755841470404,1.1022222369215984,0.9221175884038046,1.2901755841470404,1.1022222369215984
20220120,-0.0169098931365086,-0.0234562576006158,0.007949790794979,-0.0169098931365086,-0.0234562576006158,0.0,0.0,0.0,0.0,1.2683588528917813,1.0763682281992384,0.9294482303199855,1.2683588528917813,1.0763682281992384
20220121,-0.0049302962861365,-0.0074870741196883,-0.0070568700705686,-0.0049302962861365,-0.0074870741196883,0.0,0.0,0.0,0.0,1.2621054679498807,1.0683093794946332,0.9228892349212974,1.2621054679498807,1.0683093794946332
20220124,-0.0099701942370859,-0.0076784880631225,0.0004180602006689,-0.0099701942370859,-0.0076784880631225,0.0,0.0,0.0,0.0,1.2495220312867321,1.0601063786764617,0.9232750581800437,1.2495220312867321,1.0601063786764617
20220125,-0.0625149094900943,-0.0446777794495712,-0.022147931466778,-0.0625149094900943,-0.0446777794495712,0.0,0.0,0.0,0.0,1.1714082745949632,1.012743179696871,0.9028264254664867,1.1714082745949632,1.012743179696871
20220126,0.0233116208465034,0.0070339185159064,0.0055555555555557,0.0233116208465034,0.0070339185159064,0.0,0.0,0.0,0.0,1.1987157001487778,1.0198667327003987,0.9078421278301896,1.1987157001487778,1.0198667327003987
20220127,-0.0238599929668599,-0.0331821869197138,-0.0172120696982577,-0.0238599929668599,-0.0331821869197138,0.0,0.0,0.0,0.0,1.1701143519739634,0.9860253241427364,0.8922162858509618,1.1701143519739634,0.9860253241427364
20220128,-0.0122553287736984,0.0041669240084043,-0.0153513513513512,-0.0122553287736984,0.0041669240084043,0.0,0.0,0.0,0.0,1.1557742158876994,0.9901340167388014,0.8785195601654661,1.1557742158876994,0.9901340167388014
20220207,0.0182586850984662,0.0166617858746874,0.0158102766798418,0.0182586850984662,0.0166617858746874,0.0,0.0,0.0,0.0,1.1768771333405197,1.0066314177129474,0.892409197480335,1.1768771333405197,1.0066314177129474
20220208,0.0458124650755839,0.0223434187827274,-0.004755728491137,0.0458124650755839,0.0223434187827274,0.0,0.0,0.0,0.0,1.2307927759099357,1.0291230050387583,0.888165141634125,1.2307927759099357,1.0291230050387583
20220209,0.0076388042967583,0.0080800451333009,0.0084708948740224,0.0076388042967583,0.0080800451333009,0.0,0.0,0.0,0.0,1.2401945610549756,1.0374383653671897,0.8956886951796789,1.2401945610549756,1.0374383653671897
20220210,0.0061485838655846,0.0007812558518404,-0.0023691578720654,0.0061485838655846,0.0007812558518404,0.0,0.0,0.0,0.0,1.247820001323264,1.0382488701610564,0.893566667256574,1.247820001323264,1.0382488701610564
20220211,-0.0114792481116121,-0.0176671780206446,-0.0077720207253885,-0.0114792481116121,-0.0176671780206446,0.0,0.0,0.0,0.0,1.2334959659294422,1.019905942542188,0.8866218485991395,1.2334959659294422,1.019905942542188
20220214,-0.0014361970016272,-0.0007423717059292,-0.0106614447345517,-0.0014361970016272,-0.0007423717059292,0.0,0.0,0.0,0.0,1.231724422721655,1.0191487932277357,0.8771691787598538,1.231724422721655,1.0191487932277357
20220215,0.000784666082685,-0.0001604562990605,0.0092368594677809,0.000784666082685,-0.0001604562990605,0.0,0.0,0.0,0.0,1.2326909150993794,1.0189852643841824,0.8852714671935275,1.2326909150993794,1.0189852643841824
20220216,0.0398160239032847,0.0207108183906449,0.0045761603835259,0.0398160239032847,0.0207108183906449,0.0,0.0,0.0,0.0,1.2817717660403383,1.0400892831375863,0.8893226114103644,1.2817717660403383,1.0400892831375863
20220217,0.0028648356191589,-0.0076161144476691,0.002169197396963,0.0028648356191589,-0.0076161144476691,0.0,0.0,0.0,0.0,1.285443831451323,1.0321678441214164,0.8912517277040962,1.285443831451323,1.0321678441214164
20220218,0.0230066457916444,0.0093081742978183,0.0051948051948051,0.0230066457916444,0.0093081742978183,0.0,0.0,0.0,0.0,1.315017582366578,1.041775442319102,0.8958816068090526,1.315017582366578,1.041775442319102
20220221,0.0272451758563604,0.015070956303346,-0.0036606373815677,0.0272451758563604,0.015070956303346,0.0,0.0,0.0,0.0,1.3508454676523611,1.057475994488192,0.8926021091097084,1.3508454676523611,1.057475994488192
20220222,0.0084517195259168,-0.0082243011721908,-0.0129673654635831,0.0084517195259168,-0.0082243011721908,0.0,0.0,0.0,0.0,1.362262434667815,1.0487789934271592,0.8810274113473177,1.362262434667815,1.0487789934271592
20220223,0.0208447614270725,0.0114320403233612,0.0105101817385593,0.0208447614270725,0.0114320403233612,0.0,0.0,0.0,0.0,1.3906584701195286,1.0607686771703126,0.8902871695572304,1.3906584701195286,1.0607686771703126
20220224,-0.0207488223644743,-0.0196665711535452,-0.0184182015167931,-0.0207488223644743,-0.0196665711535452,0.0,0.0,0.0,0.0,1.361803944553367,1.0399069945032906,0.87388968106051,1.361803944553367,1.0399069945032906
20220225,0.0147488056419159,0.0075025645666437,0.0077262693156734,0.0147488056419159,0.0075025645666437,0.0,0.0,0.0,0.0,1.3818889262539789,1.047708963872856,0.8806415880885715,1.3818889262539789,1.047708963872856
20220228,-0.0126395683749498,-0.006919953589882,0.0013143483022999,-0.0126395683749498,-0.006919953589882,0.0,0.0,0.0,0.0,1.3644224466840056,1.0404588664671526,0.8817990578648104,1.3644224466840056,1.0404588664671526
20220301,0.0045997830504785,0.0100779731402292,0.0083132793699409,0.0045997830504785,0.0100779731402292,0.0,0.0,0.0,0.0,1.370698493927955,1.050944582976922,0.8891296997809913,1.370698493927955,1.050944582976922
20220302,0.0193283726698376,0.0097211328467443,-0.007593838142764,0.0193283726698376,0.0097211328467443,0.0,0.0,0.0,0.0,1.3971918652365798,1.0611609548826069,0.88237779275293,1.3971918652365798,1.0611609548826069
20220303,0.008941055910107,-0.0004010956327364,-0.0063401836466986,0.008941055910107,-0.0004010956327364,0.0,0.0,0.0,0.0,1.4096842358208068,1.060735327857973,0.8767833555011079,1.4096842358208068,1.060735327857973
20220304,0.0045379537907777,-0.0060047339841598,-0.0112211221122113,0.0045379537907777,-0.0060047339841598,0.0,0.0,0.0,0.0,1.4160813177425495,1.0543658943865852,0.8669448624030756,1.4160813177425495,1.0543658943865852
20220307,0.024856485568482,-0.0099735708369958,-0.0329327992879394,0.024856485568482,-0.0099735708369958,0.0,0.0,0.0,0.0,1.4512801225808143,1.0438501014508081,0.8383939412558449,1.4512801225808143,1.0438501014508081
20220308,-0.0287008592488035,-0.0365845059095464,-0.0188679245283016,-0.0287008592488035,-0.0365845059095464,0.0,0.0,0.0,0.0,1.409627136052036,1.0056613612456005,0.8225751876472444,1.409627136052036,1.0056613612456005
20220309,0.0328405296167884,-0.0110989715427042,-0.0093808630393997,0.0328405296167884,-0.0110989715427042,0.0,0.0,0.0,0.0,1.4559200377621815,0.9944995544155384,0.814858722472317,1.4559200377621815,0.9944995544155384
20220310,0.0369245923640474,0.0242220996952032,0.0142045454545454,0.0369245923640474,0.0242220996952032,0.0,0.0,0.0,0.0,1.5096792916711985,1.0185884217694268,0.8264334202347079,1.5096792916711985,1.0185884217694268
20220311,-0.0086177678237691,0.0088226661645769,0.0065359477124182,-0.0086177678237691,0.0088226661645769,0.0,0.0,0.0,0.0,1.4966692260472239,1.0275750873738017,0.8318349458571569,1.4966692260472239,1.0275750873738017
20220314,-0.0410177332900775,-0.024715919384476,-0.0324675324675325,-0.0410177332900775,-0.024715919384476,0.0,0.0,0.0,0.0,1.4352792469097522,1.002177624352775,0.8048273177449115,1.4352792469097522,1.002177624352775
20220315,-0.0335295369453932,-0.0518876102554086,-0.047698945349952,-0.0335295369453932,-0.0518876102554086,0.0,0.0,0.0,0.0,1.3871549983735356,0.9501770223736669,0.7664379034996485,1.3871549983735356,0.9501770223736669
20220316,0.022008088939059,0.0263886079804893,0.043543921469922,0.022008088939059,0.0263886079804893,0.0,0.0,0.0,0.0,1.4176836289500008,0.9752508713291542,0.7998116153812088,1.4176836289500008,0.9752508713291542
20220317,0.0035908333471955,0.0149005012185184,0.0202604920405211,0.0035908333471955,0.0149005012185184,0.0,0.0,0.0,0.0,1.4227742946006074,0.9897825981257554,0.8160161922485561,1.4227742946006074,0.9897825981257554
20220318,-0.0023479464824901,0.0148465454242189,0.0066193853427893,-0.0023479464824901,0.0148465454242189,0.0,0.0,0.0,0.0,1.4194336967002226,1.0044774504289307,0.821417717871005,1.4194336967002226,1.0044774504289307
20220321,0.014681233757909,0.0133454153252502,-0.0014091122592766,0.014681233757909,0.0133454153252502,0.0,0.0,0.0,0.0,1.4402727346053315,1.0178826191897532,0.8202602480947659,1.4402727346053315,1.0178826191897532
20220322,0.0144480213167286,-3.240979841883206e-05,-0.0009407337723422,0.0144480213167286,-3.240979841883206e-05,0.0,0.0,0.0,0.0,1.4610818257768123,1.0178496298192512,0.8194886015772734,1.4610818257768123,1.0178496298192512
20220323,-0.0119507459135633,0.000106813261262,0.0058851224105458,-0.0119507459135633,0.000106813261262,0.0,0.0,0.0,0.0,1.4436208081180286,1.0179583496576865,0.8243113923116027,1.4436208081180286,1.0179583496576865
20220324,0.0154818141431991,-0.0033227057863474,-0.0063187456119818,0.0154818141431991,-0.0033227057863474,0.0,0.0,0.0,0.0,1.465970677162567,1.0145759735590183,0.8191027783185272,1.465970677162567,1.0145759735590183
20220325,-0.0194059925514083,-0.0041307186562816,-0.0181347150259071,-0.0194059925514083,-0.0041307186562816,0.0,0.0,0.0,0.0,1.4375220611209671,1.010385045656823,0.8042485828567919,1.4375220611209671,1.010385045656823
20220328,0.0006978205788298,-0.0021810067851831,-0.0059966418805468,0.0006978205788298,-0.0021810067851831,0.0,0.0,0.0,0.0,1.438525193597739,1.008181389016598,0.7994257921224625,1.438525193597739,1.008181389016598
20220329,0.0094831999871943,0.0018699774782046,-0.0043436293436293,0.0094831999871943,0.0018699774782046,0.0,0.0,0.0,0.0,1.4521670156952438,1.010066665508004,0.7959533827937452,1.4521670156952438,1.010066665508004
20220330,-0.0014164068239786,0.0115292148893488,0.0298109549200193,-0.0014164068239786,0.0115292148893488,0.0,0.0,0.0,0.0,1.4501101564246563,1.0217119411472138,0.8196815132066464,1.4501101564246563,1.0217119411472138
20220331,-0.0213373744703868,-0.0017089325041749,-0.007295834313956,-0.0213373744703868,-0.0017089325041749,0.0,0.0,0.0,0.0,1.4191686129937124,1.0199659044010836,0.813701252696078,1.4191686129937124,1.0199659044010836
20220401,-0.0065876924841845,-0.0108192161033289,0.0120910384068277,-0.0065876924841845,-0.0108192161033289,0.0,0.0,0.0,0.0,1.4098195665881033,1.008930672863341,0.8235397457941102,1.4098195665881033,1.008930672863341
20220406,0.0170717445475208,0.0157086906437536,-0.0028109627547434,0.0170717445475208,0.0157086906437536,0.0,0.0,0.0,0.0,1.4338876460869918,1.0247796526843453,0.8212248062416321,1.4338876460869918,1.0247796526843453
20220407,-0.0176749091518337,-0.0241648764626655,-0.0122151750058725,-0.0176749091518337,-0.0241648764626655,0.0,0.0,0.0,0.0,1.4085438122084677,1.0000159789757748,0.8111934015142268,1.4085438122084677,1.0000159789757748
20220408,0.0127658618507701,-0.0007819153332976,0.0066587395957191,0.0127658618507701,-0.0007819153332976,0.0,0.0,0.0,0.0,1.426525087925878,0.999234051148271,0.8165949271366757,1.426525087925878,0.999234051148271
20220411,-0.0026744335265519,-0.0191730352995092,-0.0311835577604535,-0.0026744335265519,-0.0191730352995092,0.0,0.0,0.0,0.0,1.4227099414042614,0.9800757014131336,0.7911305920594159,1.4227099414042614,0.9800757014131336
20220412,0.0061877794147593,0.0145884326943929,0.0170690075591322,0.0061877794147593,0.0145884326943929,0.0,0.0,0.0,0.0,1.4315133566928562,0.994373469818609,0.8046344061155388,1.4315133566928562,0.994373469818609
20220413,-0.0209436158752775,-0.0227449518469517,-0.007672021098058,-0.0209436158752775,-0.0227449518469517,0.0,0.0,0.0,0.0,1.401532290829952,0.9717564931296985,0.7984612339755971,1.401532290829952,0.9717564931296985
20220414,0.0169309887642403,0.0132012994189852,0.0106305870983327,0.0169309887642403,0.0132012994189852,0.0,0.0,0.0,0.0,1.425261618298714,0.9845849415578466,0.8069493456680169,1.425261618298714,0.9845849415578466
20220415,-0.0269602888618462,-0.024185851230319,-0.0004781257470714,-0.0269602888618462,-0.024185851230319,0.0,0.0,0.0,0.0,1.3868361533656781,0.9607719166377162,0.8065635224092707,1.3868361533656781,0.9607719166377162
20220418,-0.0187644453062402,-0.0001713845071982,-0.0047835446065535,-0.0187644453062402,-0.0001713845071982,0.0,0.0,0.0,0.0,1.3608129422171313,0.9606072552162533,0.802705289821807,1.3608129422171313,0.9606072552162533
20220419,0.0100727203927435,0.0057206459987961,-0.0064888248017301,0.0100727203927435,0.0057206459987961,0.0,0.0,0.0,0.0,1.374520030490911,0.9661025492672208,0.7974966758287313,1.374520030490911,0.9661025492672208
20220420,-0.0279872570057282,-0.0149627509242366,-0.0169327527818093,-0.0279872570057282,-0.0149627509242366,0.0,0.0,0.0,0.0,1.3360509851380407,0.9516469974552654,0.7839928617726087,1.3360509851380407,0.9516469974552654
20220421,-0.0387581524166798,-0.0388951103973129,-0.016732283464567,-0.0387581524166798,-0.0388951103973129,0.0,0.0,0.0,0.0,1.2842681174196053,0.9146325824299715,0.7708748709752323,1.2842681174196053,0.9146325824299715
20220422,-0.0138453686364708,-0.004792550656902,0.0025025025025025,-0.0138453686364708,-0.004792550656902,0.0,0.0,0.0,0.0,1.2664869519058646,0.9102491594462228,0.7728039872689642,1.2664869519058646,0.9102491594462228
20220425,-0.0850040450857304,-0.0774842299490984,-0.0481777333999,-0.0850040450857304,-0.0774842299490984,0.0,0.0,0.0,0.0,1.1588304379455692,0.839719204264718,0.7355720427999403,1.1588304379455692,0.839719204264718
20220426,-0.0259322614292374,-0.0276756434581248,-0.00786782061369,-0.0259322614292374,-0.0276756434581248,0.0,0.0,0.0,0.0,1.128779344076607,0.8164794349625474,0.7297846939187449,1.128779344076607,0.8164794349625474
20220427,0.0365075856363773,0.0238061726910084,0.0280200898757598,0.0365075856363773,0.0238061726910084,0.0,0.0,0.0,0.0,1.1699883526450574,0.8359166853899227,0.750233326632302,1.1699883526450574,0.8359166853899227
20220428,0.0066103059856721,-0.0163469338465956,0.0066855232707638,0.0066103059856721,-0.0163469338465956,0.0,0.0,0.0,0.0,1.1777223336557137,0.8222520106325882,0.7552490289960049,1.1777223336557137,0.8222520106325882
20220429,0.0501924990744592,0.0447786802092762,0.0255427841634736,0.0501924990744592,0.0447786802092762,0.0,0.0,0.0,0.0,1.236835160797698,0.8590713704681393,0.7745401919333229,1.236835160797698,0.8590713704681393
20220505,0.0191470680538785,0.0135787078841286,-0.0037359900373598,0.0191470680538785,0.0135787078841286,0.0,0.0,0.0,0.0,1.2605169277929213,0.8707364496593442,0.7716465174927253,1.2605169277929213,0.8707364496593442
20220506,-0.0224116569537694,-0.0129977452822346,-0.0242500000000001,-0.0224116569537694,-0.0129977452822346,0.0,0.0,0.0,0.0,1.2322666548228072,0.8594188390787146,0.7529340894435266,1.2322666548228072,0.8594188390787146
20220509,0.0379643398841356,0.0133762571725709,-0.0081988214194209,0.0379643398841356,0.0133762571725709,0.0,0.0,0.0,0.0,1.279048844934387,0.8709146464891838,0.7467609173035848,1.279048844934387,0.8709146464891838
20220510,0.0152815841432865,0.011572645647789,0.0116249031258073,0.0152815841432865,0.011572645647789,0.0,0.0,0.0,0.0,1.2985947374816253,0.8809934330824725,0.7554419406253781,1.2985947374816253,0.8809934330824725
20220511,0.0088876811719851,-0.0006058243601172,0.0140449438202248,0.0088876811719851,-0.0006058243601172,0.0,0.0,0.0,0.0,1.3101362334799798,0.8804597057996078,0.7660520802409031,1.3101362334799798,0.8804597057996078
20220512,0.0239281203812172,0.0116089399280918,-0.0050365147318056,0.0239281203812172,0.0116089399280918,0.0,0.0,0.0,0.0,1.341485330990483,0.8906809096333408,0.7621938476534394,1.341485330990483,0.8906809096333408
20220513,0.0254119066801565,0.0121935069007732,0.0078461149076183,0.0254119066801565,0.0121935069007732,0.0,0.0,0.0,0.0,1.3755750310344121,0.901541433451342,0.7681741081640081,1.3755750310344121,0.901541433451342
20220516,0.0204477768151426,0.0030405415782067,-0.0077850326469112,0.0204477768151426,0.0030405415782067,0.0,0.0,0.0,0.0,1.4037024822614865,0.9042826076642269,0.7621938476534394,1.4037024822614865,0.9042826076642269
20220517,-4.410592932637715e-06,-0.0073277548301496,0.0124019235636547,-4.410592932637715e-06,-0.0073277548301496,0.0,0.0,0.0,0.0,1.4036962911012387,0.897656246418095,0.7716465174927253,1.4036962911012387,0.897656246418095
20220518,0.0046841215953523,0.006618200392809,-0.0034999999999999,0.0046841215953523,0.006618200392809,0.0,0.0,0.0,0.0,1.410271375211702,0.9035971153407467,0.7689457546815008,1.410271375211702,0.9035971153407467
20220519,-0.01126881187053,-0.0018393625388548,0.0022579026593074,-0.01126881187053,-0.0018393625388548,0.0,0.0,0.0,0.0,1.3943792923980478,0.9019350726565717,0.7706819593458594,1.3943792923980478,0.9019350726565717
20220520,0.0302916326016013,0.014886082724916,0.021026282853567,0.0302916326016013,0.014886082724916,0.0,0.0,0.0,0.0,1.4366173176306505,0.9153613527606406,0.7868865362132066,1.4366173176306505,0.9153613527606406
20220523,0.0504708402642965,0.0198012313271722,-0.0078450600637411,0.0504708402642965,0.0198012313271722,0.0,0.0,0.0,0.0,1.5091246007897092,0.9334866346546074,0.7807133640732649,1.5091246007897092,0.9334866346546074
20220524,-0.0514342489474288,-0.0483533943173948,-0.0202619224116629,-0.0514342489474288,-0.0483533943173948,0.0,0.0,0.0,0.0,1.4315039103800022,0.8883493873191353,0.764894610464664,1.4315039103800022,0.8883493873191353
20220525,0.0077918462052135,0.0158631397996713,0.0042875157629258,0.0077918462052135,0.0158631397996713,0.0,0.0,0.0,0.0,1.442657968691845,0.9024413978411311,0.7681741081640083,1.442657968691845,0.9024413978411311
20220526,-0.0069440270832723,0.0069479843112381,0.0025113008538422,-0.0069440270832723,0.0069479843112381,0.0,0.0,0.0,0.0,1.4326401126853503,0.9087115465151431,0.77010322445774,1.4326401126853503,0.9087115465151431
20220527,-0.0033025537915831,-0.0032239260806826,0.0025050100200398,-0.0033025537915831,-0.0032239260806826,0.0,0.0,0.0,0.0,1.4279087416492273,0.9057819276605156,0.7720323407514718,1.4279087416492273,0.9057819276605156
20220530,0.0036866523277617,0.0065576386464987,0.0057471264367816,0.0036866523277617,0.0065576386464987,0.0,0.0,0.0,0.0,1.4331729447354598,0.9117217182346423,0.776469308227055,1.4331729447354598,0.9117217182346423
20220531,-0.0071004449836272,0.0178347612164277,0.0159006211180123,-0.0071004449836272,0.0178347612164277,0.0,0.0,0.0,0.0,1.4229967790893427,0.9279820573751885,0.7888156525069385,1.4229967790893427,0.9279820573751885
20220601,0.0088526028061387,0.0085651980734656,-0.0014673514306677,0.0088526028061387,0.0085651980734656,0.0,0.0,0.0,0.0,1.4355940043690354,0.935930407505229,0.7876581827306994,1.4355940043690354,0.935930407505229
20220602,-0.0069742260140035,0.0037590072198672,0.0026940974773452,-0.0069742260140035,0.0037590072198672,0.0,0.0,0.0,0.0,1.4255818473182174,0.9394485766643345,0.7897802106538045,1.4255818473182174,0.9394485766643345
20220606,0.0219074076597785,0.0186239630858509,0.0200293111871028,0.0219074076597785,0.0186239630858509,0.0,0.0,0.0,0.0,1.4568126499997978,0.9569448322771862,0.8055989642624052,1.4568126499997978,0.9569448322771862
20220607,-0.0005330228801531,-0.0029839239177772,0.0014367816091955,-0.0005330228801531,-0.0029839239177772,0.0,0.0,0.0,0.0,1.4560361355252514,0.9540893817041609,0.8067564340386444,1.4560361355252514,0.9540893817041609
20220608,0.0055937986399005,-0.0059631952275578,0.0100430416068866,0.0055937986399005,-0.0059631952275578,0.0,0.0,0.0,0.0,1.4641809084797983,0.9483999604565191,0.8148587224723179,1.4641809084797983,0.9483999604565191
20220609,-0.0070502586676809,-0.0150693894807446,-0.0080492424242424,-0.0070502586676809,-0.0150693894807446,0.0,0.0,0.0,0.0,1.4538580543387356,0.9341081520688771,0.8082997270736297,1.4538580543387356,0.9341081520688771
20220610,0.0038009958211524,0.0118486162930599,0.0138424821002387,0.0038009958211524,0.0118486162930599,0.0,0.0,0.0,0.0,1.459384162727826,0.9451760411389606,0.8194886015772743,1.459384162727826,0.9451760411389606
20220613,0.0004696223635333,-0.000772934548627,-0.0122410546139362,0.0004696223635333,-0.000772934548627,0.0,0.0,0.0,0.0,1.460069522167629,0.9444454819222298,0.8094571968498687,1.460069522167629,0.9444454819222298
20220614,0.0010301415434376,0.0027611629632952,0.009532888465205,0.0010301415434376,0.0027611629632952,0.0,0.0,0.0,0.0,1.4615736004387208,0.9470532498077648,0.817173662024796,1.4615736004387208,0.9470532498077648
20220615,-0.0118991586574865,-0.0011156715936857,0.0115675165250235,-0.0118991586574865,-0.0011156715936857,0.0,0.0,0.0,0.0,1.4441821042775067,0.9459966493992465,0.8266263318640819,1.4441821042775067,0.9459966493992465
20220616,-0.0051243511162779,0.0070016210911658,-0.0063010501750291,-0.0051243511162779,0.0070016210911658,0.0,0.0,0.0,0.0,1.4367816080993439,0.9526201594918525,0.821417717871006,1.4367816080993439,0.9526201594918525
20220617,-0.0031198824499725,-0.0005244962487442,0.0147956787224048,-0.0031198824499725,-0.0005244962487442,0.0,0.0,0.0,0.0,1.4322990183757913,0.952120513791721,0.8335711505215164,1.4322990183757913,0.952120513791721
20220620,-0.0012607612224447,0.0198517470189946,0.0048599861143254,-0.0012607612224447,0.0198517470189946,0.0,0.0,0.0,0.0,1.4304932313144776,0.9710217693631094,0.8376222947383533,1.4304932313144776,0.9710217693631094
20220621,-0.0072261684341719,-0.0058185402130011,-0.0004606172270842,-0.0072261684341719,-0.0058185402130011,0.0,0.0,0.0,0.0,1.4201562462810564,0.9653718401503706,0.8372364714796069,1.4201562462810564,0.9653718401503706
20220622,-0.0006392966527413,-0.0122098739632908,-0.0115207373271889,-0.0006392966527413,-0.0122098739632908,0.0,0.0,0.0,0.0,1.4192483451464393,0.9535847716544245,0.8275908900109478,1.4192483451464393,0.9535847716544245
20220623,0.0099374538908019,0.0119779821851837,0.0174825174825175,0.0099374538908019,0.0119779821851837,0.0,0.0,0.0,0.0,1.4333520601359289,0.9650067930613637,0.8420592622139363,1.4333520601359289,0.9650067930613637
20220624,-0.0017720979911407,0.0046625194294721,0.0109965635738831,-0.0017720979911407,0.0046625194294721,0.0,0.0,0.0,0.0,1.4308120198295646,0.9695061559835848,0.851319020423849,1.4308120198295646,0.9695061559835848
20220627,0.0084753197461815,0.0155255945240248,0.0108769544527531,0.0084753197461815,0.0155255945240248,0.0,0.0,0.0,0.0,1.4429386091943,0.984558315449932,0.8605787786337616,1.4429386091943,0.984558315449932
20220628,0.0114284291533169,0.0130947144960793,0.0116565792423222,0.0114284291533169,0.0130947144960793,0.0,0.0,0.0,0.0,1.4594291308620626,0.9974508254954897,0.8706101833611669,1.4594291308620626,0.9974508254954897
20220629,-0.0118638214677495,-0.0155922589112036,-0.0121870152891646,-0.0118638214677495,-0.0155922589112036,0.0,0.0,0.0,0.0,1.4421147242086823,0.9818983139731702,0.860000043745642,1.4421147242086823,0.9818983139731702
20220630,0.0227272285128005,0.010808659389691,0.0112157918349036,0.0227272285128005,0.010808659389691,0.0,0.0,0.0,0.0,1.474889995087447,0.992511318404218,0.8696456252143011,1.474889995087447,0.992511318404218
20220701,0.000790124247889,0.0015186469017907,-0.003327417923691,0.000790124247889,0.0015186469017907,0.0,0.0,0.0,0.0,1.4760553414355344,0.9940185926429048,0.8667519507737036,1.4760553414355344,0.9940185926429048
20220704,0.0028042384756459,0.0166893455374334,0.0062319163142663,0.0028042384756459,0.0166893455374334,0.0,0.0,0.0,0.0,1.4801945526161706,1.0106081124061557,0.8721534763961524,1.4801945526161706,1.0106081124061557
20220705,0.0116384513893745,-0.0088960268472631,-0.0022119000221189,0.0116384513893745,-0.0088960268472631,0.0,0.0,0.0,0.0,1.497421724963611,1.0016177155061285,0.8702243601024207,1.497421724963611,1.0016177155061285
20220706,-0.0208519640488702,-0.0138916349443289,-0.0130791398802926,-0.0208519640488702,-0.0138916349443289,0.0,0.0,0.0,0.0,1.4661975409886725,0.9877036078485447,0.858842573969403,1.4661975409886725,0.9877036078485447
20220707,0.0129959890429209,0.001290879784892,0.003593890386343,0.0129959890429209,0.001290879784892,0.0,0.0,0.0,0.0,1.485252228166119,0.9889786144693814,0.8619291600393738,1.485252228166119,0.9889786144693814
20220708,0.0064095018177208,0.0044192541682167,-0.0008952551477169,0.0064095018177208,0.0044192541682167,0.0,0.0,0.0,0.0,1.4947719550223235,0.9933491623336523,0.8611575135218812,1.4947719550223235,0.9933491623336523
20220711,-0.0116742510166483,-0.0083667685473676,-0.0170250896057347,-0.0116742510166483,-0.0083667685473676,0.0,0.0,0.0,0.0,1.4773216120067467,0.9850380398056852,0.8464962296895195,1.4773216120067467,0.9850380398056852
20220712,-0.0014746251362488,-0.0115415978791981,-0.0082041932543298,-0.0014746251362488,-0.0115415978791981,0.0,0.0,0.0,0.0,1.475143116423358,0.9736691268545344,0.8395514110320852,1.475143116423358,0.9736691268545344
20220713,0.0046808198134333,0.0110220819140778,0.0016084558823528,0.0046808198134333,0.0110220819140778,0.0,0.0,0.0,0.0,1.4820479955503623,0.9844009877279337,0.8409017924376974,1.4820479955503623,0.9844009877279337
20220714,-0.0162122798834211,-0.0006408447389333,0.0002294104152327,-0.0162122798834211,-0.0006408447389333,0.0,0.0,0.0,0.0,1.4580206186458367,0.9837701395339475,0.8410947040670704,1.4580206186458367,0.9837701395339475
20220715,-0.0471889632202971,-0.0218112661005292,-0.0149082568807339,-0.0471889632202971,-0.0218112661005292,0.0,0.0,0.0,0.0,1.3892181372981234,0.9623128672388179,0.8285554481578137,1.3892181372981234,0.9623128672388179
20220718,0.0274016408976279,0.025005567525256,0.010710128055879,0.0274016408976279,0.025005567525256,0.0,0.0,0.0,0.0,1.427284993824838,0.986376046620981,0.8374293831089801,1.427284993824838,0.986376046620981
20220719,0.0075065289687278,0.0113602637488263,-0.0050679566920066,0.0075065289687278,0.0113602637488263,0.0,0.0,0.0,0.0,1.4379989499776145,0.99758153866612,0.8331853272627701,1.4379989499776145,0.99758153866612
20220720,0.0009897406297343,0.0024818608776943,0.002778420930771,0.0009897406297343,0.0024818608776943,0.0,0.0,0.0,0.0,1.4394221959639226,1.0000573972592455,0.8355002668152482,1.4394221959639226,1.0000573972592455
20220721,-0.0236271509695254,-0.0123927273905363,-0.010390210113138,-0.0236271509695254,-0.0123927273905363,0.0,0.0,0.0,0.0,1.4054127504309972,0.9876639585601223,0.8268192434934549,1.4054127504309972,0.9876639585601223
20220722,-0.0070669897837099,-0.0059782145258485,0.0006999533364442,-0.0070669897837099,-0.0059782145258485,0.0,0.0,0.0,0.0,1.3954807128818056,0.9817594915364012,0.8273979783815745,1.3954807128818056,0.9817594915364012
20220725,-0.0046394618854373,-0.0013345226300019,-0.0041967824667754,-0.0046394618854373,-0.0013345226300019,0.0,0.0,0.0,0.0,1.3890064333025276,0.9804493112777267,0.8239255690528573,1.3890064333025276,0.9804493112777267
20220726,0.0215226690494584,0.0104342655592958,0.0067899789276517,0.0215226690494584,0.0104342655592958,0.0,0.0,0.0,0.0,1.4189015590740663,0.9906795797590271,0.8295200063046797,1.4189015590740663,0.9906795797590271
20220727,-0.0049749333954709,0.0075843409856466,-0.0055813953488372,-0.0049749333954709,0.0075843409856466,0.0,0.0,0.0,0.0,1.4118426183229429,0.9981932314994367,0.8248901271997234,1.4118426183229429,0.9981932314994367
20220728,0.0008311463891043,0.0065807511376191,0.0007015902712816,0.0008311463891043,0.0065807511376191,0.0,0.0,0.0,0.0,1.4130160662171454,1.0047620927431902,0.8254688620878431,1.4130160662171454,1.0047620927431902
20220729,-0.0140595994699856,-0.0039322103852112,-0.0137882682869829,-0.0140595994699856,-0.0039322103852112,0.0,0.0,0.0,0.0,1.3931496262814778,1.000811156807439,0.8140870759548254,1.3931496262814778,1.000811156807439
20220801,-0.006539077591342,-0.0003303860757415,0.0042654028436019,-0.006539077591342,-0.0003303860757415,0.0,0.0,0.0,0.0,1.3840397127788742,1.000480502736783,0.8175594852835428,1.3840397127788742,1.000480502736783
20220802,-0.0514648525553413,-0.0401437534482374,-0.016753185464842,-0.0514648525553413,-0.0401437534482374,0.0,0.0,0.0,0.0,1.3128103130299724,0.9603174601051488,0.8038627595980469,1.3128103130299724,0.9603174601051488
20220803,-0.0026125127342181,-0.009532961664785,-0.0107991360691144,-0.0026125127342181,-0.009532961664785,0.0,0.0,0.0,0.0,1.3093805793695688,0.9511627905719428,0.7951817362762538,1.3093805793695688,0.9511627905719428
20220804,0.0129117148120345,0.0130950933859377,0.0075206210577387,0.0129117148120345,0.0130950933859377,0.0,0.0,0.0,0.0,1.3262869279908052,0.9636183561397115,0.8011619967868222,1.3262869279908052,0.9636183561397115
20220805,0.0079079443433201,0.0104599393487183,0.0156513363833374,0.0079079443433201,0.0104599393487183,0.0,0.0,0.0,0.0,1.3367751312006295,0.9736977457002446,0.8137012526960791,1.3367751312006295,0.9736977457002446
20220808,0.0157128723665056,0.0106618830465251,-0.0033191085822665,0.0157128723665056,0.0106618830465251,0.0,0.0,0.0,0.0,1.357779708219904,0.9840791971875656,0.8110004898848545,1.357779708219904,0.9840791971875656
20220809,0.0055217770152119,-0.0023447756971156,0.0016650808753568,0.0055217770152119,-0.0023447756971156,0.0,0.0,0.0,0.0,1.3652770650044737,0.9817717522019632,0.8123508712904669,1.3652770650044737,0.9817717522019632
20220810,-0.0076552318090943,-0.0033462639932784,-0.0106862977914984,-0.0076552318090943,-0.0033462639932784,0.0,0.0,0.0,0.0,1.3548255525882245,0.978486484737952,0.8036698479686738,1.3548255525882245,0.978486484737952
20220811,0.0294591197586588,0.0153883072888751,0.0211233797407583,0.0294591197586588,0.0153883072888751,0.0,0.0,0.0,0.0,1.3947375207940123,0.9935437354431108,0.8206460713535136,1.3947375207940123,0.9935437354431108
20220812,0.0065977718172855,-0.0017306471106214,0.0002350728725903,0.0065977718172855,-0.0017306471106214,0.0,0.0,0.0,0.0,1.4039396807012179,0.9918242618480901,0.8208389829828867,1.4039396807012179,0.9918242618480901
20220815,-0.0053750382620962,-0.0012088420652006,-0.0023501762632195,-0.0053750382620962,-0.0012088420652006,0.0,0.0,0.0,0.0,1.3963934511997738,0.9906253029590817,0.8189098666891551,1.3963934511997738,0.9906253029590817
20220816,0.0144174749629149,0.0067737880409336,-0.0023557126030624,0.0144174749629149,0.0067737880409336,0.0,0.0,0.0,0.0,1.4165259188208248,0.997335588789312,0.8169807503954233,1.4165259188208248,0.997335588789312
20220817,-0.0114053037817773,-0.0015147293331041,0.009681227863046,-0.0114053037817773,-0.0015147293331041,0.0,0.0,0.0,0.0,1.4003700104019121,0.9958248953180242,0.8248901271997238,1.4003700104019121,0.9958248953180242
20220818,-0.0078655854290298,-0.0075071440266284,-0.0086529466791392,-0.0078655854290298,-0.0075071440266284,0.0,0.0,0.0,0.0,1.3893552804528444,0.9883490944035697,0.8177523969129162,1.3893552804528444,0.9883490944035697
20220819,0.0130987198411525,-0.0091365646868333,-0.0070771408351026,0.0130987198411525,-0.0091365646868333,0.0,0.0,0.0,0.0,1.407554056031322,0.9793189789693784,0.8119650480317209,1.407554056031322,0.9793189789693784
20220822,0.0189693994862014,0.013011673015012,0.0064148253741982,0.0189693994862014,0.013011673015012,0.0,0.0,0.0,0.0,1.4342545112186034,0.9920615573011233,0.8171736620247968,1.4342545112186034,0.9920615573011233
20220823,-0.010318711489915,-0.002021143167568,-0.0033050047214352,-0.010318711489915,-0.002021143167568,0.0,0.0,0.0,0.0,1.4194548527142294,0.9900564588627774,0.8144728992135724,1.4194548527142294,0.9900564588627774
20220824,0.0016119633207275,-0.0167654059062711,-0.0182378019895785,0.0016119633207275,-0.0167654059062711,0.0,0.0,0.0,0.0,1.4217429618722333,0.9734577604598176,0.7996187037518373,1.4217429618722333,0.9734577604598176
20220825,0.0154111964662756,0.0050537259276684,0.0086851628468034,0.0154111964662756,0.0050537259276684,0.0,0.0,0.0,0.0,1.4436537219821908,0.9783773491833434,0.8065635224092719,1.4436537219821908,0.9783773491833434
20220826,-0.0064757200366873,-0.0015533345962363,-0.0014350633819659,-0.0064757200366873,-0.0015533345962363,0.0,0.0,0.0,0.0,1.4343050246487126,0.976857601798683,0.8054060526330329,1.4343050246487126,0.976857601798683
20220829,0.0036935042430624,0.0104294579963854,-0.0059880239520957,0.0036935042430624,0.0104294579963854,0.0,0.0,0.0,0.0,1.4396026363430983,0.9870456971250923,0.8005832618987034,1.4396026363430983,0.9870456971250923
20220830,-0.016612793655384,-0.0045868544979093,-0.0021686746987952,-0.016612793655384,-0.0045868544979093,0.0,0.0,0.0,0.0,1.4156868147997834,0.982518262129592,0.7988470572343448,1.4156868147997834,0.982518262129592
20220831,-0.0197107212279241,-0.0147247796328026,0.0,-0.0197107212279241,-0.0147247796328026,0.0,0.0,0.0,0.0,1.3877826066472172,0.9680508972345296,0.7988470572343448,1.3877826066472172,0.9680508972345296
20220901,0.0074271421723967,0.0047448546615661,-0.0082105771552765,0.0074271421723967,0.0047448546615661,0.0,0.0,0.0,0.0,1.3980898653711653,0.9726441580469061,0.7922880618356566,1.3980898653711653,0.9726441580469061
20220902,-0.0031556504603851,0.0073818407312166,-0.0056001947893841,-0.0031556504603851,0.0073818407312166,0.0,0.0,0.0,0.0,1.393677982443847,0.9798240623097565,0.7878510943600733,1.393677982443847,0.9798240623097565
20220905,0.0121323080270468,0.0051490141235231,-0.0004897159647403,0.0121323080270468,0.0051490141235231,0.0,0.0,0.0,0.0,1.410586513017369,0.9848691902451572,0.787465271101327,1.410586513017369,0.9848691902451572
20220906,0.0162639861231993,0.0142065387686114,0.0071043606075451,0.0162639861231993,0.0142065387686114,0.0,0.0,0.0,0.0,1.4335282724906555,0.998860772578386,0.7930597083531492,1.4335282724906555,0.998860772578386
20220907,-0.0095460704274315,-0.0032153174455139,0.001945998540501,-0.0095460704274315,-0.0032153174455139,0.0,0.0,0.0,0.0,1.4198437106417454,0.9956491181106751,0.7946030013881347,1.4198437106417454,0.9956491181106751
20220908,-0.019857052863438,-0.011041603178788,-0.0043699927166787,-0.019857052863438,-0.011041603178788,0.0,0.0,0.0,0.0,1.3916497990217123,0.9846555556431869,0.7911305920594175,1.3916497990217123,0.9846555556431869
20220909,0.0043695767163618,0.000761250799411,0.0141428919775665,0.0043695767163618,0.000761250799411,0.0,0.0,0.0,0.0,1.3977307195808473,0.9854051254720647,0.8023194665630621,1.3977307195808473,0.9854051254720647
20220913,-0.0033089604558085,0.0041507544564979,0.0033661937965858,-0.0033089604558085,0.0041507544564979,0.0,0.0,0.0,0.0,1.3931056839018854,0.9894953001880736,0.8050202293742867,1.3931056839018854,0.9894953001880736
20220914,-0.0084336043745359,-0.0079549801724099,-0.0110232446681045,-0.0084336043745359,-0.0079549801724099,0.0,0.0,0.0,0.0,1.3813567817119397,0.9816238846943847,0.7961462944231205,1.3813567817119397,0.9816238846943847
20220915,-0.0115631316371966,-0.0159111540749702,-0.0089653501332687,-0.0115631316371966,-0.0159111540749702,0.0,0.0,0.0,0.0,1.3653839714070704,0.9660051158213415,0.7890085641363127,1.3653839714070704,0.9660051158213415
20220916,-0.038165856044988,-0.0343035912467093,-0.02200488997555,-0.038165856044988,-0.0343035912467093,0.0,0.0,0.0,0.0,1.313272923308214,0.9328676711859761,0.7716465174927264,1.313272923308214,0.9328676711859761
20220919,-0.0082758634188107,-0.0161945062468813,-0.00275,-0.0082758634188107,-0.0161945062468813,0.0,0.0,0.0,0.0,1.302404455963293,0.9177603398574412,0.7695244895696214,1.302404455963293,0.9177603398574412
20220920,0.025953997999823,0.0147397162509394,0.0005013787916769,0.025953997999823,0.0147397162509394,0.0,0.0,0.0,0.0,1.3362070586083248,0.9312878668533057,0.7699103128283676,1.3362070586083248,0.9312878668533057
20220921,0.0058278449443427,0.0053146510909834,-0.0075169130543722,0.0058278449443427,0.0053146510909834,0.0,0.0,0.0,0.0,1.3439942661594304,0.9362373369308972,0.7641229639471723,1.3439942661594304,0.9362373369308972
20220922,-0.0010882279263216,-0.0082092764805938,-0.007321383489018,-0.0010882279263216,-0.0082092764805938,0.0,0.0,0.0,0.0,1.3425316940661796,0.9285515057805767,0.75852852669535,1.3425316940661796,0.9285515057805767
20220923,-0.0189554199483918,-0.0221571756096819,-0.0020345879959307,-0.0189554199483918,-0.0221571756096819,0.0,0.0,0.0,0.0,1.3170834420111293,0.9079774270043619,0.7569852336603646,1.3170834420111293,0.9079774270043619
20220926,-0.0304146122528428,-0.0218959711219488,-0.0063710499490314,-0.0304146122528428,-0.0218959711219488,0.0,0.0,0.0,0.0,1.2770248598177212,0.888096379483293,0.7521624429260353,1.2770248598177212,0.888096379483293
20220927,0.0236136591353647,0.0273097508009616,0.0128238009746086,0.0236136591353647,0.0273097508009616,0.0,0.0,0.0,0.0,1.3071800895648436,0.912350070294218,0.7618080243946942,1.3071800895648436,0.912350070294218
20220928,-0.0281044638223424,-0.0240755037869828,-0.0141808052671561,-0.0281044638223424,-0.0240755037869828,0.0,0.0,0.0,0.0,1.270442494028382,0.8903847827217956,0.7510049731497961,1.270442494028382,0.8903847827217956
20220929,0.0031762888266993,-0.0055591874154558,0.000256871307475,0.0031762888266993,-0.0055591874154558,0.0,0.0,0.0,0.0,1.2744777863271284,0.8854349668427752,0.7511978847791694,1.2744777863271284,0.8854349668427752
20220930,0.0029251054477367,-0.0030968454589245,-0.0066769388803287,0.0029251054477367,-0.0030968454589245,0.0,0.0,0.0,0.0,1.278205768242933,0.8826929115865352,0.7461821824154666,1.278205768242933,0.8826929115865352
20221010,0.0009755318978865,-0.0089860399175829,-0.0204239917269906,0.0009755318978865,-0.0089860399175829,0.0,0.0,0.0,0.0,1.2794526987419166,0.8747609978480511,0.7309421636949853,1.2794526987419166,0.8747609978480511
20221011,0.0034590994032927,0.004361385023572,-0.0007917656373713,0.0034590994032927,0.004361385023572,0.0,0.0,0.0,0.0,1.2838784528086762,0.8785761673632704,0.7303634288068658,1.2838784528086762,0.8785761673632704
20221012,0.0174981357062415,0.0294367864978448,0.0163761225567879,0.0174981357062415,0.0294367864978448,0.0,0.0,0.0,0.0,1.3063439322062418,0.9044386264240378,0.7423239498280029,1.3063439322062418,0.9044386264240378
20221013,0.0108298840935364,0.0101247738823085,-0.0085758835758835,0.0108298840935364,0.0101247738823085,0.0,0.0,0.0,0.0,1.3204914855783298,0.9135958630070069,0.735957866058688,1.3204914855783298,0.9135958630070069
20221014,0.0107695467290167,0.0208045163125385,0.0230668414154653,0.0107695467290167,0.0208045163125385,0.0,0.0,0.0,0.0,1.3347125803375344,0.932602783042004,0.752934089443528,1.3347125803375344,0.932602783042004
20221017,0.0065642165102623,0.0103568827692545,-0.0002562131693568,0.0065642165102623,0.0103568827692545,0.0,0.0,0.0,0.0,1.343473922693841,0.9422616407362504,0.752741177814155,1.343473922693841,0.9422616407362504
20221018,0.0029264118571742,0.0060808441257984,-0.0017939518195796,0.0029264118571742,0.0060808441257984,0.0,0.0,0.0,0.0,1.3474054807110165,0.9479913868992866,0.7513907964085427,1.3474054807110165,0.9479913868992866
20221019,-0.0077313692080251,-0.0110512859669867,-0.0151476251604621,-0.0077313692080251,-0.0110512859669867,0.0,0.0,0.0,0.0,1.3369881914667232,0.9375148629884223,0.740009010275525,1.3369881914667232,0.9375148629884223
20221020,-0.0006314917023027,-0.004557230824197,-0.0031282586027111,-0.0006314917023027,-0.004557230824197,0.0,0.0,0.0,0.0,1.3361438945177353,0.9332423913566686,0.7376940707230468,1.3361438945177353,0.9332423913566686
20221021,-0.0032702932960514,-0.0007215760546185,-0.0057531380753138,-0.0032702932960514,-0.0007215760546185,0.0,0.0,0.0,0.0,1.3317743120969339,0.9325689859939107,0.7334500148768369,1.3317743120969339,0.9325689859939107
20221024,-0.0273941377284349,-0.0186765299694444,-0.0257759074171488,-0.0273941377284349,-0.0186765299694444,0.0,0.0,0.0,0.0,1.2952915031681589,0.9151518333784211,0.7145446751982653,1.2952915031681589,0.9151518333784211
20221025,-0.0122512770562263,-0.0084186720399491,-0.0043196544276458,-0.0122512770562263,-0.0084186720399491,0.0,0.0,0.0,0.0,1.27942252809427,0.9074474702264501,0.7114580891282943,1.27942252809427,0.9074474702264501
20221026,0.0176221458426818,0.0158029515076265,0.0075921908893707,0.0176221458426818,0.0158029515076265,0.0,0.0,0.0,0.0,1.3019686984787597,0.9217878185941571,0.7168596147507433,1.3019686984787597,0.9217878185941571
20221027,0.0122529350163494,0.00493280372144,-0.0069967707212056,0.0122529350163494,0.00493280372144,0.0,0.0,0.0,0.0,1.317921636334541,0.9263348169760964,0.7118439123870406,1.317921636334541,0.9263348169760964
20221028,-0.0336715301608829,-0.0405984425344783,-0.0233062330623304,-0.0336715301608829,-0.0405984425344783,0.0,0.0,0.0,0.0,1.2735451982070223,0.888727066141406,0.6952535122609471,1.2735451982070223,0.888727066141406
20221031,0.0081287290649275,0.0111527449623223,-0.010821309655938,0.0081287290649275,0.0111527449623223,0.0,0.0,0.0,0.0,1.2838975020751866,0.898638812451194,0.6877299587153929,1.2838975020751866,0.898638812451194
20221101,0.0313028290971252,0.0259260621179796,0.0387096774193549,0.0313028290971252,0.0259260621179796,0.0,0.0,0.0,0.0,1.324087126160872,0.9219369781244311,0.7143517635688921,1.324087126160872,0.9219369781244311
20221102,0.0170212691602309,0.0113325172444048,0.009181744531461,0.0170212691602309,0.0113325172444048,0.0,0.0,0.0,0.0,1.346624769526853,0.9323848448272807,0.7209107589675803,1.346624769526853,0.9323848448272807
20221103,-0.0152140480932169,-0.0026331298467251,-0.0080278298100081,-0.0152140480932169,-0.0026331298467251,0.0,0.0,0.0,0.0,1.3261371555197543,0.9299297544637317,0.7151234100863848,1.3261371555197543,0.9299297544637317
20221104,0.012526665319656,0.0137597642226787,0.0342595090369572,0.012526665319656,0.0137597642226787,0.0,0.0,0.0,0.0,1.342749231834911,0.9427253686288062,0.739623187016779,1.342749231834911,0.9427253686288062
20221107,0.0086810167004245,0.0122881043104671,0.0,0.0086810167004245,0.0122881043104671,0.0,0.0,0.0,0.0,1.354405660340952,0.9543096762946404,0.739623187016779,1.354405660340952,0.9543096762946404
20221108,0.0039581801343673,0.0038056632755259,-0.0059989567031821,0.0039581801343673,0.0038056632755259,0.0,0.0,0.0,0.0,1.3597666419195882,0.9579414575831939,0.7351862195411958,1.3597666419195882,0.9579414575831939
20221109,0.0089653035943679,0.0128541992814818,-0.0104959328260298,0.0089653035943679,0.0128541992814818,0.0,0.0,0.0,0.0,1.3719573626818915,0.9702550279789616,0.7274697543662686,1.3719573626818915,0.9702550279789616
20221110,0.0153409810666694,0.0004440373421765,-0.005568814638027,0.0153409810666694,0.0004440373421765,0.0,0.0,0.0,0.0,1.393004534607072,0.9706858574428188,0.7234186101494318,1.393004534607072,0.9706858574428188
20221111,0.0099699516983088,0.006900630793875,0.0261333333333333,0.0099699516983088,0.006900630793875,0.0,0.0,0.0,0.0,1.4068927225326295,0.9773842021618677,0.7423239498280035,1.4068927225326295,0.9773842021618677
20221114,0.0088995521432804,0.0161807604615142,0.0005197505197507,0.0088995521432804,0.0161807604615142,0.0,0.0,0.0,0.0,1.4194134376768104,0.9931990218159171,0.74270977308675,1.4194134376768104,0.9931990218159171
20221115,0.0159906008452883,0.0198014701150849,0.0194805194805194,0.0159906008452883,0.0198014701150849,0.0,0.0,0.0,0.0,1.4421107113931388,1.0128658225647365,0.7571781452897386,1.4421107113931388,1.0128658225647365
20221116,-0.0172573613504807,-0.0052203367047271,-0.0073885350318471,-0.0172573613504807,-0.0052203367047271,0.0,0.0,0.0,0.0,1.4172236857392286,1.0075783219342382,0.7515837080379163,1.4172236857392286,1.0075783219342382
20221117,0.0011564890102373,0.0093188711762531,-0.0043634496919917,0.0011564890102373,0.0093188711762531,0.0,0.0,0.0,0.0,1.4188626893568341,1.0169678145163286,0.7483042103385723,1.4188626893568341,1.0169678145163286
20221118,-0.0113101152416427,-0.0047609566697645,-0.0033513792214487,-0.0113101152416427,-0.0047609566697645,0.0,0.0,0.0,0.0,1.4028151888281413,1.0121260748168712,0.745796359156721,1.4028151888281413,1.0121260748168712
20221121,0.0035982365756259,0.0053497036118587,-0.0085359544749095,0.0035982365756259,0.0053497036118587,0.0,0.0,0.0,0.0,1.4078628497494263,1.0175406493349752,0.739430275387406,1.4078628497494263,1.0175406493349752
20221122,-0.010396443818857,-0.0160874812733248,-0.0005217845030003,-0.010396443818857,-0.0160874812733248,0.0,0.0,0.0,0.0,1.3932260827273506,1.0011709831939521,0.7390444521286597,1.3932260827273506,1.0011709831939521
20221123,-0.0138310549759508,-0.0130980807687695,0.000783085356304,-0.0138310549759508,-0.0130980807687695,0.0,0.0,0.0,0.0,1.37395629618322,0.9880575647927294,0.7396231870167793,1.37395629618322,0.9880575647927294
20221124,0.0066712377607785,0.0080396941637332,-0.0046948356807513,0.0066712377607785,0.0080396941637332,0.0,0.0,0.0,0.0,1.3831222853079768,0.996001245429826,0.7361507776880619,1.3831222853079768,0.996001245429826
20221125,0.0070689312457195,-0.0056874973590238,0.005503144654088,0.0070689312457195,-0.0056874973590238,0.0,0.0,0.0,0.0,1.3928994816472413,0.9903364909768594,0.7402019219048988,1.3928994816472413,0.9903364909768594
20221128,0.0149768943720467,0.0049633526518381,-0.0117279124315871,0.0149768943720467,0.0049633526518381,0.0,0.0,0.0,0.0,1.4137607900547506,0.9952518802255613,0.7315208985831056,1.4137607900547506,0.9952518802255613
20221129,0.0168638018235511,0.0181467145049409,0.030590717299578,0.0168638018235511,0.0181467145049409,0.0,0.0,0.0,0.0,1.4376021718441412,1.0133124319565203,0.7538986475903947,1.4376021718441412,1.0133124319565203
20221130,0.0003810748886914,-0.001417152513246,0.0007676560900717,0.0003810748886914,-0.001417152513246,0.0,0.0,0.0,0.0,1.4381500059317593,1.0118764136968696,0.7544773824785144,1.4381500059317593,1.0118764136968696
20221201,0.0021536271638797,0.0091399413029727,0.0115060086934286,0.0021536271638797,0.0091399413029727,0.0,0.0,0.0,0.0,1.4412472448502678,1.0211249047239215,0.7631584058003075,1.4412472448502678,1.0211249047239215
20221202,0.0034463095555718,0.0052809661167582,-0.0058139534883721,0.0034463095555718,0.0052809661167582,0.0,0.0,0.0,0.0,1.446214229002137,1.0265174307467464,0.7587214383247243,1.446214229002137,1.0265174307467464
20221205,0.0136997018033622,0.0187294814246116,0.0180523773201117,0.0136997018033622,0.0187294814246116,0.0,0.0,0.0,0.0,1.4660269326832456,1.0457435698979576,0.7724181640102201,1.4660269326832456,1.0457435698979576
20221206,0.0028274370697111,-0.0058096500496314,0.0057442557442559,0.0028274370697111,-0.0058096500496314,0.0,0.0,0.0,0.0,1.470172031577909,1.0396681657151983,0.7768551314858034,1.470172031577909,1.0396681657151983
20221207,0.0025094330612541,0.0046033902283655,-0.0029798857710455,0.0025094330612541,0.0046033902283655,0.0,0.0,0.0,0.0,1.4738613298796817,1.0444541639899942,0.7745401919333252,1.4738613298796817,1.0444541639899942
20221208,-0.0122342433706041,-0.0010714844727759,0.002241594022416,-0.0122342433706041,-0.0010714844727759,0.0,0.0,0.0,0.0,1.4558297516754115,1.0433350475707528,0.776276396597684,1.4558297516754115,1.0433350475707528
20221209,0.0093925692226671,0.0028066587759427,0.0084493041749502,0.0093925692226671,0.0028066587759427,0.0,0.0,0.0,0.0,1.469503733394441,1.046263333038266,0.7828353919963722,1.469503733394441,1.046263333038266
20221212,-0.0074800606357866,-0.0041272738650715,-0.0103499260719565,-0.0074800606357866,-0.0041272738650715,0.0,0.0,0.0,0.0,1.4585117563641359,1.0419451177278345,0.7747331035626986,1.4585117563641359,1.0419451177278345
20221213,0.008319458248111,0.0059897173661905,-0.0027390438247012,0.008319458248111,0.0059897173661905,0.0,0.0,0.0,0.0,1.4706457840255862,1.0481860744941063,0.7726110756395936,1.4706457840255862,1.0481860744941063
20221214,-0.010748919531202,-0.0043540615842942,0.002496878901373,-0.010748919531202,-0.0043540615842942,0.0,0.0,0.0,0.0,1.4548379308341937,1.0436222077739594,0.7745401919333252,1.4548379308341937,1.0436222077739594
20221215,-0.0096516620857794,-0.0066396291023323,-0.0004981320049812,-0.0096516620857794,-0.0066396291023323,0.0,0.0,0.0,0.0,1.4407963267362076,1.0366929433913832,0.774154368674579,1.4407963267362076,1.0366929433913832
20221216,0.0094784291227158,0.0020272862448305,0.0009967605282832,0.0094784291227158,0.0020272862448305,0.0,0.0,0.0,0.0,1.4544528125994463,1.0387946167356334,0.7749260151920718,1.4544528125994463,1.0387946167356334
20221219,-0.019102893873314,-0.0220963893381473,-0.0144386357978592,-0.019102893873314,-0.0220963893381473,0.0,0.0,0.0,0.0,1.426668554876616,1.0158410064418715,0.7637371406884272,1.426668554876616,1.0158410064418715
20221220,-0.0168647852207051,-0.0134109784232176,-0.0159131093710533,-0.0168647852207051,-0.0134109784232176,0.0,0.0,0.0,0.0,1.4026080961174883,1.0022175846230599,0.7515837080379167,1.4026080961174883,1.0022175846230599
20221221,-0.005795606056534,-0.0048951057323563,-0.0007700205338809,-0.005795606056534,-0.0048951057323563,0.0,0.0,0.0,0.0,1.3944791321406862,0.9973116235795032,0.7510049731497972,1.3944791321406862,0.9973116235795032
20221222,-0.0207681582623024,-0.0093698545976316,0.0020549704597998,-0.0207681582623024,-0.0093698545976316,0.0,0.0,0.0,0.0,1.3655183688309103,0.9879669586780353,0.7525482661847828,1.3655183688309103,0.9879669586780353
20221223,0.0025697105555526,-0.0013319243216111,-0.0025634452704434,0.0025697105555526,-0.0013319243216111,0.0,0.0,0.0,0.0,1.369027355797096,0.9866510614568239,0.750619149891051,1.369027355797096,0.9866510614568239
20221226,0.0071554179599397,0.0072305333751731,0.0023130300693909,0.0071554179599397,0.0072305333751731,0.0,0.0,0.0,0.0,1.3788233187264154,0.9937850748863375,0.7523553545554098,1.3788233187264154,0.9937850748863375
20221227,0.0056837348309617,0.0081362529710118,0.0120512820512819,0.0056837348309617,0.0081362529710118,0.0,0.0,0.0,0.0,1.386660184848803,1.0018707616544287,0.7614222011359493,1.386660184848803,1.0018707616544287
20221228,-0.0173437534990169,-0.009893189064227,-0.0032936407398023,-0.0173437534990169,-0.009893189064227,0.0,0.0,0.0,0.0,1.3626102924158843,0.9919590647914603,0.758914349954098,1.3626102924158843,0.9919590647914603
20221229,0.0076412239268835,-0.0015416586426052,-0.0030503304524656,0.0076412239268835,-0.0015416586426052,0.0,0.0,0.0,0.0,1.3730223027853103,0.990429802526114,0.7565994104016199,1.3730223027853103,0.990429802526114
20221230,-0.0022645833964127,0.005407165291056,0.0040795512493625,-0.0022645833964127,0.005407165291056,0.0,0.0,0.0,0.0,1.3699129792755185,0.9957852201775605,0.7596859964715909,1.3699129792755185,0.9957852201775605
20230103,0.0119663482706128,0.0229849140600654,0.0027932960893852,0.0119663482706128,0.0229849140600654,0.0,0.0,0.0,0.0,1.386305835085962,1.018673257885625,0.7618080243946957,1.386305835085962,1.018673257885625
20230104,0.0061746909294781,0.0090996094331264,0.0012661433274248,0.0061746909294781,0.0090996094331264,0.0,0.0,0.0,0.0,1.39486584515135,1.0279427866723547,0.7627725825415618,1.39486584515135,1.0279427866723547
20230105,-0.0084233995670616,-0.0013829062700996,0.0189681335356599,-0.0084233995670616,-0.0013829062700996,0.0,0.0,0.0,0.0,1.3831163327951932,1.0265212381473618,0.7772409547445503,1.3831163327951932,1.0265212381473618
20230106,-0.0029083630193918,0.0007769467503392,0.0039712087366592,-0.0029083630193918,0.0007769467503392,0.0,0.0,0.0,0.0,1.379093728401375,1.0273187904874945,0.7803275408145213,1.379093728401375,1.0273187904874945
20230109,-0.0034573517380444,0.0038179911387922,0.0061804697156984,-0.0034573517380444,0.0038179911387922,0.0,0.0,0.0,0.0,1.3743257163025602,1.0312410845262905,0.7851503315488508,1.3743257163025602,1.0312410845262905
20230110,-0.0051682190078158,-0.0018029874931496,0.0014742014742012,-0.0051682190078158,-0.0018029874931496,0.0,0.0,0.0,0.0,1.3672229000126352,1.0293817697484675,0.7863078013250898,1.3672229000126352,1.0293817697484675
20230111,0.0060569063295741,-0.0049187277075237,0.0,0.0060569063295741,-0.0049187277075237,0.0,0.0,0.0,0.0,1.3755040410496604,1.024318521115986,0.7863078013250898,1.3755040410496604,1.024318521115986
20230112,-0.0038114838391928,-0.0060306590251983,0.0014720314033367,-0.0038114838391928,-0.0060306590251983,0.0,0.0,0.0,0.0,1.3702613296264552,1.01814120538194,0.787465271101329,1.3702613296264552,1.01814120538194
20230113,0.0146348532990187,0.0102807629769546,0.0151886330230279,0.0146348532990187,0.0102807629769546,0.0,0.0,0.0,0.0,1.3903149031668565,1.0286084737915426,0.7994257921224663,1.3903149031668565,1.0286084737915426
20230116,0.0018671688423556,0.0110359513283948,0.0154738427103571,0.0018671688423556,0.0110359513283948,0.0,0.0,0.0,0.0,1.3929108558351122,1.0399601468442805,0.811795981088372,1.3929108558351122,1.0399601468442805
20230117,-0.0153679951542212,-0.0074596738286825,-0.0009654839488292,-0.0153679951542212,-0.0074596738286825,0.0,0.0,0.0,0.0,1.371504608552376,1.0322023833539935,0.8110122050989071,1.371504608552376,1.0322023833539935
20230118,0.0049866279303011,-0.001287339748748,-0.0021744382701136,0.0049866279303011,-0.001287339748748,0.0,0.0,0.0,0.0,1.37834379173992,1.0308735881971496,0.8092487091226108,1.37834379173992,1.0308735881971496
20230119,0.0021507244182815,0.0021592408597482,0.0067796610169492,0.0021507244182815,0.0021592408597482,0.0,0.0,0.0,0.0,1.3813082293896017,1.03309949257002,0.8147351410488659,1.3813082293896017,1.03309949257002
20230120,0.0101378772682585,0.0078570136453309,0.0055315055315054,0.0101378772682585,0.0078570136453309,0.0,0.0,0.0,0.0,1.395311762688789,1.0412165693801272,0.8192418529882897,1.395311762688789,1.0412165693801272
20230130,0.0043713673356948,0.016169230863156,0.0057402535278641,0.0043713673356948,0.016169230863156,0.0,0.0,0.0,0.0,1.4014111829513176,1.0580522404689778,0.8239445089250796,1.4014111829513176,1.0580522404689778
20230131,0.0049622035547292,0.0074673247898998,-0.0109393579072533,0.0049622035547292,0.0074673247898998,0.0,0.0,0.0,0.0,1.4083652705049958,1.0659530601932408,0.8149310850462321,1.4083652705049958,1.0659530601932408
20230201,0.0049633100143583,0.0073158379795395,0.0074537148352971,0.0049633100143583,0.0073158379795395,0.0,0.0,0.0,0.0,1.4153554239559676,1.073751400075409,0.821005348964586,1.4153554239559676,1.073751400075409
20230202,0.0024954993570609,0.0045376323789548,-0.0023866348448688,0.0024954993570609,0.0045376323789548,0.0,0.0,0.0,0.0,1.4188874425064624,1.0786236891953391,0.8190459089909234,1.4188874425064624,1.0786236891953391
20230203,-0.0079313675456587,-0.0042985121860799,-0.0102870813397129,-0.0079313675456587,-0.0042985121860799,0.0,0.0,0.0,0.0,1.407633724694024,1.0739872121231384,0.8106203171041747,1.407633724694024,1.0739872121231384
20230206,-0.0012028407167029,-0.0026949154519027,-0.0137781000725163,-0.0012028407167029,-0.0026949154519027,0.0,0.0,0.0,0.0,1.405940565535758,1.071092907390042,0.7994515092542984,1.405940565535758,1.071092907390042
20230207,0.000413875260711,0.0090075158339802,0.0024509803921568,0.000413875260711,0.0090075158339802,0.0,0.0,0.0,0.0,1.4065224495538633,1.0807407937130216,0.8014109492279609,1.4065224495538633,1.0807407937130216
20230208,-0.0064324806111286,-0.0019438178522365,-0.0041564792176037,-0.0064324806111286,-0.0019438178522365,0.0,0.0,0.0,0.0,1.397475021167991,1.078640030464562,0.7980799012727349,1.397475021167991,1.078640030464562
20230209,0.0054627425790645,0.0055979288432648,0.0132580407561992,0.0054627425790645,0.0055979288432648,0.0,0.0,0.0,0.0,1.4051090674693045,1.0846781806025996,0.8086608771305123,1.4051090674693045,1.0846781806025996
20230210,0.0007893648009539,0.0029266933373178,-0.0058153622486067,0.0007893648009539,0.0029266933373178,0.0,0.0,0.0,0.0,1.4062182111086658,1.0878527010069032,0.8039582211937223,1.4062182111086658,1.0878527010069032
20230213,0.0079490417061341,0.0172720828947577,0.0077991713380454,0.0079490417061341,0.0172720828947577,0.0,0.0,0.0,0.0,1.417396298316694,1.1066421830359805,0.8102284291094424,1.417396298316694,1.1066421830359805
20230214,0.0049679494832757,0.0057525779644532,0.0021765417170496,0.0049679494832757,0.0057525779644532,0.0,0.0,0.0,0.0,1.4244378515245133,1.1130082284726477,0.8119919250857387,1.4244378515245133,1.1130082284726477
20230215,-0.0081122364559376,-0.0064024737699809,-0.0067567567567569,-0.0081122364559376,-0.0064024737699809,0.0,0.0,0.0,0.0,1.4128824748561586,1.1058822224840785,0.8065054931594836,1.4128824748561586,1.1058822224840785
20230216,-0.0159791241633261,-0.02355443558467,-0.0070456754130222,-0.0159791241633261,-0.02355443558467,0.0,0.0,0.0,0.0,1.3903058503622445,1.0798337909103457,0.8008231172358625,1.3903058503622445,1.0798337909103457
20230217,0.0073841749508762,0.0034714073087571,-0.014191338390017,0.0073841749508762,0.0034714073087571,0.0,0.0,0.0,0.0,1.4005721119965462,1.0835823338243549,0.7894583653886201,1.4005721119965462,1.0835823338243549
20230220,0.0085987577929243,0.0138748765175711,0.026061057334326,0.0085987577929243,0.0138748765175711,0.0,0.0,0.0,0.0,1.4126152923591289,1.0986169049027894,0.8100324851120763,1.4126152923591289,1.0986169049027894
20230221,0.003915854436842,0.0034359340021795,0.0012094823415578,0.003915854436842,0.0034359340021795,0.0,0.0,0.0,0.0,1.4181468882192643,1.102391680081714,0.8110122050989075,1.4181468882192643,1.102391680081714
20230222,-0.0015767696569403,0.002931127238013,-0.0096641700893935,-0.0015767696569403,0.002931127238013,0.0,0.0,0.0,0.0,1.4159107972368359,1.1056229303621603,0.8031744452042576,1.4159107972368359,1.1056229303621603
20230223,-0.0001219569284353,-0.0029526925274067,0.0,-0.0001219569284353,-0.0029526925274067,0.0,0.0,0.0,0.0,1.4157381171050665,1.1023583657975504,0.8031744452042576,1.4157381171050665,1.1023583657975504
20230224,0.0011774634790834,-0.0020467170137964,-0.0095145157355452,0.0011774634790834,-0.0020467170137964,0.0,0.0,0.0,0.0,1.4174050970339038,1.1001021501749717,0.795532629306974,1.4174050970339038,1.1001021501749717
20230227,0.0015614503725879,-0.0027998147205583,-0.0036945812807881,0.0015614503725879,-0.0027998147205583,0.0,0.0,0.0,0.0,1.4196183047507753,1.0970220679807938,0.7925934693464802,1.4196183047507753,1.0970220679807938
20230228,0.0114169203164527,0.0119030229550514,0.0064276885043261,0.0114169203164527,0.0119030229550514,0.0,0.0,0.0,0.0,1.4358259738158925,1.1100799468381672,0.7976880132780026,1.4358259738158925,1.1100799468381672
20230301,0.0045763308158147,0.0055939867031134,0.0120363547040041,0.0045763308158147,0.0055939867031134,0.0,0.0,0.0,0.0,1.4423967884660132,1.1162897193001728,0.807289269148949,1.4423967884660132,1.1162897193001728
20230302,-0.0025166659312417,-0.0017120309415682,-0.0012135922330096,-0.0025166659312417,-0.0017120309415682,0.0,0.0,0.0,0.0,1.4387667576091483,1.1143785967609765,0.8063095491621178,1.4387667576091483,1.1143785967609765
20230303,8.93343337591754e-05,-0.0018240585450527,0.0021871202916159,8.93343337591754e-05,-0.0018240585450527,0.0,0.0,0.0,0.0,1.4388952888788742,1.1123459049591307,0.808073045138414,1.4388952888788742,1.1123459049591307
20230306,-0.0020022193123154,-0.0032411034175458,-0.0060620756547041,-0.0020022193123154,-0.0032411034175458,0.0,0.0,0.0,0.0,1.4360143049430814,1.1087406768450745,0.8031744452042578,1.4360143049430814,1.1087406768450745
20230307,-0.0198334512138001,-0.0235101090551711,-0.0139058306904122,-0.0198334512138001,-0.0235101090551711,0.0,0.0,0.0,0.0,1.4075331852836737,1.0826740626185425,0.7920056373543817,1.4075331852836737,1.0826740626185425
20230308,0.0003986061053867,0.0033331915728862,-0.0039584364176151,0.0003986061053867,0.0033331915728862,0.0,0.0,0.0,0.0,1.408094236604862,1.0862828226802452,0.7888705333965217,1.408094236604862,1.0862828226802452
20230309,-0.0026500130111206,-0.0039959925888893,-0.0024838549428712,-0.0026500130111206,-0.0039959925888893,0.0,0.0,0.0,0.0,1.4043627685569753,1.0819420445713772,0.7869110934228594,1.4043627685569753,1.0819420445713772
20230310,-0.0096642219110806,-0.0145874108868145,-0.0136952191235059,-0.0096642219110806,-0.0145874108868145,0.0,0.0,0.0,0.0,1.3907906951179811,1.0661593114114944,0.7761341735677156,1.3907906951179811,1.0661593114114944
20230313,-0.0003586072702322,0.0048566045437353,0.0111083059833376,-0.0003586072702322,0.0048566045437353,0.0,0.0,0.0,0.0,1.3902919474633406,1.0713372255676412,0.7847557094518307,1.3902919474633406,1.0713372255676412
20230314,-0.018779884062273,-0.0186342221733603,-0.0062421972534332,-0.018779884062273,-0.0186342221733603,0.0,0.0,0.0,0.0,1.3641824258772672,1.0513736896838224,0.7798571095176744,1.3641824258772672,1.0513736896838224
20230315,0.017397284207047,0.0144368822961477,-0.0002512562814069,0.017397284207047,0.0144368822961477,0.0,0.0,0.0,0.0,1.3879154952505128,1.066552247891054,0.7796611655203083,1.3879154952505128,1.066552247891054
20230316,-0.0147711302111467,-0.0150129586641856,-0.0115606936416186,-0.0147711302111467,-0.0150129586641856,0.0,0.0,0.0,0.0,1.3674144147480993,1.0505401430802714,0.7706477416414607,1.3674144147480993,1.0505401430802714
20230317,0.0141106668055983,0.0019501584581701,0.0053394355453852,0.0141106668055983,0.0019501584581701,0.0,0.0,0.0,0.0,1.386709543939782,1.0525888628259465,0.774762565586152,1.386709543939782,1.0525888628259465
20230320,-0.0240237220986379,-0.0152989914861998,-0.005563985837127,-0.0240237220986379,-0.0152989914861998,0.0,0.0,0.0,0.0,1.353395619224644,1.0364853147751036,0.7704517976440944,1.353395619224644,1.0364853147751036
20230321,0.0040124193990276,0.0167685319922854,0.0109359104781281,0.0040124193990276,0.0167685319922854,0.0,0.0,0.0,0.0,1.35882601006178,1.0538656519354441,0.7788773895308432,1.35882601006178,1.0538656519354441
20230322,0.0126497282838348,0.0033714636968695,0.0045283018867923,0.0126497282838348,0.0033714636968695,0.0,0.0,0.0,0.0,1.3760147898740687,1.0574187217223223,0.7824043814834356,1.3760147898740687,1.0574187217223223
20230323,-0.0068104092581497,-0.0062688407867868,0.0095166541447533,-0.0068104092581497,-0.0062688407867868,0.0,0.0,0.0,0.0,1.3666435660097593,1.0507899321108776,0.7898502533833531,1.3666435660097593,1.0507899321108776
20230324,0.0051496791926866,-0.0008083049101634,-0.0012403870007442,0.0051496791926866,-0.0008083049101634,0.0,0.0,0.0,0.0,1.3736813419454588,1.0499405734492022,0.7888705333965219,1.3736813419454588,1.0499405734492022
20230327,-0.0014017641888227,-0.0003784091739476,-0.0052160953800297,-0.0014017641888227,-0.0003784091739476,0.0,0.0,0.0,0.0,1.3717557646334657,1.0495432663041093,0.7847557094518308,1.3717557646334657,1.0495432663041093
20230328,-0.0094038368014471,-0.0051342630929868,-0.0019975031210985,-0.0094038368014471,-0.0051342630929868,0.0,0.0,0.0,0.0,1.3588559972914083,1.0441546350474313,0.7831881574729009,1.3588559972914083,1.0441546350474313
20230329,-0.0085455595872241,-0.0071940305919351,0.0,-0.0085455595872241,-0.0071940305919351,0.0,0.0,0.0,0.0,1.3472438123960977,1.0366429546601892,0.7831881574729009,1.3472438123960977,1.0366429546601892
20230330,-0.0067552683682671,-0.0032264993523652,0.0107580685514134,-0.0067552683682671,-0.0032264993523652,0.0,0.0,0.0,0.0,1.3381428188858748,1.0332982268383442,0.7916137493596496,1.3381428188858748,1.0332982268383442
20230331,0.0099322931505881,0.0103096227851258,0.0024752475247524,0.0099322931505881,0.0103096227851258,0.0,0.0,0.0,0.0,1.3514336456404037,1.0439511417815868,0.7935731893333121,1.3514336456404037,1.0439511417815868
20230403,0.0017385681414825,0.0105704785038481,0.0074074074074073,0.0017385681414825,0.0105704785038481,0.0,0.0,0.0,0.0,1.3537832051220418,1.0549862048848566,0.7994515092542995,1.3537832051220418,1.0549862048848566
20230404,-0.0046230602449593,-0.0131127680342222,0.0049019607843137,-0.0046230602449593,-0.0131127680342222,0.0,0.0,0.0,0.0,1.3475245838061485,1.041152415500897,0.8033703892016245,1.3475245838061485,1.041152415500897
20230406,-0.0092233719978977,-0.0003820953848033,-0.0029268292682925,-0.0092233719978977,-0.0003820953848033,0.0,0.0,0.0,0.0,1.335095863293392,1.0407545959680575,0.8010190612332297,1.335095863293392,1.0407545959680575
20230407,0.0018585075933221,0.0030443811875587,0.0070939334637962,0.0018585075933221,0.0030443811875587,0.0,0.0,0.0,0.0,1.3375771490931359,1.043923049680888,0.8067014371568508,1.3375771490931359,1.043923049680888
20230410,-0.0033184259690448,-0.013998614011239,-0.0036434296818069,-0.0033184259690448,-0.013998614011239,0.0,0.0,0.0,0.0,1.3331384983459844,1.0293095738509697,0.8037622771963573,1.3331384983459844,1.0293095738509697
20230411,-0.0001924986457661,0.0007382660452279,-0.0024378352023405,-0.0001924986457661,0.0007382660452279,0.0,0.0,0.0,0.0,1.3328818709904342,1.030069478159372,0.8018028372226946,1.3328818709904342,1.030069478159372
20230412,0.0023436874049342,0.0031140070645551,-0.0009775171065492,0.0023436874049342,0.0031140070645551,0.0,0.0,0.0,0.0,1.3360057294437397,1.0332771217913428,0.8010190612332297,1.3360057294437397,1.0332771217913428
20230413,0.0056559284556263,-0.0006476312991855,-0.0061154598825833,0.0056559284556263,-0.0006476312991855,0.0,0.0,0.0,0.0,1.3435620822657803,1.0326079391865384,0.7961204612990733,1.3435620822657803,1.0326079391865384
20230414,-0.0011890291581784,0.0067482712371401,0.0051685946345063,-0.0011890291581784,0.0067482712371401,0.0,0.0,0.0,0.0,1.3419645477741433,1.0395762576417933,0.8002352852437644,1.3419645477741433,1.0395762576417933
20230417,0.0135430793585993,0.005201367009386,0.0149363369245838,0.0135430793585993,0.005201367009386,0.0,0.0,0.0,0.0,1.3601388801410754,1.0449834752920322,0.8121878690831057,1.3601388801410754,1.0449834752920322
20230418,0.0014882985125426,0.002769300444514,0.0016887816646562,0.0014882985125426,0.002769300444514,0.0,0.0,0.0,0.0,1.3621631728132408,1.0478773484946682,0.8135594770646695,1.3621631728132408,1.0478773484946682
20230419,-0.0053834414092958,-0.004867859059578,-0.0079479768786127,-0.0053834414092958,-0.004867859059578,0.0,0.0,0.0,0.0,1.3548300471825003,1.0427764292504718,0.8070933251515833,1.3548300471825003,1.0427764292504718
20230420,-0.0086676991243767,-0.0069135054596027,-0.0038844379703812,-0.0086676991243767,-0.0069135054596027,0.0,0.0,0.0,0.0,1.3430867879688573,1.0355671887137037,0.8039582211937233,1.3430867879688573,1.0355671887137037
20230421,-0.0044961216933986,-0.0134490107535313,-0.0177918596149158,-0.0044961216933986,-0.0134490107535313,0.0,0.0,0.0,0.0,1.3370481063253534,1.0216398344566888,0.7896543093859871,1.3370481063253534,1.0216398344566888
20230424,0.0046896001976888,-0.0007203653194668,-0.0126550868486351,0.0046896001976888,-0.0007203653194668,0.0,0.0,0.0,0.0,1.3433183273890963,1.0209038805509605,0.7796611655203085,1.3433183273890963,1.0209038805509605
20230425,-0.0144232885654982,-0.0165006425687077,-0.0047750691128425,-0.0144232885654982,-0.0165006425687077,0.0,0.0,0.0,0.0,1.3239432595178409,1.0040583105209824,0.7759382295703496,1.3239432595178409,1.0040583105209824
20230426,0.0109133278569399,0.0064432853740762,-0.0022727272727273,0.0109133278569399,0.0064432853740762,0.0,0.0,0.0,0.0,1.338391886372945,1.0105277447478818,0.7741747335940533,1.338391886372945,1.0105277447478818
20230427,0.0062177655159524,0.0028099493072282,0.0088585168311821,0.0062177655159524,0.0028099493072282,0.0,0.0,0.0,0.0,1.346713693290865,1.013367276484171,0.7810327735018722,1.346713693290865,1.013367276484171
20230428,0.0106993201236802,0.0166649062923995,0.0097842448569995,0.0106993201236802,0.0166649062923995,0.0,0.0,0.0,0.0,1.3611226142103277,1.0302549471865639,0.788674589399156,1.3611226142103277,1.0302549471865639
20230504,0.0058572260276881,0.0123334323230745,0.0,0.0058572260276881,0.0123334323230745,0.0,0.0,0.0,0.0,1.3690950170131553,1.0429615268532022,0.788674589399156,1.3690950170131553,1.0429615268532022
20230505,-0.0037977278781386,-0.0078564100236737,-0.0039751552795032,-0.0037977278781386,-0.0078564100236737,0.0,0.0,0.0,0.0,1.3638955666992238,1.0347675934593268,0.7855394854412959,1.3638955666992238,1.0347675934593268
20230508,0.0027807924531946,-0.0030575169214455,0.0112247443252682,0.0027807924531946,-0.0030575169214455,0.0,0.0,0.0,0.0,1.3676882771980468,1.0316037740325614,0.7943569653227772,1.3676882771980468,1.0316037740325614
20230509,-0.011990360460786,-0.0149782655590317,-0.0086334484459792,-0.011990360460786,-0.0149782655590317,0.0,0.0,0.0,0.0,1.3512892017564506,1.0161521387534025,0.7874989254149585,1.3512892017564506,1.0161521387534025
20230510,0.0030476325015289,0.0006576819175157,-0.0077133615327197,0.0030476325015289,0.0006576819175157,0.0,0.0,0.0,0.0,1.3554074346466887,1.0168204436405055,0.7814246614966046,1.3554074346466887,1.0168204436405055
20230511,0.0049542293387085,0.0059536569738478,-0.0012537612838515,0.0049542293387085,0.0059536569738478,0.0,0.0,0.0,0.0,1.362122433925319,1.0228742437659368,0.7804449415097734,1.362122433925319,1.0228742437659368
20230512,-0.0064049251385227,-0.0099952396533457,-0.012804418779814,-0.0064049251385227,-0.0099952396533457,0.0,0.0,0.0,0.0,1.353398141706525,1.0126503705642615,0.7704517976440949,1.353398141706525,1.0126503705642615
20230515,-0.0062685447171127,0.0016765493610149,0.0160223804679551,-0.0062685447171127,0.0016765493610149,0.0,0.0,0.0,0.0,1.3449143049351804,1.0143481288959626,0.7827962694781685,1.3449143049351804,1.0143481288959626
20230516,-0.0056912921518733,-0.0061585883678974,-0.0042553191489361,-0.0056912921518733,-0.0061585883678974,0.0,0.0,0.0,0.0,1.3372600047065608,1.0081011763083454,0.7794652215229423,1.3372600047065608,1.0081011763083454
20230517,0.0054444582098972,0.0107067349458744,-0.006787330316742,0.0054444582098972,0.0107067349458744,0.0,0.0,0.0,0.0,1.3445406609179524,1.0188946484017032,0.7741747335940536,1.3445406609179524,1.0188946484017032
20230518,-0.0037972242524907,0.0006853659030617,-0.0002531004808908,-0.0037972242524907,0.0006853659030617,0.0,0.0,0.0,0.0,1.3394351385118548,1.0195929640525296,0.7739787895966875,1.3394351385118548,1.0195929640525296
20230519,-0.0024934365629907,0.000649693748158,-0.0015189873417722,-0.0024934365629907,0.000649693748158,0.0,0.0,0.0,0.0,1.3360953419637347,1.0202553872269404,0.77280312561249,1.3360953419637347,1.0202553872269404
20230522,-0.0078885654551642,0.0019809881579714,0.0050709939148072,-0.0078885654551642,0.0019809881579714,0.0,0.0,0.0,0.0,1.3255554664043137,1.0222765010671435,0.776722005559815,1.3255554664043137,1.0222765010671435
20230523,0.0002542292199687,-0.002637507973343,-0.0143794147325931,0.0002542292199687,-0.002637507973343,0.0,0.0,0.0,0.0,1.325892461336563,1.0195802386446178,0.7655531977099389,1.325892461336563,1.0195802386446178
20230524,-0.0134173198502433,-0.0080034970316824,-0.0135653954440748,-0.0134173198502433,-0.0080034970316824,0.0,0.0,0.0,0.0,1.308102538095784,1.0114200312310635,0.7551681658495276,1.308102538095784,1.0114200312310635
20230525,-0.0060848485080107,-0.0025781585886056,-0.0023352361183185,-0.0060848485080107,-0.0025781585886056,0.0,0.0,0.0,0.0,1.300142932318527,1.0088124299908574,0.7534046698732314,1.300142932318527,1.0088124299908574
20230526,-0.0025328660930778,0.0020460960019173,0.0013003901170351,-0.0025328660930778,0.0020460960019173,0.0,0.0,0.0,0.0,1.2968498443691026,1.0108765570705462,0.7543843898600627,1.2968498443691026,1.0108765570705462
20230529,-0.0057643160524832,-0.0045602744092561,-0.0041558441558442,-0.0057643160524832,-0.0045602744092561,0.0,0.0,0.0,0.0,1.2893743919935454,1.0062666825764206,0.7512492859022026,1.2893743919935454,1.0062666825764206
20230530,0.0123595245020051,0.0014123578483444,0.0010432968179447,0.0123595245020051,0.0014123578483444,0.0,0.0,0.0,0.0,1.3053104463836476,1.0076878912230849,0.7520330618916677,1.3053104463836476,1.0076878912230849
20230531,-0.0081458540216749,-0.003338131111416,-0.0093798853569568,-0.0081458540216749,-0.003338131111416,0.0,0.0,0.0,0.0,1.294677578034439,1.004324096922796,0.7449790779864828,1.294677578034439,1.004324096922796
20230601,-0.0129968742550874,0.0009230538729017,0.0021041557075225,-0.0129968742550874,0.0009230538729017,0.0,0.0,0.0,0.0,1.2778508163518443,1.0052511421701091,0.7465466299654129,1.2778508163518443,1.0052511421701091
20230602,0.0143342481874172,0.0122804751495038,0.0139107611548556,0.0143342481874172,0.0122804751495038,0.0,0.0,0.0,0.0,1.2961678470999252,1.0175961038405394,0.7569316618258242,1.2961678470999252,1.0175961038405394
20230605,0.0002799684794485,0.0024395657413038,-0.0046595909914574,0.0002799684794485,0.0024395657413038,0.0,0.0,0.0,0.0,1.2965307332411877,1.0200785964339532,0.7534046698732316,1.2965307332411877,1.0200785964339532
20230606,-0.0058036294437137,-0.0153908473622219,-0.00962288686606,-0.0058036294437137,-0.0153908473622219,0.0,0.0,0.0,0.0,1.2890061493030693,1.0043787224587686,0.7461547419706802,1.2890061493030693,1.0043787224587686
20230607,-0.0002751789618587,0.0029814045131902,-0.0031512605042015,-0.0002751789618587,0.0029814045131902,0.0,0.0,0.0,0.0,1.2886514419290747,1.0073731817148592,0.7438034140022853,1.2886514419290747,1.0073731817148592
20230608,0.0053287060336689,0.0003492685813063,0.0084299262381453,0.0053287060336689,0.0003492685813063,0.0,0.0,0.0,0.0,1.2955182866429782,1.0077250255168828,0.7500736219180053,1.2955182866429782,1.0077250255168828
20230609,-0.0025515540015764,0.0032742015886734,0.0041797283176594,-0.0025515540015764,0.0032742015886734,0.0,0.0,0.0,0.0,1.292212701774579,1.0110245203963761,0.7532087258758654,1.292212701774579,1.0110245203963761
20230612,-0.0064523847464991,0.0100869994961087,0.0010405827263268,-0.0064523847464991,0.0100869994961087,0.0,0.0,0.0,0.0,1.2838748482484164,1.021222724224168,0.7539925018653305,1.2838748482484164,1.021222724224168
20230613,0.0026860118092774,0.0014317163777536,0.0075363825363823,0.0026860118092774,0.0014317163777536,0.0,0.0,0.0,0.0,1.2873233512524458,1.022684825523774,0.7596748777889516,1.2873233512524458,1.022684825523774
20230614,-0.0054142711655952,0.0002229137308319,0.0,-0.0054142711655952,0.0002229137308319,0.0,0.0,0.0,0.0,1.2803534335509623,1.0229127960136966,0.7596748777889516,1.2803534335509623,1.0229127960136966
20230615,-0.0006385303157711,0.0061171767962341,0.0167655403662627,-0.0006385303157711,0.0061171767962341,0.0,0.0,0.0,0.0,1.2795358890687385,1.0291701344340425,0.772411237617758,1.2795358890687385,1.0291701344340425
20230616,0.0012228827338185,0.0029973277380191,0.0093860984271942,0.0012228827338185,0.0029973277380191,0.0,0.0,0.0,0.0,1.2811006114147818,1.0322548946251224,0.7796611655203092,1.2811006114147818,1.0322548946251224
20230619,-0.0116478215934293,-0.0071937209865417,-0.0075395828097513,-0.0116478215934293,-0.0071937209865417,0.0,0.0,0.0,0.0,1.2661785800497893,1.0248291409261974,0.7737828455993215,1.2661785800497893,1.0248291409261974
20230620,-0.0102608698816247,-0.0084770247339799,-0.0017726006583943,-0.0102608698816247,-0.0084770247339799,0.0,0.0,0.0,0.0,1.2531864863929982,1.0161416389504625,0.7724112376177579,1.2531864863929982,1.0161416389504625
20230621,-0.0079786949661727,-0.0128719772810916,-0.0139523084728565,-0.0079786949661727,-0.0128719772810916,0.0,0.0,0.0,0.0,1.2431876936823387,1.003061886859521,0.761634317762614,1.2431876936823387,1.003061886859521
20230626,-0.017298723908303,-0.01517781611566,-0.0113197838950346,-0.017298723908303,-0.01517781611566,0.0,0.0,0.0,0.0,1.221682133003128,0.9878375979881401,0.7530127818784991,1.221682133003128,0.9878375979881401
20230627,0.019823758895847,0.0227631577253801,0.0067655477491541,0.019823758895847,0.0227631577253801,0.0,0.0,0.0,0.0,1.2459004650551462,1.0103239010382048,0.7581073258100215,1.2459004650551462,1.0103239010382048
20230628,0.0075920667321924,0.0011098517678529,0.0020677177565262,0.0075920667321924,0.0011098517678529,0.0,0.0,0.0,0.0,1.2553594245275146,1.0114452108058762,0.7596748777889515,1.2553594245275146,1.0114452108058762
20230629,-0.0072295409095329,0.0049018202242794,-0.0046427650245034,-0.0072295409095329,0.0049018202242794,0.0,0.0,0.0,0.0,1.2462837522117254,1.0164031333959551,0.7561478858363591,1.2462837522117254,1.0164031333959551
20230630,0.0154000080374353,0.0135855427884371,0.0059600932884167,0.0154000080374353,0.0135855427884371,0.0,0.0,0.0,0.0,1.2654765320127108,1.0302115216550074,0.7606545977757828,1.2654765320127108,1.0302115216550074
20230703,0.0072840868078062,0.0003950503964584,0.0115919629057186,0.0072840868078062,0.0003950503964584,0.0,0.0,0.0,0.0,1.2746943729251328,1.0306185071250733,0.769472077657264,1.2746943729251328,1.0306185071250733
20230704,-0.0030864954436444,0.0039652858989566,0.0017825311942958,-0.0030864954436444,0.0039652858989566,0.0,0.0,0.0,0.0,1.2707600345510601,1.03470520415858,0.7708436856388277,1.2707600345510601,1.03470520415858
20230705,-0.0006852445173541,-0.0051516151784605,-0.0068632435180477,-0.0006852445173541,-0.0051516151784605,0.0,0.0,0.0,0.0,1.2698892532045114,1.0293748011236046,0.765553197709939,1.2698892532045114,1.0293748011236046
20230706,0.0054617184752288,-0.0055645221618173,-0.0071666240081905,0.0054617184752288,-0.0055645221618173,0.0,0.0,0.0,0.0,1.276825030800233,1.023646822229936,0.760066765783684,1.276825030800233,1.023646822229936
20230707,-0.0007760526516466,-0.0033737100998424,-0.0028357824181489,-0.0007760526516466,-0.0033737100998424,0.0,0.0,0.0,0.0,1.2758341473493917,1.0201933346071073,0.7579113818126554,1.2758341473493917,1.0201933346071073
20230710,0.0015157980013284,0.0021463238848482,0.0041365046535677,0.0015157980013284,0.0021463238848482,0.0,0.0,0.0,0.0,1.2777680541999705,1.0223829999283376,0.7610464857705154,1.2777680541999705,1.0223829999283376
20230711,0.0039141297122597,0.0087309655453806,0.0066941297631308,0.0039141297122597,0.0087309655453806,0.0,0.0,0.0,0.0,1.282769404106291,1.031309390674895,0.7661410297020379,1.282769404106291,1.031309390674895
20230712,-0.0027078894170543,-0.0098191283963569,-0.0048593350383632,-0.0027078894170543,-0.0098191283963569,0.0,0.0,0.0,0.0,1.2792958064123903,1.0211828313514895,0.7624180937520791,1.2792958064123903,1.0211828313514895
20230713,0.0047869574433993,0.0124187926085952,0.0161912104857364,0.0047869574433993,0.0124187926085952,0.0,0.0,0.0,0.0,1.2854197409952057,1.0338646891495018,0.774762565586153,1.2854197409952057,1.0338646891495018
20230714,-0.0015629714826917,-0.001154663067268,-0.0005058168942843,-0.0015629714826917,-0.001154663067268,0.0,0.0,0.0,0.0,1.2834106665967413,1.0326709237763885,0.7743706775914204,1.2834106665967413,1.0326709237763885
20230717,-0.0016415492814503,0.0021610479872272,-0.0070850202429151,-0.0016415492814503,0.0021610479872272,0.0,0.0,0.0,0.0,1.2813038847391838,1.0349025751976835,0.7688842456651653,1.2813038847391838,1.0349025751976835
20230718,0.0021894474745174,0.0011982657289073,-0.0015290519877675,0.0021894474745174,0.0011982657289073,0.0,0.0,0.0,0.0,1.2841092322937153,1.036142663486301,0.7677085816809679,1.2841092322937153,1.036142663486301
20230719,0.004544007689128,0.003661274228614,-0.0005104645227157,0.004544007689128,0.003661274228614,0.0,0.0,0.0,0.0,1.2899442345189382,1.0399362659172908,0.7673166936862353,1.2899442345189382,1.0399362659172908
20230720,0.0095105848966197,-0.0011836893240151,-0.0071501532175688,0.0095105848966197,-0.0011836893240151,0.0,0.0,0.0,0.0,1.3022123586732357,1.0387053044616683,0.7618302617599804,1.3022123586732357,1.0387053044616683
20230721,0.0228618837235986,0.0073381945563784,0.0005144032921811,0.0228618837235986,0.0073381945563784,0.0,0.0,0.0,0.0,1.3319833862006563,1.0463275260725502,0.7622221497547129,1.3319833862006563,1.0463275260725502
20230724,-0.0012870012865975,-0.0032858717459687,-0.0043701799485861,-0.0012870012865975,-0.0032858717459687,0.0,0.0,0.0,0.0,1.3302691218688896,1.042889428017599,0.7588911017994867,1.3302691218688896,1.042889428017599
20230725,0.0141887953056181,0.0149169615454073,0.0289181513038987,0.0141887953056181,0.0149169615454073,0.0,0.0,0.0,0.0,1.3491440381404716,1.0584461695114493,0.7808368295045067,1.3491440381404716,1.0584461695114493
20230726,0.0140071764056777,0.001449976848907,-0.002258469259724,0.0140071764056777,0.001449976848907,0.0,0.0,0.0,0.0,1.3680417366793736,1.0599808919530551,0.7790733335282105,1.3680417366793736,1.0599808919530551
20230727,0.0082570755357068,-0.0054061029372848,-0.0010060362173036,0.0082570755357068,-0.0054061029372848,0.0,0.0,0.0,0.0,1.3793377606351347,1.054250526139602,0.7782895575387457,1.3793377606351347,1.054250526139602
20230728,0.0034875362871786,0.0051820180538326,0.02416918429003,0.0034875362871786,0.0051820180538326,0.0,0.0,0.0,0.0,1.3841482511276255,1.05971367139932,0.7971001812859057,1.3841482511276255,1.05971367139932
20230731,0.0108629115564517,0.012279926566219,0.0039331366764994,0.0108629115564517,0.012279926566219,0.0,0.0,0.0,0.0,1.3991841311606423,1.072726877465322,0.8002352852437655,1.3991841311606423,1.072726877465322
20230801,-0.0043318348404827,-0.005639606291255,-0.0044074436826639,-0.0043318348404827,-0.005639606291255,0.0,0.0,0.0,0.0,1.3931230965930301,1.0666771202183702,0.7967082932911732,1.3931230965930301,1.0666771202183702
20230802,-0.0059677329550453,-0.0043169150716727,-0.0071323167732414,-0.0059677329550453,-0.0043169150716727,0.0,0.0,0.0,0.0,1.3848093099790573,1.0620723656814912,0.791025917367552,1.3848093099790573,1.0620723656814912
20230803,0.0061678155693832,0.003878532900131,0.0089175130047065,0.0061678155693832,0.003878532900131,0.0,0.0,0.0,0.0,1.393350558401773,1.0661916482941067,0.7980799012727371,1.393350558401773,1.0661916482941067
20230804,-0.0033185711859889,-0.0045874174179726,0.0051559047385218,-0.0033185711859889,-0.0045874174179726,0.0,0.0,0.0,0.0,1.3887266253866792,1.0613005821558255,0.8021947252174283,1.3887266253866792,1.0613005821558255
20230807,-0.0089400069880522,-0.0089102758224041,-0.0075720566682951,-0.0089400069880522,-0.0089102758224041,0.0,0.0,0.0,0.0,1.3763113996512282,1.051844101238339,0.7961204612990745,1.3763113996512282,1.051844101238339
20230808,0.012212996658443,0.0036018786215253,-0.0036918533103618,0.012212996658443,0.0036018786215253,0.0,0.0,0.0,0.0,1.3931202861761456,1.055632716019767,0.7931813013385808,1.3931202861761456,1.055632716019767
20230809,-0.0038902594602631,-0.000412269730825,-0.0019762845849802,-0.0038902594602631,-0.000412269730825,0.0,0.0,0.0,0.0,1.3877006868035644,1.0551975106040834,0.7916137493596508,1.3877006868035644,1.0551975106040834
20230810,0.0006242389295606,0.006304583952856,0.0012376237623761,0.0006242389295606,0.006304583952856,0.0,0.0,0.0,0.0,1.3885669435948451,1.0618500918965315,0.792593469346482,1.3885669435948451,1.0618500918965315
20230811,-0.0121144091015188,-0.0133279575959633,-0.0234857849196538,-0.0121144091015188,-0.0133279575959633,0.0,0.0,0.0,0.0,1.3717452755752915,1.0476977988984648,0.7739787895966883,1.3717452755752915,1.0476977988984648
20230814,-0.0029317860088232,0.0016965100031311,-0.0068354430379746,-0.0029317860088232,0.0016965100031311,0.0,0.0,0.0,0.0,1.3677236119686906,1.0494752286945546,0.7686883016677997,1.3677236119686906,1.0494752286945546
20230815,-0.0006662410958656,-0.0061209664885955,-0.0010196278358399,-0.0006662410958656,-0.0061209664885955,0.0,0.0,0.0,0.0,1.3668123782906114,1.0430514259891042,0.7679045256783347,1.3668123782906114,1.0430514259891042
20230816,-0.0011115309963782,-0.0045813656505646,-0.0076550140341923,-0.0011115309963782,-0.0045813656505646,0.0,0.0,0.0,0.0,1.365293123965908,1.0382728260143053,0.7620262057573473,1.365293123965908,1.0382728260143053
20230817,0.0040422427395441,0.0097423781054191,0.003342761635382,0.0040422427395441,0.0097423781054191,0.0,0.0,0.0,0.0,1.3708119701836088,1.0483880724619186,0.7645734777231087,1.3708119701836088,1.0483880724619186
20230818,-0.0190882238000655,-0.0182321165019415,-0.0128139415684266,-0.0190882238000655,-0.0182321165019415,0.0,0.0,0.0,0.0,1.3446456045089354,1.029273738985547,0.7547762778547961,1.3446456045089354,1.029273738985547
20230821,-0.0031314542102156,-0.0068796975248347,-0.0134994807892003,-0.0031314542102156,-0.0068796975248347,0.0,0.0,0.0,0.0,1.340434908369448,1.0221926469910707,0.7445871899917511,1.340434908369448,1.0221926469910707
20230822,-0.0065892730644065,-0.0003560515526708,0.0060526315789475,-0.0065892730644065,-0.0003560515526708,0.0,0.0,0.0,0.0,1.331602416733139,1.021828693711981,0.749093901931175,1.331602416733139,1.021828693711981
20230823,-0.0093122862047821,-0.0185610234097798,-0.0143866073764061,-0.0093122862047821,-0.0185610234097798,0.0,0.0,0.0,0.0,1.3192021539175405,1.0028625074072082,0.7383169820760311,1.3192021539175405,1.0028625074072082
20230824,-0.001665497834451,-0.0045181108987329,0.0061040339702762,-0.001665497834451,-0.0045181108987329,0.0,0.0,0.0,0.0,1.3170050255869876,0.9983314633825611,0.7428236940154551,1.3170050255869876,0.9983314633825611
20230825,-0.0008599647877791,-0.0113544424133907,-0.0018464785017145,-0.0008599647877791,-0.0113544424133907,0.0,0.0,0.0,0.0,1.3158724476396548,0.9869959662721077,0.7414520860338915,1.3158724476396548,0.9869959662721077
20230828,0.019013136245304,0.0142327760045843,0.0140063424947147,0.019013136245304,0.0142327760045843,0.0,0.0,0.0,0.0,1.3408913097680695,1.001043658777487,0.7518371178943029,1.3408913097680695,1.001043658777487
20230829,0.0229969285245697,0.0273117164655556,0.0057336460776646,0.0229969285245697,0.0273117164655556,0.0,0.0,0.0,0.0,1.3717276913780223,1.0283838793556601,0.7561478858363603,1.3717276913780223,1.0283838793556601
20230830,-0.0125590000461695,-0.0002105246920288,-0.0002591344908006,-0.0125590000461695,-0.0002105246920288,0.0,0.0,0.0,0.0,1.3545001632386737,1.0281673791561714,0.7559519418389941,1.3545001632386737,1.0281673791561714
20230831,0.0056176028771841,-8.049059063381265e-06,-0.0049248315189217,0.0056176028771841,-8.049059063381265e-06,0.0,0.0,0.0,0.0,1.3621092072528298,1.0281591033762096,0.7522290058890354,1.3621092072528298,1.0281591033762096
20230901,0.019782051166574,0.0092997081381529,0.0059911435269603,0.019782051166574,0.0092997081381529,0.0,0.0,0.0,0.0,1.3890545212851668,1.0377206829571934,0.7567357178284594,1.3890545212851668,1.0377206829571934
20230904,0.0245095286916259,0.0171956891234929,0.0150181253236663,0.0245095286916259,0.0171956891234929,0.0,0.0,0.0,0.0,1.4230995929288384,1.0555650052183443,0.7681004696757018,1.4230995929288384,1.0555650052183443
20230905,-0.0084337488494837,-0.0075983604111814,-0.0068877551020408,-0.0084337488494837,-0.0075983604111814,0.0,0.0,0.0,0.0,1.4110975283742742,1.0475444418712647,0.762809981746813,1.4110975283742742,1.0475444418712647
20230906,0.0012165434800864,-0.0005269395659397,-0.0025687130747495,0.0012165434800864,-0.0005269395659397,0.0,0.0,0.0,0.0,1.4128141898721838,1.0469924492577625,0.7608505417731506,1.4128141898721838,1.0469924492577625
20230907,-0.008238891706457,-0.0140634712022948,-0.0136492402781354,-0.008238891706457,-0.0140634712022948,0.0,0.0,0.0,0.0,1.4011741667604811,1.032268101098606,0.7504655099127393,1.4011741667604811,1.032268101098606
20230908,-0.0096429663676156,-0.0053279456250272,-0.0054830287206267,-0.0096429663676156,-0.0053279456250272,0.0,0.0,0.0,0.0,1.387662691395238,1.0267682327855023,0.746350685968048,1.387662691395238,1.0267682327855023
20230911,0.0238881562549812,0.0128591818984366,0.0073510107639802,0.0238881562549812,0.0128591818984366,0.0,0.0,0.0,0.0,1.4208113945964953,1.0399716322584274,0.7518371178943032,1.4208113945964953,1.0399716322584274
20230912,0.0174986548309634,0.002543617859835,-0.0013031013812876,0.0174986548309634,0.002543617859835,0.0,0.0,0.0,0.0,1.4456736827704393,1.0426169226759616,0.7508573979074717,1.4456736827704393,1.0426169226759616
20230913,0.0051407688700996,-0.0070249533514267,-0.0065240083507306,0.0051407688700996,-0.0070249533514267,0.0,0.0,0.0,0.0,1.4531055570351477,1.0352925874307548,0.7459587979733155,1.4531055570351477,1.0352925874307548
20230914,-0.0064811102903364,-0.00886962453918,-0.0007880220646178,-0.0064811102903364,-0.00886962453918,0.0,0.0,0.0,0.0,1.4436878196565022,1.0261099308920478,0.7453709659812168,1.4436878196565022,1.0261099308920478
20230915,0.0046092893292566,0.0008992389316915,-0.0044689800210305,0.0046092893292566,0.0008992389316915,0.0,0.0,0.0,0.0,1.4503421945184227,1.0270326488901012,0.7420399180259906,1.4503421945184227,1.0270326488901012
20230918,0.0080201295894537,0.0099454409825804,0.0034327964087668,0.0080201295894537,0.0099454409825804,0.0,0.0,0.0,0.0,1.4619741268675133,1.0372469414868208,0.7445871899917518,1.4619741268675133,1.0372469414868208
20230919,0.0064529602313077,-0.0036578135097376,-0.0013157894736841,0.0064529602313077,-0.0036578135097376,0.0,0.0,0.0,0.0,1.4714081877673901,1.0334528856113163,0.7436074700049207,1.4714081877673901,1.0334528856113163
20230920,-0.0015899391078728,-0.0041205557433182,-0.0047430830039525,-0.0015899391078728,-0.0041205557433182,0.0,0.0,0.0,0.0,1.4690687383460146,1.029194485388062,0.7400804780523281,1.4690687383460146,1.029194485388062
20230921,-0.015282631654731,-0.008709469004401,-0.0092666137145882,-0.015282631654731,-0.008709469004401,0.0,0.0,0.0,0.0,1.4466175019423921,1.020230747918074,0.7332224381445095,1.4466175019423921,1.020230747918074
20230922,0.0137617598582604,0.0114147156677443,0.0200427578834847,0.0137617598582604,0.0114147156677443,0.0,0.0,0.0,0.0,1.46652550461088,1.031876391821049,0.7479182379469783,1.46652550461088,1.031876391821049
20230925,-0.0055860338982229,-0.0038305835565154,-0.0073356038773905,-0.0055860338982229,-0.0038305835565154,0.0,0.0,0.0,0.0,1.4583334434295152,1.0279237030821828,0.7424318060207233,1.4583334434295152,1.0279237030821828
20230926,-0.0004151541176715,-0.0067589477117898,-0.0055423594615994,-0.0004151541176715,-0.0067589477117898,0.0,0.0,0.0,0.0,1.4577280102955374,1.0209760205213412,0.738316982076032,1.4577280102955374,1.0209760205213412
20230927,0.0019582390702428,0.0078669794339507,0.0026539278131636,0.0019582390702428,0.0078669794339507,0.0,0.0,0.0,0.0,1.4605825902390854,1.0290080178773395,0.7402764220496947,1.4605825902390854,1.0290080178773395
20230928,0.0221297698261367,0.0111914480776241,-0.003705664372684,0.0221297698261367,0.0111914480776241,0.0,0.0,0.0,0.0,1.492904946773139,1.0405241076808727,0.7375332060865671,1.492904946773139,1.0405241076808727
20231009,0.0093054556546364,-0.011447097050593,-0.0026567481402762,0.0093054556546364,-0.011447097050593,0.0,0.0,0.0,0.0,1.5067971075519238,1.028613127236768,0.7355737661129047,1.5067971075519238,1.028613127236768
20231010,0.0072374467793361,-0.0104537420861574,-0.0071923281832712,0.0072374467793361,-0.0104537420861574,0.0,0.0,0.0,0.0,1.5177024714250884,1.0178602708981992,0.730283278184016,1.5177024714250884,1.0178602708981992
20231011,0.0037642041657364,0.0018050012724365,0.0021464985242822,0.0037642041657364,0.0018050012724365,0.0,0.0,0.0,0.0,1.5234154133903752,1.0196975099823329,0.7318508301629459,1.5234154133903752,1.0196975099823329
20231012,0.0142425456253905,0.0068270772441643,0.0096385542168675,0.0142425456253905,0.0068270772441643,0.0,0.0,0.0,0.0,1.5451127269220108,1.0266590636486643,0.738904814068131,1.5451127269220108,1.0266590636486643
20231013,0.0025711931637004,-0.0119555217935644,-0.009281357730045,0.0025711931637004,-0.0119555217935644,0.0,0.0,0.0,0.0,1.5490855102026193,1.0143848188386524,0.7320467741603123,1.5490855102026193,1.0143848188386524
20231016,0.0072038717371208,-0.0027282162295459,-0.0115096359743042,0.0072038717371208,-0.0027282162295459,0.0,0.0,0.0,0.0,1.5602449235279512,1.0116173577128917,0.7236211822735634,1.5602449235279512,1.0116173577128917
20231017,-0.0146358874987614,-0.0022320198499255,0.0032493907392363,-0.0146358874987614,-0.0022320198499255,0.0,0.0,0.0,0.0,1.5374093543566825,1.0093594076899475,0.7259725102419584,1.5374093543566825,1.0093594076899475
20231018,-0.0244455104781877,-0.0175244425635564,-0.0075573549257759,-0.0244455104781877,-0.0175244425635564,0.0,0.0,0.0,0.0,1.4998265978754926,0.9916709467238997,0.7204860783157034,1.4998265978754926,0.9916709467238997
20231019,-0.0235660669078326,-0.0128878574862214,-0.0209409844982322,-0.0235660669078326,-0.0128878574862214,0.0,0.0,0.0,0.0,1.4644815839198118,0.9788904328892958,0.7053983905185022,1.4644815839198118,0.9788904328892958
20231020,0.016041036448504,-0.0039620735400855,-0.0050000000000001,0.016041036448504,-0.0039620735400855,0.0,0.0,0.0,0.0,1.4879733863856324,0.9750119970065023,0.7018713985659096,1.4879733863856324,0.9750119970065023
20231023,-0.0117490615337532,-0.0234189808953469,-0.0106085985482969,-0.0117490615337532,-0.0234189808953469,0.0,0.0,0.0,0.0,1.4704910955084005,0.9521782096758731,0.6944255266659922,1.4704910955084005,0.9521782096758731
20231024,0.0197457566072479,0.0262814540589973,0.0014108352144468,0.0197457566072479,0.0262814540589973,0.0,0.0,0.0,0.0,1.4995270547734347,0.9772028375494478,0.6954052466528234,1.4995270547734347,0.9772028375494478
20231025,0.0447009533286196,0.0171769788605979,0.0056353902507748,0.0447009533286196,0.0171769788605979,0.0,0.0,0.0,0.0,1.5665573436638645,0.9939882300325511,0.6993241266001484,1.5665573436638645,0.9939882300325511
20231026,-0.0091054404298656,-0.0013502248697084,0.0036424768842813,-0.0091054404298656,-0.0013502248697084,0.0,0.0,0.0,0.0,1.5522931490911647,0.9926461224041637,0.7018713985659096,1.5522931490911647,0.9926461224041637
20231027,-0.0123180721202628,0.0159601577120011,0.015075376884422,-0.0123180721202628,0.0159601577120011,0.0,0.0,0.0,0.0,1.5331718901288698,1.0084889110699404,0.7124523744236871,1.5331718901288698,1.0084889110699404
20231030,0.011612489554972,0.012864076692465,0.0044004400440045,0.011612489554972,0.012864076692465,0.0,0.0,0.0,0.0,1.550975832688968,1.0214621897654448,0.7155874783815472,1.550975832688968,1.0214621897654448
20231031,0.0015558919175702,-0.0010118647291816,-0.0021905805038334,0.0015558919175702,-0.0010118647291816,0.0,0.0,0.0,0.0,1.5533889834513954,1.0204286082034286,0.7140199264026174,1.5533889834513954,1.0204286082034286
20231101,-0.0032367249514437,0.0009433147735787,-0.0005488474204171,-0.0032367249514437,0.0009433147735787,0.0,0.0,0.0,0.0,1.5483610905693606,1.0213911935849291,0.7136280384078849,1.5483610905693606,1.0213911935849291
20231102,-0.0044400548122666,-0.0094722796398394,-0.0046677649643053,-0.0044400548122666,-0.0094722796398394,0.0,0.0,0.0,0.0,1.5414862824580517,1.0117162905776234,0.7102969904526587,1.5414862824580517,1.0117162905776234
20231103,0.0110392044051562,0.0043305487531693,0.0077241379310344,0.0110392044051562,0.0043305487531693,0.0,0.0,0.0,0.0,1.5585030646178504,1.0160975772983454,0.7157834223789137,1.5585030646178504,1.0160975772983454
20231106,0.0070609896134976,0.0128277310338149,0.013139885026006,0.0070609896134976,0.0128277310338149,0.0,0.0,0.0,0.0,1.5695076385697213,1.0291318037240396,0.7251887342524937,1.5695076385697213,1.0291318037240396
20231107,-0.0008482360937312,0.0019471950162129,-0.0029721696838693,-0.0008482360937312,0.0019471950162129,0.0,0.0,0.0,0.0,1.5681763255412997,1.0311357240432772,0.723033350281465,1.5681763255412997,1.0311357240432772
20231108,-0.0133568993539753,-0.0013374461610623,-0.0029810298102982,-0.0133568993539753,-0.0013374461610623,0.0,0.0,0.0,0.0,1.5472303521917576,1.0297566355276213,0.7208779663104361,1.5472303521917576,1.0297566355276213
20231109,0.0004000884725709,-0.0038732521377394,0.0008154389779833,0.0004000884725709,-0.0038732521377394,0.0,0.0,0.0,0.0,1.5478493812200815,1.0257681284377127,0.721465798302535,1.5478493812200815,1.0257681284377127
20231110,-0.0017873952860361,-0.0013205915227792,-0.0073329712112982,-0.0017873952860361,-0.0013205915227792,0.0,0.0,0.0,0.0,1.545082762532595,1.0244135077429608,0.7161753103736462,1.545082762532595,1.0244135077429608
20231113,0.0107790988585562,0.0115064443698258,-0.0013679890560875,0.0107790988585562,0.0115064443698258,0.0,0.0,0.0,0.0,1.5617373623745847,1.0362008647815033,0.715195590386815,1.5617373623745847,1.0362008647815033
20231114,0.0042856817682996,0.0041081646540382,0.0,0.0042856817682996,0.0041081646540382,0.0,0.0,0.0,0.0,1.5684304717153859,1.0404577485486826,0.715195590386815,1.5684304717153859,1.0404577485486826
20231115,0.0026579319619703,0.0130514328252526,0.0068493150684931,0.0026579319619703,0.0130514328252526,0.0,0.0,0.0,0.0,1.5725992531962865,1.0540372129613793,0.7200941903209713,1.5725992531962865,1.0540372129613793
20231116,0.0026399041009885,-0.0044001190279896,-0.009795918367347,0.0026399041009885,-0.0044001190279896,0.0,0.0,0.0,0.0,1.5767507644140109,1.0493993237644188,0.7130402064157862,1.5767507644140109,1.0493993237644188
20231117,-0.0029757296245272,0.008921609604692,-0.0013740038472107,-0.0029757296245272,0.008921609604692,0.0,0.0,0.0,0.0,1.5720587804538482,1.0587616548504728,0.712060486428955,1.5720587804538482,1.0587616548504728
20231120,0.0022635915028292,0.01274440928804,0.0030269675288938,0.0022635915028292,0.01274440928804,0.0,0.0,0.0,0.0,1.5756172793512317,1.0722549467183697,0.7142158703999838,1.5756172793512317,1.0722549467183697
20231121,-0.0043104573276699,0.0048974150434583,0.0013717421124828,-0.0043104573276699,0.0048974150434583,0.0,0.0,0.0,0.0,1.568825648303849,1.0775062242248508,0.715195590386815,1.568825648303849,1.0775062242248508
20231122,-0.0086791964023625,-0.0057252370280079,-0.0106849315068491,-0.0086791964023625,-0.0057252370280079,0.0,0.0,0.0,0.0,1.5552095023811563,1.0713372456920096,0.7075537744895314,1.5552095023811563,1.0713372456920096
20231123,0.0150889398946822,0.0157157053902265,0.0052617003600108,0.0150889398946822,0.0157157053902265,0.0,0.0,0.0,0.0,1.5786759650862243,1.0881740662188821,0.7112767104394899,1.5786759650862243,1.0881740662188821
20231124,0.0057138950447384,0.0016840592399765,-0.0068870523415978,0.0057138950447384,0.0016840592399765,0.0,0.0,0.0,0.0,1.587696353860378,1.0900066158098007,0.7063781105053336,1.587696353860378,1.0900066158098007
20231127,-0.0003044892702523,-0.0077986340016488,-0.0066574202496533,-0.0003044892702523,-0.0077986340016488,0.0,0.0,0.0,0.0,1.5872129173562088,1.0815060531537242,0.7016754545685435,1.5872129173562088,1.0815060531537242
20231128,-0.0073070999978941,0.004292487643426,0.001117006422787,-0.0073070999978941,0.004292487643426,0.0,0.0,0.0,0.0,1.5756149938511377,1.086148404523177,0.7024592305580086,1.5756149938511377,1.086148404523177
20231129,-0.0129740023220549,-0.0143381948457603,-0.007531380753138,-0.0129740023220549,-0.0143381948457603,0.0,0.0,0.0,0.0,1.5551729612622485,1.070574997067712,0.69716874262912,1.5551729612622485,1.070574997067712
20231130,0.0127332740427136,0.0039189925225208,0.0011242270938729,0.0127332740427136,0.0039189925225208,0.0,0.0,0.0,0.0,1.574975404761819,1.0747705724760181,0.697952518618585,1.574975404761819,1.0747705724760181
20231201,-0.0048580598836692,-0.0005729128925473,-0.0039303761931497,-0.0048580598836692,-0.0005729128925473,0.0,0.0,0.0,0.0,1.56732407993018,1.0741548225585162,0.6952093026554576,1.56732407993018,1.0741548225585162
20231204,-0.0024092459021466,0.0011577889982529,-0.0067643742953777,-0.0024092459021466,0.0011577889982529,0.0,0.0,0.0,0.0,1.5635480108132724,1.0753984671944947,0.6905066467186676,1.5635480108132724,1.0753984671944947
20231205,-0.0098538233865481,-0.0084307023347288,-0.0187287173666287,-0.0098538233865481,-0.0084307023347288,0.0,0.0,0.0,0.0,1.54814108485833,1.0663321028263544,0.6775743428924951,1.54814108485833,1.0663321028263544
20231206,-0.0063339921903656,0.0021150680655053,0.0014459224985541,-0.0063339921903656,0.0021150680655053,0.0,0.0,0.0,0.0,1.538335171317253,1.0685874678042655,0.6785540628793264,1.538335171317253,1.0685874678042655
20231207,-0.009390857063227,-0.0111974798608229,-0.0025989026855328,-0.009390857063227,-0.0111974798608229,0.0,0.0,0.0,0.0,1.523888885608078,1.0566219811539996,0.6767905669030302,1.523888885608078,1.0566219811539996
20231208,-0.0132660003489103,-0.0163530558473561,0.0020266357845974,-0.0132660003489103,-0.0163530558473561,0.0,0.0,0.0,0.0,1.5036729751199005,1.0393429828866443,0.6781621748845938,1.5036729751199005,1.0393429828866443
20231211,0.0095053868311055,0.0099490671767832,0.0069344120196472,0.0095053868311055,0.0099490671767832,0.0,0.0,0.0,0.0,1.5179659684158944,1.0496834760431017,0.6828648308213837,1.5179659684158944,1.0496834760431017
20231212,0.0081215480456607,0.0066483536575549,0.0022955523672885,0.0081215480456607,0.0066483536575549,0.0,0.0,0.0,0.0,1.5302942019600618,1.056662143020328,0.6844323828003138,1.5302942019600618,1.056662143020328
20231213,-0.0043262484715172,-0.0037475718270221,-0.0166046378471229,-0.0043262484715172,-0.0037475718270221,0.0,0.0,0.0,0.0,1.5236737690078606,1.0527022257424643,0.6730676309530712,1.5236737690078606,1.0527022257424643
20231214,-0.0004040407069413,-0.0051792345154793,-0.0046579330422124,-0.0004040407069413,-0.0051792345154793,0.0,0.0,0.0,0.0,1.5230581427810828,1.047250034040377,0.6699325269952112,1.5230581427810828,1.047250034040377
20231215,-0.007152537219026,-0.0030186794166104,-0.0020473822755191,-0.007152537219026,-0.0030186794166104,0.0,0.0,0.0,0.0,1.5121644127281004,1.0440887219185748,0.6685609190136474,1.5121644127281004,1.0440887219185748
20231218,-0.0139765837676446,-0.0069879749577281,-0.0041031652989447,-0.0139765837676446,-0.0069879749577281,0.0,0.0,0.0,0.0,1.4910295201431552,1.0367926560761616,0.66581770305052,1.4910295201431552,1.0367926560761616
20231219,-0.0038598529345462,-0.0006071376682735,0.0005885815185402,-0.0038598529345462,-0.0006071376682735,0.0,0.0,0.0,0.0,1.4852743654743357,1.0361631802004685,0.6662095910452525,1.4852743654743357,1.0361631802004685
20231220,-0.0051313029480124,-0.0074599200869701,-0.0091176470588234,-0.0051313029480124,-0.0074599200869701,0.0,0.0,0.0,0.0,1.4776529727441698,1.0284334856791122,0.6601353271268987,1.4776529727441698,1.0284334856791122
20231221,3.1566166781552994e-05,0.0080835839911161,0.0092015434847134,3.1566166781552994e-05,0.0080835839911161,0.0,0.0,0.0,0.0,1.4776996165843528,1.0367469141398757,0.6662095910452525,1.4776996165843528,1.0367469141398757
20231222,-0.0080526980342763,-0.0081555652323103,0.0017647058823531,-0.0080526980342763,-0.0081555652323103,0.0,0.0,0.0,0.0,1.4658001477866331,1.0282916570522116,0.6673852550294501,1.4658001477866331,1.0282916570522116
20231225,0.0086866200385431,8.562801871375822e-06,0.0026423957721666,0.0086866200385431,8.562801871375822e-06,0.0,0.0,0.0,0.0,1.478532996722896,1.028300462109937,0.6691487510057463,1.478532996722896,1.028300462109937
20231226,-0.0006780553085286,-0.0072852930142403,-0.0058565153733528,-0.0006780553085286,-0.0072852930142403,0.0,0.0,0.0,0.0,1.4775304695756333,1.0208089919367873,0.6652298710584214,1.4775304695756333,1.0208089919367873
20231227,0.0332658206956718,0.0132570661046853,0.0029455081001472,0.0332658206956718,0.0132570661046853,0.0,0.0,0.0,0.0,1.526681733248928,1.0343419242231506,0.6671893110320839,1.526681733248928,1.0343419242231506
20231228,0.0015515711500872,0.0091045886944198,0.024669603524229,0.0015515711500872,0.0091045886944198,0.0,0.0,0.0,0.0,1.5290504885816023,1.0437591820125973,0.6836486068108489,1.5290504885816023,1.0437591820125973
20231229,0.01957843280229,0.0151243477794269,0.00286615075953,0.01957843280229,0.0151243477794269,0.0,0.0,0.0,0.0,1.5589869008236061,1.059545358879326,0.6856080467845115,1.5589869008236061,1.059545358879326
20240102,0.0039295342875984,0.0058712810024812,-0.0131466133180909,0.0039295342875984,0.0058712810024812,0.0,0.0,0.0,0.0,1.5651129933043093,1.0657662474161813,0.676594622905664,1.5651129933043093,1.0657662474161813
20240103,0.0155010591688495,0.0014956584445354,-0.002896032435563,0.0155010591688495,0.0014956584445354,0.0,0.0,0.0,0.0,1.5893739024194546,1.06736026970403,0.6746351829320016,1.5893739024194546,1.06736026970403
20240104,-0.0046842953382206,0.0034869677361483,-0.0087133313970376,-0.0046842953382206,0.0034869677361483,0.0,0.0,0.0,0.0,1.5819288056576617,1.0710821205273344,0.668756863011014,1.5819288056576617,1.0710821205273344
20240105,-0.0162541126922952,-0.012551486309703,-0.0049809551714035,-0.0162541126922952,-0.012551486309703,0.0,0.0,0.0,0.0,1.556215956579314,1.0576384479549679,0.6654258150557877,1.556215956579314,1.0576384479549679
20240108,-0.0161322909182591,-0.017618431808831,-0.0138398115429915,-0.0161322909182591,-0.017618431808831,0.0,0.0,0.0,0.0,1.5311106280361397,1.0390045170812754,0.6562164471795741,1.5311106280361397,1.0390045170812754
20240109,0.0045995238026698,0.0043089341539188,0.0023887727679903,0.0045995238026698,0.0043089341539188,0.0,0.0,0.0,0.0,1.5381530078143124,1.043481519131003,0.6577839991585039,1.5381530078143124,1.043481519131003
20240110,0.0005070577673478,0.0003689039635587,-0.0047661602621388,0.0005070577673478,0.0003689039635587,0.0,0.0,0.0,0.0,1.5389329402442942,1.0438664635993105,0.654648895200644,1.5389329402442942,1.0438664635993105
20240111,0.0130257089147777,0.0100265466987552,0.0056869200838072,0.0130257089147777,0.0100265466987552,0.0,0.0,0.0,0.0,1.558978632763279,1.0543328394438534,0.6583718311506027,1.558978632763279,1.0543328394438534
20240112,0.0047536662499277,-0.0100748471724039,-0.0032738095238094,0.0047536662499277,-0.0100748471724039,0.0,0.0,0.0,0.0,1.5663894968742043,1.04371059721761,0.6562164471795741,1.5663894968742043,1.04371059721761
20240115,0.0056369154908565,0.003185943086164,-0.0011943863839951,0.0056369154908565,0.003185943086164,0.0,0.0,0.0,0.0,1.5752191020938493,1.0470357997787716,0.6554326711901092,1.5752191020938493,1.0470357997787716
20240116,-0.0061943017356868,-0.003645132984927,0.0065769805680118,-0.0061943017356868,-0.003645132984927,0.0,0.0,0.0,0.0,1.5654617196756624,1.0432192150485986,0.6597434391321666,1.5654617196756624,1.0432192150485986
20240117,-0.0322932708507228,-0.020724336811686,-0.0222750222750223,-0.0322932708507228,-0.020724336811686,0.0,0.0,0.0,0.0,1.5149078403557381,1.0215991886675089,0.6450476393296978,1.5149078403557381,1.0215991886675089
20240118,-0.0296676832452177,-0.0125555281468708,0.0139489671931953,-0.0296676832452177,-0.0125555281468708,0.0,0.0,0.0,0.0,1.4699640344023672,1.0087724712993735,0.6540453876887559,1.4699640344023672,1.0087724712993735
20240119,0.0074590710419652,-0.0043197973190704,0.0021419828641371,0.0074590710419652,-0.0043197973190704,0.0,0.0,0.0,0.0,1.4809286005641085,1.0044147786823026,0.6554463417015531,1.4809286005641085,1.0044147786823026
20240122,-0.0485384007389421,-0.0541227856560466,-0.0210687022900762,-0.0485384007389421,-0.0541227856560466,0.0,0.0,0.0,0.0,1.409046694684167,0.9500530529059149,0.6416369378611235,1.409046694684167,0.9500530529059149
20240123,0.0075931009432237,0.000453368840323,0.0068621334996881,0.0075931009432237,0.000453368840323,0.0,0.0,0.0,0.0,1.4197457284706196,0.9504837773567562,0.6460399361870577,1.4197457284706196,0.9504837773567562
20240124,0.0167087997283116,0.0105265573663513,0.015799256505576,0.0167087997283116,0.0105265573663513,0.0,0.0,0.0,0.0,1.443467975512761,0.9604890993648884,0.6562468868517229,1.443467975512761,0.9604890993648884
20240125,0.0386031082165601,0.0317644097049173,0.0170783775541323,0.0386031082165601,0.0317644097049173,0.0,0.0,0.0,0.0,1.499190325978619,0.9909984686342216,0.6674545189541006,1.499190325978619,0.9909984686342216
20240126,0.0029002890814748,-0.0032816950265302,-0.001799100449775,0.0029002890814748,-0.0032816950265302,0.0,0.0,0.0,0.0,1.5035384113121075,0.9877463138884056,0.6662537012288459,1.5035384113121075,0.9877463138884056
20240129,-0.021254715726523,-0.0259248034995133,-0.0090117152297987,-0.021254715726523,-0.0259248034995133,0.0,0.0,0.0,0.0,1.4715811297957606,0.9621391847934802,0.6602496126025721,1.4715811297957606,0.9621391847934802
20240130,-0.0235110623495909,-0.0299415381026132,-0.0169748408608668,-0.0235110623495909,-0.0299415381026132,0.0,0.0,0.0,0.0,1.4369826941006512,0.9333312577319689,0.6490419805001945,1.4369826941006512,0.9333312577319689
20240131,-0.0358810990062542,-0.0488993364596459,-0.0064754856614246,-0.0358810990062542,-0.0488993364596459,0.0,0.0,0.0,0.0,1.3854221757833518,0.8876919785318288,0.6448391184618028,1.3854221757833518,0.8876919785318288
20240201,-0.0129150488718011,-0.0154977577269271,-0.0012414649286157,-0.0129150488718011,-0.0154977577269271,0.0,0.0,0.0,0.0,1.3675293806750328,0.873934743312406,0.644038573311633,1.3675293806750328,0.873934743312406
20240202,-0.0307610532033086,-0.0368791210514868,-0.0093225605966438,-0.0307610532033086,-0.0368791210514868,0.0,0.0,0.0,0.0,1.3254627366390006,0.8417047981226876,0.6380344846853592,1.3254627366390006,0.8417047981226876
20240205,-0.0689013939170297,-0.068586711611368,0.0062735257214554,-0.0689013939170297,-0.068586711611368,0.0,0.0,0.0,0.0,1.2341365064994927,0.7839750338719421,0.6420372104362083,1.2341365064994927,0.7839750338719421
20240206,0.0117125697089382,0.0157054678855765,0.0321072319201993,0.0117125697089382,0.0157054678855765,0.0,0.0,0.0,0.0,1.2485914163622134,0.7962877285895117,0.6626512480530815,1.2485914163622134,0.7962877285895117
20240207,0.0030392786844458,-0.0212942392758318,0.0087586831772878,0.0030392786844458,-0.0212942392758318,0.0,0.0,0.0,0.0,1.252386233639545,0.779331387164518,0.6684552003918128,1.252386233639545,0.779331387164518
20240208,0.0576141762389698,0.0600371680389975,0.0065868263473054,0.0576141762389698,0.0600371680389975,0.0,0.0,0.0,0.0,1.3245414348237132,0.8261202366137792,0.672858198717747,1.3245414348237132,0.8261202366137792
20240219,0.0311233341873338,0.0340534625434755,0.0080309339678761,0.0311233341873338,0.0340534625434755,0.0,0.0,0.0,0.0,1.3657655805447022,0.8542524911477136,0.6782618784813933,1.3657655805447022,0.8542524911477136
20240220,0.0131062363336609,0.0172755958500749,0.0035408675125407,0.0131062363336609,0.0172755958500749,0.0,0.0,0.0,0.0,1.3836656270197008,0.8690102119387013,0.6806635139319029,1.3836656270197008,0.8690102119387013
20240221,0.0048273767285237,0.0186281275641145,0.0141134960305793,0.0048273767285237,0.0186281275641145,0.0,0.0,0.0,0.0,1.3903451022676336,0.8851982450212136,0.6902700557339411,1.3903451022676336,0.8851982450212136
20240222,0.0236409870426118,0.0221444701081599,0.0075384169324441,0.0236409870426118,0.0221444701081599,0.0,0.0,0.0,0.0,1.4232142328151014,0.9048004910978814,0.695473599210045,1.4232142328151014,0.9048004910978814
20240223,0.0132136748684179,0.0264438623010512,0.0008633093525181,0.0132136748684179,0.0264438623010512,0.0,0.0,0.0,0.0,1.442020122955625,0.9287269106943973,0.6960740080726725,1.442020122955625,0.9287269106943973
20240226,0.0006960891745664,0.0089228685582836,-0.0100632547441057,0.0006960891745664,0.0089228685582836,0.0,0.0,0.0,0.0,1.4430238975527214,0.9370138188450642,0.6890692380086865,1.4430238975527214,0.9370138188450642
20240227,0.0211407307796648,0.0185505166617155,0.0119082195759512,0.0211407307796648,0.0185505166617155,0.0,0.0,0.0,0.0,1.473530477279506,0.9543959093038072,0.6972748257979273,1.473530477279506,0.9543959093038072
20240228,-0.0444898156331858,-0.0531341091731983,-0.0103329506314581,-0.0444898156331858,-0.0531341091731983,0.0,0.0,0.0,0.0,1.4079733780154604,0.9036849328644049,0.6900699194463987,1.4079733780154604,0.9036849328644049
20240229,0.0228471959599779,0.0305170140037177,0.0159512761020881,0.0228471959599779,0.0305170140037177,0.0,0.0,0.0,0.0,1.4401416216894116,0.9312626986155765,0.7010774152612339,1.4401416216894116,0.9312626986155765
20240301,0.0038992481362623,0.008434201737691,0.0077076791321724,0.0038992481362623,0.008434201737691,0.0,0.0,0.0,0.0,1.4457570912237379,0.9391171560864869,0.7064810950248803,1.4457570912237379,0.9391171560864869
20240304,0.0185228615638002,0.0056374472221444,-0.0008498583569404,0.0185228615638002,0.0056374472221444,0.0,0.0,0.0,0.0,1.4725366496793577,0.9444113794893347,0.705880686162253,1.4725366496793577,0.9444113794893347
20240305,-0.0216503849969213,-0.0164197125009758,0.0082222852282392,-0.0216503849969213,-0.0164197125009758,0.0,0.0,0.0,0.0,1.440655664291723,0.9289044161554698,0.7116846385009842,1.440655664291723,0.9289044161554698
20240306,0.0096054903785209,0.0103804127978573,-0.0039370078740158,0.0096054903785209,0.0103804127978573,0.0,0.0,0.0,0.0,1.4544938684138389,0.9385468274449162,0.7088827304753896,1.4544938684138389,0.9385468274449162
20240307,-0.0066204112224511,-0.0035120380581521,-0.0053642010163746,-0.0066204112224511,-0.0035120380581521,0.0,0.0,0.0,0.0,1.4448645208844058,0.9352506152675717,0.7050801410120832,1.4448645208844058,0.9352506152675717
20240308,0.0186545119072646,0.0113729210244399,0.0028384899233604,0.0186545119072646,0.0113729210244399,0.0,0.0,0.0,0.0,1.471817763293628,0.9458871466530687,0.7070815038875076,1.471817763293628,0.9458871466530687
20240311,0.0210405285003853,0.0213959511495048,0.0135861873761677,0.0210405285003853,0.0213959511495048,0.0,0.0,0.0,0.0,1.5027855868895812,0.9661253018358023,0.7166880456895458,1.5027855868895812,0.9661253018358023
20240312,0.0058968989617663,0.0234788510055529,0.0013962580284836,0.0058968989617663,0.0234788510055529,0.0,0.0,0.0,0.0,1.5116473616566677,0.9888088138502998,0.7176887271272581,1.5116473616566677,0.9888088138502998
20240313,-0.0078158979377016,0.0034841321467567,-0.0058561070831009,-0.0078158979377016,0.0034841321467567,0.0,0.0,0.0,0.0,1.4998324801601632,0.992253954425632,0.7134858650888665,1.4998324801601632,0.992253954425632
20240314,0.0014530332110396,-0.0002981700231638,-0.0036465638148666,0.0014530332110396,-0.0002981700231638,0.0,0.0,0.0,0.0,1.502011786564832,0.9919580940410566,0.7108840933508146,1.502011786564832,0.9919580940410566
20240315,0.0006174272914726,0.0073503643742962,0.0025337837837835,0.0006174272914726,0.0073503643742962,0.0,0.0,0.0,0.0,1.5029391696339705,0.9992493474762908,0.7126853199386965,1.5029391696339705,0.9992493474762908
20240318,0.0113703046134125,0.017208150695798,0.0087054198258915,0.0113703046134125,0.017208150695798,0.0,0.0,0.0,0.0,1.520028045808138,1.0164445808303406,0.7188895448525128,1.520028045808138,1.0164445808303406
20240319,-0.0035670454295056,-1.1112549871553534e-05,-0.006403118040089,-0.0035670454295056,-1.1112549871553534e-05,0.0,0.0,0.0,0.0,1.514606036714618,1.0164332855392446,0.7142864102390363,1.514606036714618,1.0164332855392446
20240320,-0.0020939607259232,0.0116112337264899,0.0008405715886803,-0.0020939607259232,0.0116112337264899,0.0,0.0,0.0,0.0,1.5114345111584913,1.0282353299850249,0.7148868191016636,1.5114345111584913,1.0282353299850249
20240321,-0.0017054221404215,0.0014346740786263,-0.0005599104143336,-0.0017054221404215,0.0014346740786263,0.0,0.0,0.0,0.0,1.5088568772793645,1.0297105125596822,0.7144865465265788,1.5088568772793645,1.0297105125596822
20240322,-0.0106255556545026,-0.0205132301944112,-0.0086834733893557,-0.0106255556545026,-0.0205132301944112,0.0,0.0,0.0,0.0,1.4928244345551536,1.0085878237819403,0.7082823216127626,1.4928244345551536,1.0085878237819403
20240325,0.0022835974238532,-0.0113381545792997,-0.0053687482339643,0.0022835974238532,-0.0113381545792997,0.0,0.0,0.0,0.0,1.4962334445881686,0.9971522991291013,0.704479732149456,1.4962334445881686,0.9971522991291013
20240326,-0.0163505497258839,-0.0021307776582229,0.003125,-0.0163505497258839,-0.0021307776582229,0.0,0.0,0.0,0.0,1.4717692052508993,0.9950275892882714,0.7066812313124231,1.4717692052508993,0.9950275892882714
20240327,-0.0270783806890739,-0.0209183557653632,-0.010761823845936,-0.0270783806890739,-0.0209183557653632,0.0,0.0,0.0,0.0,1.4319160784246596,0.9742132481791876,0.6990760523858096,1.4319160784246596,0.9742132481791876
20240328,0.0094597365848929,0.0096471077044187,0.0048668766103634,0.0094597365848929,0.0096471077044187,0.0,0.0,0.0,0.0,1.44546162733823,0.9836115883114438,0.7024783692740313,1.44546162733823,0.9836115883114438
20240329,0.0140666449470917,0.0075659006936693,0.0045584045584046,0.0140666449470917,0.0075659006936693,0.0,0.0,0.0,0.0,1.465794422834642,0.9910534959097504,0.7056805498747106,1.465794422834642,0.9910534959097504
20240401,0.0058191493106548,0.016776851781397,0.0164492342597843,0.0058191493106548,0.016776851781397,0.0,0.0,0.0,0.0,1.4743240994398419,1.0076802535180638,0.7172884545521732,1.4743240994398419,1.0076802535180638
20240402,-0.0118745181921777,-0.0060469653697761,-0.0033482142857141,-0.0118745181921777,-0.0060469653697761,0.0,0.0,0.0,0.0,1.4568172110998776,1.001586845921233,0.7148868191016639,1.4568172110998776,1.001586845921233
20240403,0.0061732275054288,0.0009301765763061,-0.003919372900336,0.0061732275054288,0.0009301765763061,0.0,0.0,0.0,0.0,1.4658104751778214,1.002518498544445,0.7120849110760694,1.4658104751778214,1.002518498544445
20240408,-0.0269181572558657,-0.0225628650288857,-0.0081506464305789,-0.0269181572558657,-0.0225628650288857,0.0,0.0,0.0,0.0,1.4263535582996896,0.9798988089728256,0.7062809587373381,1.4263535582996896,0.9798988089728256
20240409,0.0138639377454871,0.0121185800285871,-0.0017001983564747,0.0138639377454871,0.0121185800285871,0.0,0.0,0.0,0.0,1.4461284352350103,0.9917737911092799,0.7050801410120835,1.4461284352350103,0.9917737911092799
20240410,-0.0159899942263392,-0.018624128058586,-0.0073800738007381,-0.0159899942263392,-0.018624128058586,0.0,0.0,0.0,0.0,1.4230048499050576,0.9733028690185113,0.6998765975359794,1.4230048499050576,0.9733028690185113
20240411,0.0021687274071543,0.003202167325434,-0.0008578781812981,0.0021687274071543,0.003202167325434,0.0,0.0,0.0,0.0,1.42609095952356,0.9764195476634336,0.6992761886733522,1.42609095952356,0.9764195476634336
20240412,-0.0169207053633629,-0.0146741833039969,-0.0080137378362908,-0.0169207053633629,-0.0146741833039969,0.0,0.0,0.0,0.0,1.4019604945761064,0.9620913882394146,0.6936723726221633,1.4019604945761064,0.9620913882394146
20240415,-0.0168598500672289,-0.0390775482448698,0.0210617426428159,-0.0168598500672289,-0.0390775482448698,0.0,0.0,0.0,0.0,1.378323650837375,0.9244952155995152,0.7082823216127628,1.378323650837375,0.9244952155995152
20240416,-0.0417999944930062,-0.0612922690761922,-0.0090421022887822,-0.0417999944930062,-0.0612922690761922,0.0,0.0,0.0,0.0,1.3207097298227926,0.8678308060853374,0.701877960411404,1.3207097298227926,0.8678308060853374
20240417,0.0430724108911376,0.0503586247351571,0.013116623895067,0.0430724108911376,0.0503586247351571,0.0,0.0,0.0,0.0,1.3775958819736431,0.9115335719825978,0.7110842296383572,1.3775958819736431,0.9115335719825978
20240418,0.0001927474921932,-0.0030811417856042,0.001688713763017,0.0001927474921932,-0.0030811417856042,0.0,0.0,0.0,0.0,1.3778614101251492,0.9087250078049812,0.7122850473636119,1.3778614101251492,0.9087250078049812
20240419,-0.0099000373771783,-0.0068946969251018,-0.0078673784771001,-0.0099000373771783,-0.0068946969251018,0.0,0.0,0.0,0.0,1.3642205306643387,0.902459624287905,0.7066812313124232,1.3642205306643387,0.902459624287905
20240422,-0.0147866449846069,-0.0091067328343961,-0.0019824412347777,-0.0147866449846069,-0.0091067328343961,0.0,0.0,0.0,0.0,1.3440482859966931,0.8942411655956856,0.705280277299626,1.3440482859966931,0.8942411655956856
20240423,-0.0342023049404725,-0.0030938554296869,-0.0070942111237229,-0.0342023049404725,-0.0030938554296869,0.0,0.0,0.0,0.0,1.298078736664315,0.8914745127100578,0.7002768701110645,1.298078736664315,0.8914745127100578
20240424,-0.0038391309714688,0.0092438588812614,0.0040011431837667,-0.0038391309714688,0.0092438588812614,0.0,0.0,0.0,0.0,1.2930952423829818,0.8997151773017908,0.703078778136659,1.2930952423829818,0.8997151773017908
20240425,-0.0012603751042425,0.0051449232363382,0.0028465698832909,-0.0012603751042425,0.0051449232363382,0.0,0.0,0.0,0.0,1.2914654573320679,0.9043441428235771,0.7050801410120837,1.2914654573320679,0.9043441428235771
20240426,0.0114568942347243,0.0092385609768571,0.0141924496168035,0.0114568942347243,0.0092385609768571,0.0,0.0,0.0,0.0,1.3062616404845213,0.9126989813311163,0.7150869553892064,1.3062616404845213,0.9126989813311163
20240429,0.0336318951525022,0.0315054080177314,0.0120347047299189,0.0336318951525022,0.0315054080177314,0.0,0.0,0.0,0.0,1.350193695019032,0.9414539351353209,0.7236928157535323,1.350193695019032,0.9414539351353209
20240430,-0.0028192741128303,-0.0011683811462114,-0.0049778761061948,-0.0028192741128303,-0.0011683811462114,0.0,0.0,0.0,0.0,1.3463871288873581,0.9403539581074822,0.7200903625777679,1.3463871288873581,0.9403539581074822
20240506,0.0250949181185793,0.0342339317472175,0.0138966092273487,0.0250949181185793,0.0342339317472175,0.0,0.0,0.0,0.0,1.3801746036426954,0.9725459713275597,0.730097176954891,1.3801746036426954,0.9725459713275597
20240507,0.0018123599730418,0.0088334755750479,0.0005482456140348,0.0018123599730418,0.0088334755750479,0.0,0.0,0.0,0.0,1.3826759768501462,0.981136932410893,0.7304974495299758,1.3826759768501462,0.981136932410893
20240508,-0.0090433281746767,-0.0085955402891972,-0.0079452054794519,-0.0090433281746767,-0.0085955402891972,0.0,0.0,0.0,0.0,1.3701719842322486,0.9727035303791358,0.7246934971912445,1.3701719842322486,0.9727035303791358
20240509,0.0118559592630508,0.0181463601722288,0.0096658381662526,0.0118559592630508,0.0181463601722288,0.0,0.0,0.0,0.0,1.3864166874606796,0.990354558982194,0.7316982672552308,1.3864166874606796,0.990354558982194
20240510,-0.0015478175353867,0.0002900876216377,0.0005470459518599,-0.0015478175353867,0.0002900876216377,0.0,0.0,0.0,0.0,1.3842707674004753,0.9906418485807872,0.7320985398303157,1.3842707674004753,0.9906418485807872
20240513,-0.0193013158393786,-0.02351902616504,-0.0008201202843084,-0.0193013158393786,-0.02351902616504,0.0,0.0,0.0,0.0,1.3575525201116598,0.9673429170238321,0.7314981309676882,1.3575525201116598,0.9673429170238321
20240514,0.0020527633240988,0.0071300931308737,-0.001641586867305,0.0020527633240988,0.0071300931308737,0.0,0.0,0.0,0.0,1.3603392541354828,0.9742401621117032,0.7302973132424335,1.3603392541354828,0.9742401621117032
20240515,-0.0020886168304895,0.0006847231619242,-0.0071252397917236,-0.0020886168304895,0.0006847231619242,0.0,0.0,0.0,0.0,1.35749802667412,0.9749072469159779,0.7250937697663297,1.35749802667412,0.9749072469159779
20240516,0.0061440569723724,0.013890190875581,0.0033121722329558,0.0061440569723724,0.013890190875581,0.0,0.0,0.0,0.0,1.3658385718898887,0.988448894661628,0.727495405216839,1.3658385718898887,0.988448894661628
20240517,0.0168343220950188,0.0118628661879629,0.0112792297111417,0.0168343220950188,0.0118628661879629,0.0,0.0,0.0,0.0,1.3888315383388836,1.0001747316326388,0.7357009930060798,1.3888315383388836,1.0001747316326388
20240520,0.0010848696736223,-0.0027007997672057,0.0021762785636563,0.0010848696736223,-0.0027007997672057,0.0,0.0,0.0,0.0,1.3903382395565977,0.9974734599502804,0.7373020833064197,1.3903382395565977,0.9974734599502804
20240521,-0.0181573118766756,-0.0117734142647371,-0.0032573289902281,-0.0181573118766756,-0.0117734142647371,0.0,0.0,0.0,0.0,1.3650934345269006,0.9857297916882051,0.73490044785591,1.3650934345269006,0.9857297916882051
20240522,0.0062582940865387,-0.0016486777204838,0.0021786492374726,0.0062582940865387,-0.0016486777204838,0.0,0.0,0.0,0.0,1.3736365906957733,0.9841046409422316,0.7365015381562496,1.3736365906957733,0.9841046409422316
20240523,-0.024986235449487,-0.0242843101267466,-0.0100543478260869,-0.024986235449487,-0.0242843101267466,0.0,0.0,0.0,0.0,1.3393145834186182,0.9602063386444198,0.7290964955171787,1.3393145834186182,0.9602063386444198
20240524,-0.0030777231677078,-0.0062923469745326,-0.0112544606093879,-0.0030777231677078,-0.0062923469745326,0.0,0.0,0.0,0.0,1.3351925438963819,0.9541643871945236,0.7208909077279378,1.3351925438963819,0.9541643871945236
20240527,-0.0030737303387576,0.0058520205559042,0.008328706274292,-0.0030737303387576,0.0058520205559042,0.0,0.0,0.0,0.0,1.3310885220661246,0.9597481768020977,0.7268949963542116,1.3310885220661246,0.9597481768020977
20240528,-0.0143271890738139,-0.0175562869212597,-0.0063325991189426,-0.0143271890738139,-0.0175562869212597,0.0,0.0,0.0,0.0,1.3120177651364997,0.9428985624380042,0.7222918617407352,1.3120177651364997,0.9428985624380042
20240529,0.0052645110319403,-0.0010525283994648,0.000277085065115,0.0052645110319403,-0.0010525283994648,0.0,0.0,0.0,0.0,1.3189248971351624,0.9419061349232236,0.7224919980282777,1.3189248971351624,0.9419061349232236
20240530,-0.0099064013319783,-0.0105401267378809,-0.0038781163434902,-0.0099064013319783,-0.0105401267378809,0.0,0.0,0.0,0.0,1.3058590977774032,0.9319783248859453,0.7196900900026834,1.3058590977774032,0.9319783248859453
20240531,-0.0035751169718749,0.0040982401985305,-0.0038932146829812,-0.0035751169718749,0.0040982401985305,0.0,0.0,0.0,0.0,1.301190498754062,0.9357977959211521,0.7168881819770888,1.301190498754062,0.9357977959211521
20240603,-0.017920298660694,-0.021787668940675,0.0013958682300392,-0.017920298660694,-0.021787668940675,0.0,0.0,0.0,0.0,1.2778727764019318,0.9154089433482087,0.7178888634148012,1.2778727764019318,0.9154089433482087
20240604,0.0004787010409066,-0.0040054473231766,0.0069696124895455,0.0004787010409066,-0.0040054473231766,0.0,0.0,0.0,0.0,1.2784844954301415,0.9117423210464626,0.7228922706033626,1.2784844954301415,0.9117423210464626
20240605,-0.0201818348738159,-0.0208189477522948,-0.0035991140642304,-0.0201818348738159,-0.0208189477522948,0.0,0.0,0.0,0.0,1.2526823324546366,0.8927608053010403,0.7202904988653106,1.2526823324546366,0.8927608053010403
20240606,-0.0281185121754558,-0.0391997834560102,0.0,-0.0281185121754558,-0.0391997834560102,0.0,0.0,0.0,0.0,1.2174587690375325,0.8577647750552263,0.7202904988653106,1.2174587690375325,0.8577647750552263
20240607,0.016877062663401,0.0200153729086312,-0.0063906640733537,0.016877062663401,0.0200153729086312,0.0,0.0,0.0,0.0,1.238005896972686,0.8749332568958448,0.7156873642518341,1.238005896972686,0.8749332568958448
20240611,-0.0073946532611291,-0.0023071905661494,-0.0069910514541386,-0.0073946532611291,-0.0023071905661494,0.0,0.0,0.0,0.0,1.22885127262934,0.8729146191395244,0.7106839570632727,1.22885127262934,0.8729146191395244
20240612,0.0152546184261074,0.0114873041139981,-0.0011264432554209,0.0152546184261074,0.0114873041139981,0.0,0.0,0.0,0.0,1.2475969298957368,0.8829420548351349,0.709883411913103,1.2475969298957368,0.8829420548351349
20240613,-0.0198740519596263,-0.0107541296162322,-0.0036650690724556,-0.0198740519596263,-0.0107541296162322,0.0,0.0,0.0,0.0,1.2228021236863187,0.8734467815338154,0.707281640175051,1.2228021236863187,0.8734467815338154
20240614,0.0022205644590036,-8.800596718128159e-05,0.0056593095642329,0.0022205644590036,-8.800596718128159e-05,0.0,0.0,0.0,0.0,1.2255174346225708,0.8733699130050251,0.7112843659259,1.2255174346225708,0.8733699130050251
20240617,-0.0155155076821606,-0.0078776929279667,-0.0028137310073156,-0.0155155076821606,-0.0078776929279667,0.0,0.0,0.0,0.0,1.2065029094510626,0.8664897730178465,0.7092830030504755,1.2065029094510626,0.8664897730178465
20240618,0.0066340938747464,0.0108948473274303,0.0031038374717833,0.0066340938747464,0.0108948473274303,0.0,0.0,0.0,0.0,1.2145069630125158,0.8759300468056557,0.7114845022134426,1.2145069630125158,0.8759300468056557
20240619,-0.0114529198718477,-0.0119529941877299,-0.0028129395218002,-0.0114529198718477,-0.0119529941877299,0.0,0.0,0.0,0.0,1.2005973120813325,0.8654600600473297,0.7094831393380181,1.2005973120813325,0.8654600600473297
20240620,-0.0243715902065764,-0.0200020688904906,-0.0064880112834978,-0.0243715902065764,-0.0200020688904906,0.0,0.0,0.0,0.0,1.171336846388169,0.8481490683042948,0.7048800047245416,1.171336846388169,0.8481490683042948
20240621,-4.6725153134197445e-05,-0.0026012910000662,-0.0017035775127768,-4.6725153134197445e-05,-0.0026012910000662,0.0,0.0,0.0,0.0,1.1712821154946498,0.8459427857662003,0.7036791869992869,1.1712821154946498,0.8459427857662003
20240624,-0.0344195899485628,-0.0391123805786436,-0.0048350398179749,-0.0344195899485628,-0.0391123805786436,0.0,0.0,0.0,0.0,1.1309670653652388,0.8128559495815547,0.7002768701110651,1.1309670653652388,0.8128559495815547
20240625,0.001987468301275,0.0083824630070138,-0.0060017147756501,0.001987468301275,0.0083824630070138,0.0,0.0,0.0,0.0,1.1332148265574382,0.8196696845089532,0.6960740080726735,1.1332148265574382,0.8196696845089532
20240626,0.0195526309322257,0.0226383519578265,0.0060379528464635,0.0195526309322257,0.0226383519578265,0.0,0.0,0.0,0.0,1.1553721578280418,0.8382256553160276,0.7002768701110652,1.1553721578280418,0.8382256553160276
20240627,-0.0191064398153364,-0.020077264634469,-0.0054301228922549,-0.0191064398153364,-0.020077264634469,0.0,0.0,0.0,0.0,1.133297109230185,0.8213963770108464,0.6964742806477585,1.133297109230185,0.8213963770108464
20240628,-0.0045420266463261,-0.005175560990185,0.0020114942528737,-0.0045420266463261,-0.005175560990185,0.0,0.0,0.0,0.0,1.128149643561857,0.8171451899645098,0.6978752346605558,1.128149643561857,0.8171451899645098
20240701,0.0365165466624128,0.0144835166703967,0.0040149125322626,0.0365165466624128,0.0144835166703967,0.0,0.0,0.0,0.0,1.169345772663168,0.8289803259454953,0.7006771426861501,1.169345772663168,0.8289803259454953
20240702,0.019108485990931,0.0088972648870435,-0.001428163381891,0.019108485990931,0.0088972648870435,0.0,0.0,0.0,0.0,1.1916901999786564,0.8363559834915801,0.6996764612484377,1.1916901999786564,0.8363559834915801
20240703,-0.0122964189263251,-0.0019400246686115,-0.001716247139588,-0.0122964189263251,-0.0019400246686115,0.0,0.0,0.0,0.0,1.1770366780493229,0.8347334322518656,0.698475643523183,1.1770366780493229,0.8347334322518656
20240704,-0.0272759219011135,-0.0296694949689884,-0.0042979942693409,-0.0272759219011135,-0.0296694949689884,0.0,0.0,0.0,0.0,1.1449319175441035,0.8099673128832224,0.6954735992100463,1.1449319175441035,0.8099673128832224
20240705,0.0173766310918309,0.0204698143278345,-0.004892086330935,0.0173766310918309,0.0204698143278345,0.0,0.0,0.0,0.0,1.16482697710053,0.8265471933895571,0.6920712823218247,1.16482697710053,0.8265471933895571
20240708,-0.0314049084046078,-0.029114683223095,-0.0069404279930597,-0.0314049084046078,-0.029114683223095,0.0,0.0,0.0,0.0,1.1282456925774718,0.8024825336850819,0.6872680114208055,1.1282456925774718,0.8024825336850819
20240709,0.0144104798755662,0.0081775070386126,0.0107746068724519,0.0144104798755662,0.0081775070386126,0.0,0.0,0.0,0.0,1.1445042544250537,0.8090448402526553,0.6946730540598764,1.1445042544250537,0.8090448402526553
20240710,-0.0135582764186262,-0.0112927021532637,-0.0023048112935752,-0.0135582764186262,-0.0112927021532637,0.0,0.0,0.0,0.0,1.128986749381265,0.7999085378430473,0.6930719637595368,1.128986749381265,0.7999085378430473
20240711,0.0295922410771673,0.0296209320592119,0.0132832803927229,0.0295922410771673,0.0296209320592119,0.0,0.0,0.0,0.0,1.1623959974418832,0.8236025742960796,0.70227823298649,1.1623959974418832,0.8236025742960796
20240712,-0.0024206850733554,0.0008333476116645,0.0028498147620403,-0.0024206850733554,0.0008333476116645,0.0,0.0,0.0,0.0,1.1595822028015477,0.82428892153433,0.7042795958619145,1.1595822028015477,0.82428892153433
20240715,-0.012472752465529,-0.0145690630167874,0.0019892014776925,-0.012472752465529,-0.0145690630167874,0.0,0.0,0.0,0.0,1.145119021022571,0.8122798042924566,0.7056805498747117,1.145119021022571,0.8122798042924566
20240716,-0.0012239139308012,-0.0045314373654763,0.0070901871809416,-0.0012239139308012,-0.0045314373654763,0.0,0.0,0.0,0.0,1.143717493900316,0.808599009236064,0.7106839570632733,1.143717493900316,0.808599009236064
20240717,-0.0094682905391841,-0.0065716751356093,0.0014080540692762,-0.0094682905391841,-0.0065716751356093,0.0,0.0,0.0,0.0,1.1328884443733205,0.8032851592323891,0.7116846385009855,1.1328884443733205,0.8032851592323891
20240718,0.0027728247291668,0.0014845599833736,0.0059055118110233,0.0027728247291668,0.0014845599833736,0.0,0.0,0.0,0.0,1.136029745467266,0.8044776842350233,0.715887500539377,1.136029745467266,0.8044776842350233
20240719,-0.0043779454352543,0.0017974940680968,0.0064299692479734,-0.0043779454352543,0.0017974940680968,0.0,0.0,0.0,0.0,1.1310562692287847,0.805923728100352,0.7204906351528537,1.1310562692287847,0.805923728100352
20240722,-0.0045925696067029,-0.0014183824526477,-0.0080555555555554,-0.0045925696067029,-0.0014183824526477,0.0,0.0,0.0,0.0,1.1258618145832537,0.804780620026242,0.7146866828141225,1.1258618145832537,0.804780620026242
20240723,-0.0223372444837872,-0.0200178640217105,-0.019602352282274,-0.0223372444837872,-0.0200178640217105,0.0,0.0,0.0,0.0,1.1007131639759473,0.7886706310072488,0.7006771426861502,1.1007131639759473,0.7886706310072488
20240724,-0.0214269131431014,-0.0206861707633635,-0.0062839188803197,-0.0214269131431014,-0.0206861707633635,0.0,0.0,0.0,0.0,1.0771282786159664,0.7723560556581831,0.6962741443602163,1.0771282786159664,0.7723560556581831
20240725,0.001651840416892,0.0050061779922513,-0.0057487783845934,0.001651840416892,0.0050061779922513,0.0,0.0,0.0,0.0,1.0789075226407614,0.7762226075462011,0.692271418609367,1.0789075226407614,0.7762226075462011
20240726,0.0150679388223737,0.0115266166242809,0.0043365134431916,0.0150679388223737,0.0115266166242809,0.0,0.0,0.0,0.0,1.0951644351869112,0.7851698279584858,0.6952734629225039,1.0951644351869112,0.7851698279584858
20240729,-0.0039352661754047,-0.0025412106067384,-0.0057570523891766,-0.0039352661754047,-0.0025412106067384,0.0,0.0,0.0,0.0,1.0908546716286138,0.7831745460635867,0.6912707371716549,1.0908546716286138,0.7831745460635867
20240730,0.0008720632103672,0.0116960770125935,-0.0066589461493922,0.0008720632103672,0.0116960770125935,0.0,0.0,0.0,0.0,1.0918059658555983,0.7923346158686494,0.6866676025581782,1.0918059658555983,0.7923346158686494
20240731,0.0444045190331055,0.0372581607063952,0.0224424366074031,0.0444045190331055,0.0372581607063952,0.0,0.0,0.0,0.0,1.1402870846468913,0.8218555463199233,0.7020780966989476,1.1402870846468913,0.8218555463199233
20240801,0.0120656202127504,0.0001482476461374,-0.0071265678449258,0.0120656202127504,0.0001482476461374,0.0,0.0,0.0,0.0,1.154045355543745,0.8219773844701302,0.6970746895103862,1.154045355543745,0.8219773844701302
20240802,0.0037869536846032,-0.0070410364699418,-0.0103359173126615,0.0037869536846032,-0.0070410364699418,0.0,0.0,0.0,0.0,1.1584156718551206,0.8161898117286087,0.6898697831588577,1.1584156718551206,0.8161898117286087
20240805,-0.0220799999471059,-0.0182580633298024,-0.0113141862489122,-0.0220799999471059,-0.0182580633298024,0.0,0.0,0.0,0.0,1.132837853881833,0.8012877664569282,0.6820644679447017,1.132837853881833,0.8012877664569282
20240806,0.0201104539085587,0.0223301976504136,0.0,0.0201104539085587,0.0223301976504136,0.0,0.0,0.0,0.0,1.155619737328194,0.8191806806567699,0.6820644679447017,1.155619737328194,0.8191806806567699
20240807,-0.0060556560497045,-0.004926766919708,-0.0020539906103285,-0.0060556560497045,-0.004926766919708,0.0,0.0,0.0,0.0,1.1486217016746847,0.8151447683780463,0.6806635139319045,1.1486217016746847,0.8151447683780463
20240808,0.0063521097550037,0.0103409779796125,0.001176124669215,0.0063521097550037,0.0103409779796125,0.0,0.0,0.0,0.0,1.1559178727907014,0.8235741624780399,0.6814640590820744,1.1559178727907014,0.8235741624780399
20240809,-0.0102583653546225,-0.0105442655506024,-0.00352422907489,-0.0102583653546225,-0.0105442655506024,0.0,0.0,0.0,0.0,1.1440600449316762,0.8148901778082566,0.6790624236315648,1.1440600449316762,0.8148901778082566
20240812,0.0099224105263758,-0.0036279588241052,-0.0011788977306218,0.0099224105263758,-0.0036279588241052,0.0,0.0,0.0,0.0,1.1554118783643121,0.8119337897970005,0.678261878481395,1.1554118783643121,0.8119337897970005
20240813,-0.0060445949283264,7.044438120766506e-05,0.0014753614635587,-0.0060445949283264,7.044438120766506e-05,0.0,0.0,0.0,0.0,1.148427881584223,0.8119909859704043,0.6792625599191073,1.148427881584223,0.8119909859704043
20240814,-0.005610208985741,-0.0036161130091803,-0.007071302298173,-0.005610208985741,-0.0036161130091803,0.0,0.0,0.0,0.0,1.1419849611634836,0.8090547348026996,0.6744592890180885,1.1419849611634836,0.8090547348026996
20240815,0.0116213517319472,0.0068013892847822,0.0112759643916913,0.0116213517319472,0.0068013892847822,0.0,0.0,0.0,0.0,1.1552563700697585,0.814557431006789,0.6820644679447019,1.1552563700697585,0.814557431006789
20240816,-0.0033417269780699,-0.006938888042661,0.0005868544600942,-0.0033417269780699,-0.006938888042661,0.0,0.0,0.0,0.0,1.1513958186913091,0.8089053081887154,0.682464740519787,1.1513958186913091,0.8089053081887154
20240819,-0.0086135888920735,-0.002267679656646,0.0026392961876831,-0.0086135888920735,-0.002267679656646,0.0,0.0,0.0,0.0,1.1414781684570499,0.8070709700771829,0.6842659671076691,1.1414781684570499,0.8070709700771829
20240820,-0.0225259837528603,-0.021267148422801,-0.0046797309154722,-0.0225259837528603,-0.021267148422801,0.0,0.0,0.0,0.0,1.1157652497801416,0.7899068719688175,0.6810637865069898,1.1157652497801416,0.7899068719688175
20240821,-0.0084643191324783,0.0026238522026662,-0.0044078754040552,-0.0084643191324783,0.0026238522026662,0.0,0.0,0.0,0.0,1.106321056629073,0.7919794708547341,0.678061742193853,1.106321056629073,0.7919794708547341
20240822,-0.0204105392619724,-0.0186122181304528,-0.0026564344746163,-0.0204105392619724,-0.0186122181304528,0.0,0.0,0.0,0.0,1.0837404472663985,0.7772389761883453,0.6762605156059708,1.0837404472663985,0.7772389761883453
20240823,-0.0058319733310841,-0.002871086631366,0.0041432376442733,-0.0058319733310841,-0.002871086631366,0.0,0.0,0.0,0.0,1.0774201018801237,0.7750074557544343,0.6790624236315652,1.0774201018801237,0.7750074557544343
20240826,0.0073091026791664,0.0116000971503637,0.0002947244326556,0.0073091026791664,0.0116000971503637,0.0,0.0,0.0,0.0,1.0852950760333633,0.783997617533442,0.6792625599191078,1.0852950760333633,0.783997617533442
20240827,-0.0079514629322751,-0.0120536257130037,-0.0050088391278727,-0.0079514629322751,-0.0120536257130037,0.0,0.0,0.0,0.0,1.0766653924657033,0.7745476036918072,0.675860243030886,1.0766653924657033,0.7745476036918072
20240828,0.0051518844208279,0.0019015195225451,-0.0059224163458689,0.0051518844208279,0.0019015195225451,0.0,0.0,0.0,0.0,1.0822122481275918,0.7760204210813677,0.671857517280037,1.0822122481275918,0.7760204210813677
20240829,0.0164746516635346,0.0120386350264532,-0.0029788501638366,0.0164746516635346,0.0120386350264532,0.0,0.0,0.0,0.0,1.1000413179415045,0.7853626477038408,0.6698561544046124,1.1000413179415045,0.7853626477038408
20240830,0.0160338337470124,0.0229953975653859,0.0134448760083656,0.0160338337470124,0.0229953975653859,0.0,0.0,0.0,0.0,1.1176791975482232,0.8034223740207946,0.6788622873440231,1.1176791975482232,0.8034223740207946
20240902,0.0048311942912869,-0.0108049850780957,-0.0176886792452829,0.0048311942912869,-0.0108049850780957,0.0,0.0,0.0,0.0,1.1230789229069083,0.7947414072580917,0.6668541100914755,1.1230789229069083,0.7947414072580917
20240903,0.0088194954289616,0.0086389282423969,0.0036014405762303,0.0088194954289616,0.0086389282423969,0.0,0.0,0.0,0.0,1.1329839123338488,0.8016071212466559,0.669255745541985,1.1329839123338488,0.8016071212466559
20240904,-0.0115074278760695,-0.007041235202372,-0.00627990430622,-0.0115074278760695,-0.007041235202372,0.0,0.0,0.0,0.0,1.11994618167792,0.7959628169660619,0.6650528835035934,1.11994618167792,0.7959628169660619
20240905,0.0087152104869474,0.0101632393052024,0.0021065302437557,0.0087152104869474,0.0101632393052024,0.0,0.0,0.0,0.0,1.129706748385296,0.804052377552931,0.6664538375163906,1.129706748385296,0.804052377552931
20240906,-0.0159782340495814,-0.0170312978635333,-0.0084084084084085,-0.0159782340495814,-0.0170312978635333,0.0,0.0,0.0,0.0,1.1116560295522042,0.7903583220129449,0.6608500214652017,1.1116560295522042,0.7903583220129449
20240909,-0.0030906748258984,0.0018383369225111,-0.0124167171411264,-0.0030906748258984,0.0018383369225111,0.0,0.0,0.0,0.0,1.108220262246609,0.7918112668983152,0.6526444336759609,1.108220262246609,0.7918112668983152
20240910,-0.002909761378907,-0.0021775998206584,0.0,-0.002909761378907,-0.0021775998206584,0.0,0.0,0.0,0.0,1.1049956057282018,0.7900870188255221,0.6526444336759609,1.1049956057282018,0.7900870188255221
20240911,-0.0126343048905799,-0.0075803712513781,-0.0021465808034346,-0.0126343048905799,-0.0075803712513781,0.0,0.0,0.0,0.0,1.0910347543426806,0.7840978659019301,0.6512434796631636,1.0910347543426806,0.7840978659019301
20240912,0.005819687564938,-0.0031181875883922,-0.0033804548248309,0.005819687564938,-0.0031181875883922,0.0,0.0,0.0,0.0,1.0973842357354437,0.7816529016683899,0.6490419805001967,1.0973842357354437,0.7816529016683899
20240913,-0.0087462067430216,-0.0186338426247678,-0.0046253469010174,-0.0087462067430216,-0.0186338426247678,0.0,0.0,0.0,0.0,1.0877862863331689,0.767087704511508,0.6460399361870599,1.0877862863331689,0.767087704511508
20240918,-0.0043519100428421,-0.0103039186441051,0.0030978934324659,-0.0043519100428421,-0.0103039186441051,0.0,0.0,0.0,0.0,1.0830523382692097,0.7591836952113281,0.6480412990624845,1.0830523382692097,0.7591836952113281
20240919,0.027927222571715,0.0295088597458232,0.0083384805435453,0.027927222571715,0.0295088597458232,0.0,0.0,0.0,0.0,1.1132989819768704,0.781586340394635,0.653444978826131,1.1132989819768704,0.781586340394635
20240920,0.0010105885577399,-0.0032268237039541,0.0027565084226646,0.0010105885577399,-0.0032268237039541,0.0,0.0,0.0,0.0,1.1144240691893996,0.7790642990647629,0.6552462054140131,1.1144240691893996,0.7790642990647629
20240923,0.0116568535886812,0.005022040694825,0.0027489309712889,0.0116568535886812,0.005022040694825,0.0,0.0,0.0,0.0,1.1274147473996428,0.7829767916785514,0.6570474320018953,1.1274147473996428,0.7829767916785514
20240924,0.0367890369556319,0.0398718226941342,0.0438623210478221,0.0367890369556319,0.0398718226941342,0.0,0.0,0.0,0.0,1.1688912502060527,0.8141955034899806,0.6858670574080096,1.1688912502060527,0.8141955034899806
20240925,0.0337728598437037,0.016989920399358,0.0137146192004669,0.0337728598437037,0.016989920399358,0.0,0.0,0.0,0.0,1.2083680505717933,0.8280286202837905,0.6952734629225052,1.2083680505717933,0.8280286202837905
20240926,0.0508223342158976,0.0394180126554028,0.0477835348301669,0.0508223342158976,0.0394180126554028,0.0,0.0,0.0,0.0,1.2697801354937657,0.8606678629171728,0.7284960866545536,1.2697801354937657,0.8606678629171728
20240927,0.0344896963557756,0.0432409109524998,0.0629120879120879,0.0344896963557756,0.0432409109524998,0.0,0.0,0.0,0.0,1.3135744668055414,0.8978839253372526,0.7743272965017769,1.3135744668055414,0.8978839253372526
20240930,0.0839171185337559,0.0925493766270255,0.0940811579219436,0.0839171185337559,0.0925493766270255,0.0,0.0,0.0,0.0,1.4238058510393772,0.980982522910642,0.8471769051672322,1.4238058510393772,0.980982522910642
20241008,0.019831852793971,0.0482186897986892,0.0422867942357667,0.019831852793971,0.0482186897986892,0.0,0.0,0.0,0.0,1.4520425590843846,1.0282842148808058,0.8830013006373326,1.4520425590843846,1.0282842148808058
20241009,-0.0871569996420827,-0.0850961540074085,-0.0883952855847687,-0.0871569996420827,-0.0850961540074085,0.0,0.0,0.0,0.0,1.3254868862819782,0.9407811829679217,0.8049481484957733,1.3254868862819782,0.9407811829679217
20241010,0.0137747687854184,0.0037196137601085,0.0159124813525608,0.0137747687854184,0.0037196137601085,0.0,0.0,0.0,0.0,1.3437451616686167,0.9442805256013403,0.8177568708984907,1.3437451616686167,0.9442805256013403
20241011,-0.0045211560131289,-0.0284439660419592,-0.0266764561918747,-0.0045211560131289,-0.0284439660419592,0.0,0.0,0.0,0.0,1.3376698801508258,0.9174214423970525,0.7959420155563626,1.3376698801508258,0.9174214423970525
20241014,0.0282802535959788,0.0245032397836599,0.0158410862459139,0.0282802535959788,0.0245032397836599,0.0,0.0,0.0,0.0,1.3754995235891936,0.9399012399827786,0.8085506016715375,1.3754995235891936,0.9399012399827786
20241015,-0.0101323821462581,-0.0135481988261583,-0.026980198019802,-0.0101323821462581,-0.0135481988261583,0.0,0.0,0.0,0.0,1.3615624367741919,0.9271672711065392,0.7867357463294093,1.3615624367741919,0.9271672711065392
20241016,0.0001476133514597,0.0036248978966294,-0.0063597049096921,0.0001476133514597,0.0036248978966294,0.0,0.0,0.0,0.0,1.3617634215687058,0.9305281577973968,0.7817323391408479,1.3617634215687058,0.9305281577973968
20241017,-0.0193956353109092,-0.0097781419835622,-0.0110087045570915,-0.0193956353109092,-0.0097781419835622,0.0,0.0,0.0,0.0,1.3353511548642234,0.9214293213507513,0.7731264787765223,1.3353511548642234,0.9214293213507513
20241018,0.0127271250745756,0.0214046628748521,0.0396065234273879,0.0127271250745756,0.0214046628748521,0.0,0.0,0.0,0.0,1.3523463360306591,0.9411522053372678,0.8037473307705185,1.3523463360306591,0.9411522053372678
20241021,0.0022859458809598,0.0081073992703594,0.0,0.0022859458809598,0.0081073992703594,0.0,0.0,0.0,0.0,1.3554377265671396,0.9487825020401163,0.8037473307705185,1.3554377265671396,0.9487825020401163
20241022,0.0053234825010081,0.0234152732269713,0.0059760956175298,0.0053234825010081,0.0234152732269713,0.0,0.0,0.0,0.0,1.3626533755857257,0.9709985035583549,0.8085506016715376,1.3626533755857257,0.9709985035583549
20241023,0.0071537673558132,0.0022363093466057,0.0037128712871286,0.0071537673558132,0.0022363093466057,0.0,0.0,0.0,0.0,1.3724014808212797,0.9731699565874027,0.8115526459846744,1.3724014808212797,0.9731699565874027
20241024,0.0039032021393824,0.0051601364274795,-0.0108508014796545,0.0039032021393824,0.0051601364274795,0.0,0.0,0.0,0.0,1.3777582412173128,0.978191646330518,0.8027466493328064,1.3777582412173128,0.978191646330518
20241025,0.0153207893484528,0.0193143861481438,0.0072301171777611,0.0153207893484528,0.0193143861481438,0.0,0.0,0.0,0.0,1.3988665850040982,0.9970848175146341,0.8085506016715377,1.3988665850040982,0.9970848175146341
20241028,0.0401003066485789,0.0306055829677058,0.0014851485148514,0.0401003066485789,0.0306055829677058,0.0,0.0,0.0,0.0,1.454961564023213,1.027601179622918,0.8097514193967924,1.454961564023213,1.027601179622918
20241029,-0.0413687318945255,-0.0183472555497387,-0.0081562036579336,-0.0413687318945255,-0.0183472555497387,0.0,0.0,0.0,0.0,1.3947716491642972,1.0087475181771635,0.8031469219078914,1.3947716491642972,1.0087475181771635
20241030,-0.0001444023614383,0.0062576517692298,-0.0104659855469723,-0.0001444023614383,0.0062576517692298,0.0,0.0,0.0,0.0,1.3945702408444907,1.0150599088689911,0.7947411978311081,1.3945702408444907,1.0150599088689911
20241031,0.0235420380100318,0.0147210594496813,0.0,0.0235420380100318,0.0147210594496813,0.0,0.0,0.0,0.0,1.4274012664621107,1.0300026661324397,0.7947411978311081,1.4274012664621107,1.0300026661324397
20241101,-0.0297565064471493,-0.016779114288856,0.0020146058927221,-0.0297565064471493,-0.016779114288856,0.0,0.0,0.0,0.0,1.3849267914739618,1.012720133679577,0.7963422881314477,1.3849267914739618,1.012720133679577
20241104,0.016695816099631,0.023275783017244,0.0133199296305606,0.016695816099631,0.023275783017244,0.0,0.0,0.0,0.0,1.408049274495863,1.0362919877682972,0.8069495113711982,1.408049274495863,1.0362919877682972
20241105,0.0187787023437598,0.0267926573075003,0.0260416666666665,0.0187787023437598,0.0267926573075003,0.0,0.0,0.0,0.0,1.4344906127069676,1.0640570038670816,0.8279638215631564,1.4344906127069676,1.0640570038670816
20241106,0.0095371768518923,0.008282993470154,-0.0062847474014985,0.0095371768518923,0.008282993470154,0.0,0.0,0.0,0.0,1.4481716033727334,1.0728705810819843,0.8227602780870525,1.4481716033727334,1.0728705810819843
20241107,0.0355858094835659,0.0272688381638835,0.0333252250060813,0.0355858094835659,0.0272688381638835,0.0,0.0,0.0,0.0,1.4997059621498656,1.1021265153283006,0.8501789494803697,1.4997059621498656,1.1021265153283006
20241108,-2.375523689477656e-05,-0.0049697490461348,-0.0127118644067798,-2.375523689477656e-05,-0.0049697490461348,0.0,0.0,0.0,0.0,1.4996703362794621,1.096649223130028,0.8393715899530767,1.4996703362794621,1.096649223130028
20241111,0.0132346760101819,0.009439720247768,0.0050071530758226,0.0132346760101819,0.009439720247768,0.0,0.0,0.0,0.0,1.5195179873022011,1.1070012850063076,0.8435744519914684,1.5195179873022011,1.1070012850063076
20241112,-0.019698567677664,-0.0053940817853056,-0.0109134045077106,-0.019698567677664,-0.0053940817853056,0.0,0.0,0.0,0.0,1.489585659391901,1.1010300295385451,0.8343681827645152,1.489585659391901,1.1010300295385451
20241113,-0.0089410897131724,-0.0075023913040633,0.0062365075557688,-0.0089410897131724,-0.0075023913040633,0.0,0.0,0.0,0.0,1.476267140375823,1.0927696714194226,0.8395717262406193,1.476267140375823,1.0927696714194226
20241114,-0.0024080701555085,-0.0148134595768393,-0.0169249106078667,-0.0024080701555085,-0.0148134595768393,0.0,0.0,0.0,0.0,1.4727121855335261,1.076581972065055,0.8253620498251044,1.4727121855335261,1.076581972065055
20241115,0.0043883394749209,-0.0168607813633525,-0.0167313288069834,0.0043883394749209,-0.0168607813633525,0.0,0.0,0.0,0.0,1.4791749465525,1.058429958814339,0.8115526459846748,1.4791749465525,1.058429958814339
20241118,0.0062709765802198,-0.0155577386262676,-0.0041923551171392,0.0062709765802198,-0.0155577386262676,0.0,0.0,0.0,0.0,1.4884508180003786,1.0419631821608943,0.8081503290964531,1.4884508180003786,1.0419631821608943
20241119,0.0077364960490098,0.0230978623544645,0.004952947003467,0.0077364960490098,0.0230978623544645,0.0,0.0,0.0,0.0,1.499966211872984,1.0660303043208663,0.8121530548473023,1.499966211872984,1.0660303043208663
20241120,0.0063766758580727,0.0289599809766373,0.0024642681123705,0.0063766758580727,0.0289599809766373,0.0,0.0,0.0,0.0,1.5095310102041593,1.0969025216545174,0.8141544177227268,1.5095310102041593,1.0969025216545174
20241121,0.0083401269398505,0.0054096378766193,0.0012291052114064,0.0083401269398505,0.0054096378766193,0.0,0.0,0.0,0.0,1.5221206904489026,1.102836367082619,0.8151550991604394,1.5221206904489026,1.102836367082619
20241122,-0.027723491364935,-0.0328569915172385,-0.0294623127915544,-0.027723491364935,-0.0328569915172385,0.0,0.0,0.0,0.0,1.4799221906308535,1.0666004819244832,0.791138744655344,1.4799221906308535,1.0666004819244832
20241125,-0.0090863390764324,0.012277250752933,-0.0055653933721223,-0.0090863390764324,0.012277250752933,0.0,0.0,0.0,0.0,1.4664751158000449,1.0796954034942692,0.78673574632941,1.4664751158000449,1.0796954034942692
20241126,0.0091487225528038,0.0017197398219926,-0.0020351055711014,0.0091487225528038,0.0017197398219926,0.0,0.0,0.0,0.0,1.47989148976509,1.0815521986752805,0.7851346560290704,1.47989148976509,1.0815521986752805
20241127,0.0255864533639318,0.0100890039945052,0.0163140453734387,0.0255864533639318,0.0100890039945052,0.0,0.0,0.0,0.0,1.5177566643516442,1.0924639831279812,0.7979433784317879,1.5177566643516442,1.0924639831279812
20241128,0.0304917789883417,0.0092926977070407,-0.0072736393278153,0.0304917789883417,0.0092926977070407,0.0,0.0,0.0,0.0,1.5640357651191372,1.1026159206790191,0.7921394260930565,1.5640357651191372,1.1026159206790191
20241129,0.027528561906607,0.0214193162991213,0.0108640727640223,0.027528561906607,0.0214193162991213,0.0,0.0,0.0,0.0,1.6070914205033668,1.1262331998404898,0.8007452864573824,1.6070914205033668,1.1262331998404898
20241202,0.0265299820380716,0.0260792597399591,0.0074981254686328,0.0265299820380716,0.0260792597399591,0.0,0.0,0.0,0.0,1.64972752702286,1.1556045279868952,0.8067493750836562,1.64972752702286,1.1556045279868952
20241203,0.0183106689435986,0.0026003979292352,0.0009923096005952,0.0183106689435986,0.0026003979292352,0.0,0.0,0.0,0.0,1.6799351416173172,1.158609559608487,0.8075499202338259,1.6799351416173172,1.158609559608487
20241204,0.0113744946209551,-0.0161367803739703,-0.0052044609665425,0.0113744946209551,-0.0161367803739703,0.0,0.0,0.0,0.0,1.6990435548491967,1.1399133316059025,0.8033470581954344,1.6990435548491967,1.1399133316059025
20241205,-0.0026233694778821,-0.0002872910012333,-0.0017438963627306,-0.0026233694778821,-0.0002872910012333,0.0,0.0,0.0,0.0,1.6945863358458129,1.1395858447635463,0.801946104182637,1.6945863358458129,1.1395858447635463
20241206,-0.0021340976786095,0.0034117742097107,0.0124781632143751,-0.0021340976786095,0.0034117742097107,0.0,0.0,0.0,0.0,1.6909699230802808,1.143473854358462,0.8119529185597603,1.6909699230802808,1.143473854358462
20241209,-0.0049168799498966,0.0023321204994789,-0.0007394626571357,-0.0049168799498966,0.0023321204994789,0.0,0.0,0.0,0.0,1.6826556269696091,1.1461405731748293,0.811352509697133,1.6826556269696091,1.1461405731748293
20241210,0.0144243291709102,0.0087872860525735,0.0076467686235814,0.0144243291709102,0.0087872860525735,0.0,0.0,0.0,0.0,1.7069268056143032,1.1562120382477772,0.8175567346109491,1.7069268056143032,1.1562120382477772
20241211,0.0236796022056619,0.0188358464016275,-0.0024479804161566,0.0236796022056619,0.0188358464016275,0.0,0.0,0.0,0.0,1.7473461533654313,1.177990270607925,0.8155553717355246,1.7473461533654313,1.177990270607925
20241212,0.0067042137550707,0.0182996192178929,0.0103067484662577,0.0067042137550707,0.0182996192178929,0.0,0.0,0.0,0.0,1.7590607354816938,1.1995470440024325,0.823961095812308,1.7590607354816938,1.1995470440024325
20241213,-0.0260104148267579,-0.0204078054878715,-0.0235608452756862,-0.0260104148267579,-0.0204078054878715,0.0,0.0,0.0,0.0,1.713306836046353,1.1750669212548797,0.8045478759206893,1.713306836046353,1.1750669212548797
20241216,-0.0014888150989268,-0.0048188195216871,-0.0059701492537312,-0.0014888150989268,-0.0048188195216871,0.0,0.0,0.0,0.0,1.7107560389597527,1.169404485835448,0.7997446050196704,1.7107560389597527,1.169404485835448
20241217,-0.0172371455925626,-0.0341038785454787,0.0027527527527526,-0.0172371455925626,-0.0341038785454787,0.0,0.0,0.0,0.0,1.6812674880428478,1.1295232572799778,0.8019461041826373,1.6812674880428478,1.1295232572799778
20241218,0.0012166021226318,-0.0046449193331983,0.0042425754928876,0.0012166021226318,-0.0046449193331983,0.0,0.0,0.0,0.0,1.6833129216375127,1.124276712864941,0.8053484210708594,1.6833129216375127,1.124276712864941
20241219,0.0026195196174354,-0.0023965682432724,0.0014910536779324,0.0026195196174354,-0.0023965682432724,0.0,0.0,0.0,0.0,1.6877223928580247,1.121582306998238,0.8065492387961142,1.6877223928580247,1.121582306998238
20241220,-0.0261788862820262,0.0030645290959434,-0.0029776674937966,-0.0261788862820262,0.0030645290959434,0.0,0.0,0.0,0.0,1.6435397002597654,1.1250194286115296,0.8041476033456046,1.6435397002597654,1.1250194286115296
20241223,-0.050671171162454,-0.0447786831369858,0.0009955201592835,-0.050671171162454,-0.0447786831369858,0.0,0.0,0.0,0.0,1.5602596187956144,1.074642540094781,0.8049481484957747,1.5602596187956144,1.074642540094781
20241224,-0.0056584709156317,0.0082067244465196,0.0116857284932867,-0.0056584709156317,0.0082067244465196,0.0,0.0,0.0,0.0,1.551430935121825,1.0834618352998469,0.8143545540102701,1.551430935121825,1.0834618352998469
20241225,-0.0203734937787617,-0.0206027796150456,0.0007372818874418,-0.0203734937787617,-0.0206027796150456,0.0,0.0,0.0,0.0,1.519822866616942,1.0611395098858512,0.8149549628728977,1.519822866616942,1.0611395098858512
20241226,-4.137165147525602e-05,0.0098084433331179,0.00024557956778,-4.137165147525602e-05,0.0098084433331179,0.0,0.0,0.0,0.0,1.5197599890350002,1.0715476366370988,0.8151550991604403,1.5197599890350002,1.0715476366370988
20241227,0.0158641865788122,0.0141416679729473,-0.0014731156395778,0.0158641865788122,0.0141416679729473,0.0,0.0,0.0,0.0,1.5438697450560652,1.086701107531617,0.8139542814351854,1.5438697450560652,1.086701107531617
20241230,-0.0042386250347581,-0.0084543901079512,0.0046717482173592,-0.0042386250347581,-0.0084543901079512,0.0,0.0,0.0,0.0,1.537325860104265,1.077513712437802,0.8177568708984922,1.537325860104265,1.077513712437802
20241231,0.004469972775676,-0.0176808466469413,-0.0156632403328438,0.004469972775676,-0.0176808466469413,0.0,0.0,0.0,0.0,1.5441976648462739,1.0584623577282128,0.8049481484957748,1.5441976648462739,1.0584623577282128
20250102,0.003172065017837,-0.0067870606648618,-0.0280954748881155,0.003172065017837,-0.0067870606648618,0.0,0.0,0.0,0.0,1.5490959602395584,1.051278509494839,0.7823327480034767,1.5490959602395584,1.051278509494839
20250103,-0.0179925931435362,-0.0242712948443577,-0.0102327961115372,-0.0179925931435362,-0.0242712948443577,0.0,0.0,0.0,0.0,1.5212237068866725,1.0257626188273528,0.7743272965017786,1.5212237068866725,1.0257626188273528
20250106,0.0012617425942783,-0.000432631149472,-0.0041354355130523,0.0012617425942783,-0.000432631149472,0.0,0.0,0.0,0.0,1.5231430996330773,1.025318841966484,0.7711251159010993,1.5231430996330773,1.025318841966484
20250107,0.0057229564027055,0.0140707416283393,0.007007526602647,0.0057229564027055,0.0140707416283393,0.0,0.0,0.0,0.0,1.531859981187359,1.0397458384784624,0.7765287956647455,1.531859981187359,1.0397458384784624
20250108,-0.010105432915646,-0.0019448438382981,-0.0015463917525773,-0.010105432915646,-0.0019448438382981,0.0,0.0,0.0,0.0,1.5163798729113074,1.0377236951911015,0.7753279779394908,1.5163798729113074,1.0377236951911015
20250109,-0.0059345862597712,0.000202111480505,-0.0020650490449147,-0.0059345862597712,0.000202111480505,0.0,0.0,0.0,0.0,1.5073807857529344,1.0379334310634918,0.7737268876391512,1.5073807857529344,1.0379334310634918
20250110,-0.0496081972009905,-0.0322090533019027,-0.011122607346094,-0.0496081972009905,-0.0322090533019027,0.0,0.0,0.0,0.0,1.4326023424763188,1.004502577858541,0.7651210272748254,1.4326023424763188,1.004502577858541
20250113,-0.007370440428789,0.0050695503519145,-0.0039236201935652,-0.007370440428789,0.0050695503519145,0.0,0.0,0.0,0.0,1.4220434322529536,1.0095949542556228,0.7621189829616886,1.4220434322529536,1.0095949542556228
20250114,0.0365190174492835,0.0410877384374459,0.0257352941176469,0.0365190174492835,0.0410877384374459,0.0,0.0,0.0,0.0,1.4739750611690383,1.0510769276638432,0.7817323391408496,1.4739750611690383,1.0510769276638432
20250115,-0.0018264412132026,-0.0031039803296884,-0.0058883768561187,-0.0018264412132026,-0.0031039803296884,0.0,0.0,0.0,0.0,1.4712829323700862,1.0478144055553853,0.7771292045273731,1.4712829323700862,1.0478144055553853
20250116,0.006975749710366,0.0080771649879833,0.000515065670873,0.006975749710366,0.0080771649879833,0.0,0.0,0.0,0.0,1.4815462338594332,1.0562777753858419,0.777529477102458,1.4815462338594332,1.0562777753858419
20250117,0.013643502119548,0.0053644410775283,0.0033462033462032,0.013643502119548,0.0053644410775283,0.0,0.0,0.0,0.0,1.5017597130413027,1.0619441152734017,0.78013124884051,1.5017597130413027,1.0619441152734017
20250120,0.0196224680754968,0.0034941534983912,0.0048742945100048,0.0196224680754968,0.0034941534983912,0.0,0.0,0.0,0.0,1.531227945067523,1.0656547110188803,0.7839338383038166,1.531227945067523,1.0656547110188803
20250121,-0.0111016652323909,-0.0038808259150595,0.0012764871074804,-0.0111016652323909,-0.0038808259150595,0.0,0.0,0.0,0.0,1.5142287650269015,1.061519090599853,0.7849345197415291,1.5142287650269015,1.061519090599853
20250122,-0.0094343039246997,-0.0176344701328601,-0.0091789903110658,-0.0094343039246997,-0.0176344701328601,0.0,0.0,0.0,0.0,1.499943070646115,1.0427997639012092,0.7777296133900005,1.499943070646115,1.0427997639012092
20250123,0.0026097747730876,-0.0013528930278782,0.0028306742151311,0.0026097747730876,-0.0013528930278782,0.0,0.0,0.0,0.0,1.5038575842329547,1.0413889673711543,0.7799311125529674,1.5038575842329547,1.0413889673711543
20250124,-0.001616859788644,0.0072376581332598,0.0082114447010521,-0.001616859788644,0.0072376581332598,0.0,0.0,0.0,0.0,1.5014260573771612,1.0489261847007352,0.7863354737543262,1.5014260573771612,1.0489261847007352
20250127,-0.0134941452486949,-0.0057114671697754,-0.0055993891575463,-0.0134941452486949,-0.0057114671697754,0.0,0.0,0.0,0.0,1.4811655960787384,1.0429352772332992,0.7819324754283922,1.4811655960787384,1.0429352772332992
20250205,0.0201357351725825,0.0077558157501287,-0.0051190171487075,0.0201357351725825,0.0077558157501287,0.0,0.0,0.0,0.0,1.5109899542681204,1.0510240910828301,0.7779297496775429,1.5109899542681204,1.0510240910828301
20250206,0.0225399102114039,0.0160645472761815,0.0115770517108308,0.0225399102114039,0.0160645472761815,0.0,0.0,0.0,0.0,1.5450475321676571,1.067908317282436,0.7869358826169536,1.5450475321676571,1.067908317282436
20250207,0.0295982765332135,0.018587725837122,0.0142421159715158,0.0295982765332135,0.018587725837122,0.0,0.0,0.0,0.0,1.5907782762817144,1.0877583043032644,0.7981435147193314,1.5907782762817144,1.0877583043032644
20250210,0.0147786668555729,0.0160861976681395,0.0010030090270811,0.0147786668555729,0.0160861976681395,0.0,0.0,0.0,0.0,1.6142878584679645,1.105256199401447,0.7989440598695012,1.6142878584679645,1.105256199401447
20250211,0.0164568569634728,0.000523896797129,-0.0040080160320642,0.0164568569634728,0.000523896797129,0.0,0.0,0.0,0.0,1.6408539628526428,1.1058352395843203,0.7957418792688218,1.6408539628526428,1.1058352395843203
20250212,0.011913276486782,0.0053290695529124,0.0095573440643865,0.011913276486782,0.0053290695529124,0.0,0.0,0.0,0.0,1.6604019097865383,1.1117283124901267,0.8033470581954355,1.6604019097865383,1.1117283124901267
20250213,-0.0126226057516707,-0.0068694752738489,-0.0024912805181867,-0.0126226057516707,-0.0068694752738489,0.0,0.0,0.0,0.0,1.6394433110899818,1.104091322336238,0.8013456953200107,1.6394433110899818,1.104091322336238
20250214,-0.0071538882850029,-0.0043095504183154,0.0074925074925076,-0.0071538882850029,-0.0043095504183154,0.0,0.0,0.0,0.0,1.6277149167928489,1.0993331851162056,0.8073497839462845,1.6277149167928489,1.0993331851162056
20250217,-0.0022991384902621,0.0066734983532193,0.0017352503718395,-0.0022991384902621,0.0066734983532193,0.0,0.0,0.0,0.0,1.6239725747764766,1.106669583316718,0.8087507379590819,1.6239725747764766,1.106669583316718
20250218,-0.0325240866728017,-0.0198227229031425,-0.0071764414748826,-0.0325240866728017,-0.0198227229031425,0.0,0.0,0.0,0.0,1.5711543500001934,1.0847323788212946,0.8029467856203505,1.5711543500001934,1.0847323788212946
20250219,0.0065658551090929,0.0152652022113817,0.005234297108674,0.0065658551090929,0.0152652022113817,0.0,0.0,0.0,0.0,1.5814703218163155,1.1012910379292347,0.8071496476587422,1.5814703218163155,1.1012910379292347
20250220,-0.0010748508908076,0.0044757362145574,-0.002975452516737,-0.0010748508908076,0.0044757362145574,0.0,0.0,0.0,0.0,1.5797704770321255,1.106220126110462,0.8047480122082326,1.5797704770321255,1.106220126110462
20250221,0.0016129833894306,0.0020832933678452,0.0134294951504601,0.0016129833894306,0.0020832933678452,0.0,0.0,0.0,0.0,1.582318620570691,1.1085247071625648,0.8155553717355254,1.582318620570691,1.1085247071625648
20250224,0.0054413143788421,0.0046048601515435,-0.0031901840490796,0.0054413143788421,0.0046048601515435,0.0,0.0,0.0,0.0,1.5909285136327118,1.1136293084135793,0.8129535999974735,1.5909285136327118,1.1136293084135793
20250225,-0.0109373317193218,-0.0077976926126742,-0.0100935499753817,-0.0109373317193218,-0.0077976926126742,0.0,0.0,0.0,0.0,1.5735280007373833,1.1049455693821053,0.8047480122082326,1.5735280007373833,1.1049455693821053
20250226,0.0169510509636872,0.0214314853800973,0.0082069137030591,0.0169510509636872,0.0214314853800973,0.0,0.0,0.0,0.0,1.6002009540706714,1.128626194198121,0.8113525096971339,1.6002009540706714,1.128626194198121
20250227,0.0006802074201626,0.0027970108404067,0.0032067094227921,0.0006802074201626,0.0027970108404067,0.0,0.0,0.0,0.0,1.6012894226333816,1.1317829738980603,0.8139542814351858,1.6012894226333816,1.1317829738980603
20250228,-0.0191197537811477,-0.0240157797266033,-0.0179493484140643,-0.0191197537811477,-0.0240157797266033,0.0,0.0,0.0,0.0,1.570673163140275,1.1046023232986044,0.7993443324445864,1.570673163140275,1.1046023232986044
20250303,0.0029094155687204,0.0089261350293797,-0.0032548823234852,0.0029094155687204,0.0089261350293797,0.0,0.0,0.0,0.0,1.5752429040944866,1.1144621527901342,0.7967425607065344,1.5752429040944866,1.1144621527901342
20250304,-2.5774726476115705e-05,0.0093150004982086,-0.0010047726701833,-2.5774726476115705e-05,0.0093150004982086,0.0,0.0,0.0,0.0,1.5752023026395001,1.1248433682986088,0.7959420155563646,1.5752023026395001,1.1248433682986088
20250305,0.0028181453349689,0.0035622431460245,0.0042745788282625,0.0028181453349689,0.0035622431460245,0.0,0.0,0.0,0.0,1.5796414516603159,1.1288503338776816,0.7993443324445865,1.5796414516603159,1.1288503338776816
20250306,0.0174292073033989,0.0144425393839141,0.013770655983976,0.0174292073033989,0.0144425393839141,0.0,0.0,0.0,0.0,1.6071733499863454,1.1451537992832546,0.8103518282594219,1.6071733499863454,1.1451537992832546
20250307,-0.0071149477365162,-0.0055466691283557,-0.0024697456162017,-0.0071149477365162,-0.0055466691283557,0.0,0.0,0.0,0.0,1.595738395597671,1.1388020100575509,0.8083504653839971,1.595738395597671,1.1388020100575509
20250310,-0.0001071041578149,0.0016972641129428,-0.0039613765783609,-0.0001071041578149,0.0016972641129428,0.0,0.0,0.0,0.0,1.5955674853807176,1.1407348578409688,0.8051482847833178,1.5955674853807176,1.1407348578409688
20250311,0.0039647956083187,0.0031913213524638,0.0029828486204324,0.0039647956083187,0.0031913213524638,0.0,0.0,0.0,0.0,1.601893584339531,1.1443753093502964,0.8075499202338272,1.601893584339531,1.1443753093502964
20250312,0.0113119965249329,-4.416360619836587e-05,-0.0024783147459724,0.0113119965249329,-4.416360619836587e-05,0.0,0.0,0.0,0.0,1.620014198998892,1.1443247696097911,0.8055485573584029,1.620014198998892,1.1443247696097911
20250313,-0.0061693805759188,0.0014390363910047,-0.0049689440993792,-0.0061693805759188,0.0014390363910047,0.0,0.0,0.0,0.0,1.6100197148668758,1.1459714945963877,0.8015458316075534,1.6100197148668758,1.1459714945963877
20250314,0.0223638092479246,0.0241100657810112,0.0252184769038701,0.0223638092479246,0.0241100657810112,0.0,0.0,0.0,0.0,1.6460258886555565,1.1736009427142702,0.821759596649342,1.6460258886555565,1.1736009427142702
20250317,0.004552041743247,-0.0004386521363331,-0.0029225523623964,0.004552041743247,-0.0004386521363331,0.0,0.0,0.0,0.0,1.653518667211182,1.173086140153546,0.8193579611988325,1.653518667211182,1.173086140153546
20250318,0.0080975757667193,0.0059464238902531,0.0021983390327307,0.0080975757667193,0.0059464238902531,0.0,0.0,0.0,0.0,1.666908159900609,1.1800618076026799,0.8211591877867146,1.666908159900609,1.1800618076026799
20250319,-0.0080511901091192,-0.0030746874669865,0.0014623446258836,-0.0080511901091192,-0.0030746874669865,0.0,0.0,0.0,0.0,1.6534875654108072,1.1764334863525745,0.8223600055119695,1.6534875654108072,1.1764334863525745
20250320,0.0013756067547466,-0.0003241492134454,-0.0080311511316623,0.0013756067547466,-0.0003241492134454,0.0,0.0,0.0,0.0,1.6557621140746759,1.1760521463633025,0.8157555080230683,1.6557621140746759,1.1760521463633025
20250321,-0.0066864221724189,-0.0162410738757572,-0.0161923454367025,-0.0066864221724189,-0.0162410738757572,0.0,0.0,0.0,0.0,1.6446909895628758,1.1569517965724732,0.802546513045266,1.6446909895628758,1.1569517965724732
20250324,-0.0276255860849998,-0.0158029873769974,0.0042394014962594,-0.0276255860849998,-0.0158029873769974,0.0,0.0,0.0,0.0,1.5992554370474832,1.1386685019354439,0.8059488299334879,1.5992554370474832,1.1386685019354439
20250325,-0.0139029041623504,-0.0057120940306814,0.0004966476285075,-0.0139029041623504,-0.0057120940306814,0.0,0.0,0.0,0.0,1.5770211419750941,1.1321643203826135,0.8063491025085728,1.5770211419750941,1.1321643203826135
20250326,0.0035637163295679,0.0066844764196069,-0.0039712087366591,0.0035637163295679,0.0066844764196069,0.0,0.0,0.0,0.0,1.5826411979708246,1.1397322460853314,0.8031469219078935,1.5826411979708246,1.1397322460853314
20250327,-0.0043879583813279,-0.0021436260685127,0.0034886618489906,-0.0043879583813279,-0.0021436260685127,0.0,0.0,0.0,0.0,1.5756966342615537,1.1372890863314984,0.8059488299334878,1.5756966342615537,1.1372890863314984
20250328,-0.000439279645311,-0.0143660525671745,-0.0047181524708219,-0.000439279645311,-0.0143660525671745,0.0,0.0,0.0,0.0,1.5750044628029376,1.1209507315331861,0.8021462404701811,1.5750044628029376,1.1209507315331861
20250331,-0.0126383889107787,-0.0156402227080552,-0.0059880239520957,-0.0126383889107787,-0.0156402227080552,0.0,0.0,0.0,0.0,1.555098943865822,1.1034188124472497,0.7973429695691622,1.555098943865822,1.1034188124472497
20250401,0.0137939601700575,0.0194530516827993,-0.0005020080321285,0.0137939601700575,0.0194530516827993,0.0,0.0,0.0,0.0,1.5765499167580055,1.1248836756335592,0.7969426969940773,1.5765499167580055,1.1248836756335592
20250402,-0.0067846637307206,0.001263326702471,-0.0007533902561527,-0.0067846637307206,0.001263326702471,0.0,0.0,0.0,0.0,1.5658535557181068,1.1263047712181609,0.7963422881314498,1.5658535557181068,1.1263047712181609
20250403,0.0087277662257498,0.0030664152125697,-0.005026388539834,0.0087277662257498,0.0030664152125697,0.0,0.0,0.0,0.0,1.5795199594961737,1.129758489302614,0.7923395623806008,1.5795199594961737,1.129758489302614
20250407,-0.0677698430118507,-0.0972057375583725,-0.0666835059358424,-0.0677698430118507,-0.0972057375583725,0.0,0.0,0.0,0.0,1.4724761398070332,1.0199394820871208,0.7395035824693912,1.4724761398070332,1.0199394820871208
20250408,0.0305839642454057,0.0090070893154182,0.0094722598105547,0.0305839642454057,0.0090070893154182,0.0,0.0,0.0,0.0,1.5175102974191046,1.0291261680986008,0.7465083525333773,1.5175102974191046,1.0291261680986008
20250409,0.0091853145285824,0.014286981848441,0.0096514745308311,0.0091853145285824,0.014286981848441,0.0,0.0,0.0,0.0,1.5314491068012615,1.043829274981981,0.7537132588849059,1.5314491068012615,1.043829274981981
20250410,0.0230028983635731,0.030099540121763,0.0167286245353159,0.0230028983635731,0.030099540121763,0.0,0.0,0.0,0.0,1.5666768749539957,1.0752480561245719,0.7663218450000809,1.5666768749539957,1.0752480561245719
20250411,-0.0128080304781037,-0.0011322023089488,0.0028728127448418,-0.0128080304781037,-0.0011322023089488,0.0,0.0,0.0,0.0,1.5466108297902446,1.0740306577927348,0.7685233441630479,1.5466108297902446,1.0740306577927348
20250414,0.0232131301650496,0.023251626404807,0.0020833333333334,0.0232131301650496,0.023251626404807,0.0,0.0,0.0,0.0,1.5825125082968408,1.0990036173950406,0.7701244344633876,1.5825125082968408,1.0990036173950406
20250415,-0.0086086610473549,-0.0024609608246926,0.0007796257796257,-0.0086086610473549,-0.0024609608246926,0.0,0.0,0.0,0.0,1.5688891945097139,1.096299012546436,0.770724843326015,1.5688891945097139,1.096299012546436
20250416,-0.0123269857665062,-0.0180878639121105,0.002337055310309,-0.0123269857665062,-0.0180878639121105,0.0,0.0,0.0,0.0,1.5495495197397673,1.076469305200515,0.7725260699138972,1.5495495197397673,1.076469305200515
20250417,0.0068544766249447,0.0109802309464566,0.0007772020725389,0.0068544766249447,0.0109802309464566,0.0,0.0,0.0,0.0,1.5601708707020179,1.0882891867783884,0.7731264787765246,1.5601708707020179,1.0882891867783884
20250418,0.0105383655904236,-0.0058606404626378,0.0025886616619208,0.0105383655904236,-0.0058606404626378,0.0,0.0,0.0,0.0,1.5766125217210054,1.0819111151353038,0.7751278416519493,1.5766125217210054,1.0819111151353038
20250421,-0.0003050665933882,0.0099157694810872,0.0005163955589981,-0.0003050665933882,0.0099157694810872,0.0,0.0,0.0,0.0,1.5761315499099107,1.0926390963520114,0.7755281142270342,1.5761315499099107,1.0926390963520114
20250422,0.0077666911700665,0.0057690235217538,0.0007741935483871,0.0077666911700665,0.0057690235217538,0.0,0.0,0.0,0.0,1.5883728769014591,1.098942556999654,0.7761285230896616,1.5883728769014591,1.098942556999654
20250423,-0.0233807980491525,-0.0078020090261373,0.0010314595152141,-0.0233807980491525,-0.0078020090261373,0.0,0.0,0.0,0.0,1.5512354514398747,1.0903685972507364,0.7769290682398315,1.5512354514398747,1.0903685972507364
20250424,-0.0034975104706677,-0.0018750581953677,0.0,-0.0034975104706677,-0.0018750581953677,0.0,0.0,0.0,0.0,1.5458099892059929,1.0883240926764899,0.7769290682398315,1.5458099892059929,1.0883240926764899
20250425,-0.0010354204210475,-0.0051387166572962,0.0,-0.0010354204210475,-0.0051387166572962,0.0,0.0,0.0,0.0,1.5442094259761097,1.0827315035329166,0.7769290682398315,1.5442094259761097,1.0827315035329166
20250428,-0.0076874602139636,-0.0095387365641331,-0.001545595054096,-0.0076874602139636,-0.0095387365641331,0.0,0.0,0.0,0.0,1.5323383774518908,1.0724036129510284,0.7757282505145766,1.5323383774518908,1.0724036129510284
20250429,0.0034468038597548,0.0171456181511703,-0.0018059855521154,0.0034468038597548,0.0171456181511703,0.0,0.0,0.0,0.0,1.5376200472857424,1.090790635802622,0.7743272965017796,1.5376200472857424,1.090790635802622
20250430,-0.0160902050216602,-0.0025744098273345,-0.0007753941586974,-0.0160902050216602,-0.0025744098273345,0.0,0.0,0.0,0.0,1.5128794254795,1.0879824936702474,0.7737268876391521,1.5128794254795,1.0879824936702474
20250506,0.0271093031461014,0.0225725838032012,0.0095706156233832,0.0271093031461014,0.0225725838032012,0.0,0.0,0.0,0.0,1.5538925324483235,1.1125410696850349,0.781131930278223,1.5538925324483235,1.1125410696850349
20250507,1.8004403467952908e-05,0.0057564146126727,0.0061491160645659,1.8004403467952908e-05,0.0057564146126727,0.0,0.0,0.0,0.0,1.5539205093564235,1.1189453173557684,0.7859352011792422,1.5539205093564235,1.1189453173557684
20250508,-0.0030246389185768,0.0052683474855434,0.0058568882098293,-0.0030246389185768,0.0052683474855434,0.0,0.0,0.0,0.0,1.5492204609074494,1.1248403101049202,0.7905383357927187,1.5492204609074494,1.1248403101049202
20250509,-0.0086995133075002,-0.0078278797931813,-0.0012658227848102,-0.0086995133075002,-0.0078278797931813,0.0,0.0,0.0,0.0,1.5357429968915335,1.116035195370894,0.7895376543550063,1.5357429968915335,1.116035195370894
20250512,-0.0107768353622854,0.0027539101351195,0.011406844106464,-0.0107768353622854,0.0027539101351195,0.0,0.0,0.0,0.0,1.5191925474552508,1.119108656006576,0.7985437872944172,1.5191925474552508,1.119108656006576
20250513,-0.0046590154022154,-0.0014234978210343,0.0010025062656642,-0.0046590154022154,-0.0014234978210343,0.0,0.0,0.0,0.0,1.512114605977726,1.11751560727325,0.7993443324445871,1.512114605977726,1.11751560727325
20250514,0.0061053323684936,0.0025995619964561,0.0127691537305958,0.0061053323684936,0.0025995619964561,0.0,0.0,0.0,0.0,1.5213465682264737,1.120420658376364,0.8095512831092526,1.5213465682264737,1.120420658376364
20250515,-0.0091002803203225,0.005371938790384,-0.0084054388133496,-0.0091002803203225,0.005371938790384,0.0,0.0,0.0,0.0,1.5075018879912523,1.1264394895726435,0.802746649332809,1.5075018879912523,1.1264394895726435
20250516,-2.714843404845176e-05,-0.0004939658562858,-0.0054849164796809,-2.714843404845176e-05,-0.0004939658562858,0.0,0.0,0.0,0.0,1.5074609616756682,1.1258830669256226,0.7983436510068749,1.5074609616756682,1.1258830669256226
20250519,0.0260182398231192,0.0161619704756216,-0.0015041363750313,0.0260182398231192,0.0161619704756216,0.0,0.0,0.0,0.0,1.5466824425005357,1.1440795558122767,0.7971428332816202,1.5466824425005357,1.1440795558122767
20250520,0.0192394868415745,0.0112700819414462,0.0050213406979664,0.0192394868415745,0.0112700819414462,0.0,0.0,0.0,0.0,1.5764398190011188,1.1569734261538145,0.8011455590324694,1.5764398190011188,1.1569734261538145
20250521,0.0186649334529863,-0.0019998054765959,0.0039970022483137,0.0186649334529863,-0.0019998054765959,0.0,0.0,0.0,0.0,1.6058639633154124,1.154659704359916,0.8043477396331488,1.6058639633154124,1.154659704359916
20250522,0.0078722128060241,-0.0107924283479097,-0.0004976362279174,0.0078722128060241,-0.0107924283479097,0.0,0.0,0.0,0.0,1.6185056661721564,1.142198122234393,0.8039474670580639,1.6185056661721564,1.142198122234393
20250523,-0.0255266081907515,-0.000595375018042,-0.0072193178989294,-0.0255266081907515,-0.000595375018042,0.0,0.0,0.0,0.0,1.5771907061772685,1.1415180860067602,0.7981435147193326,1.5771907061772685,1.1415180860067602
20250526,0.0164342955924261,0.008747891146826,-0.0052657973921765,0.0164342955924261,0.008747891146826,0.0,0.0,0.0,0.0,1.603110724448213,1.1515039619652805,0.793940652680941,1.603110724448213,1.1515039619652805
20250527,0.0026946484163207,0.0048386460828561,-0.0052936728006049,0.0026946484163207,0.0048386460828561,0.0,0.0,0.0,0.0,1.6074305442230339,1.157075682100237,0.7897377906425495,1.6074305442230339,1.157075682100237
20250528,0.0056973319971713,0.0001153309699916,-0.0010136847440446,0.0056973319971713,0.0001153309699916,0.0,0.0,0.0,0.0,1.6165886096958664,1.1572091287610071,0.7889372454923796,1.6165886096958664,1.1572091287610071
20250529,-0.0175355074450716,0.0095331795238959,0.0060882800608828,-0.0175355074450716,0.0095331795238959,0.0,0.0,0.0,0.0,1.5882409080949265,1.168241011132177,0.7937405163933987,1.5882409080949265,1.168241011132177
20250530,0.0155100785863274,-0.0068412699306344,-0.0017650025214321,0.0155100785863274,-0.0068412699306344,0.0,0.0,0.0,0.0,1.6128746493934987,1.1602487590309847,0.7923395623806015,1.6128746493934987,1.1602487590309847
20250603,0.0068291500799413,0.0092896782982745,-0.0005051780752717,0.0068291500799413,0.0092896782982745,0.0,0.0,0.0,0.0,1.6238892124343396,1.1710270967483547,0.7919392898055164,1.6238892124343396,1.1710270967483547
20250604,0.0022495005996415,0.0119953254287795,0.0042961839777611,0.0022495005996415,0.0119953254287795,0.0,0.0,0.0,0.0,1.627542152191462,1.18507394785977,0.7953416066937384,1.627542152191462,1.18507394785977
20250605,0.0025253335130544,-0.0058019197371034,0.0025163563160544,0.0025253335130544,-0.0058019197371034,0.0,0.0,0.0,0.0,1.6316522389322996,1.1781982439317553,0.7973429695691631,1.6316522389322996,1.1781982439317553
20250606,-0.0079692698858701,0.0030997674993072,0.0005020080321285,-0.0079692698858701,0.0030997674993072,0.0,0.0,0.0,0.0,1.618649161880364,1.1818503845560357,0.797743242144248,1.618649161880364,1.1818503845560357
20250609,0.0155659856814119,0.0110941251446566,0.0022579026593076,0.0155659856814119,0.0110941251446566,0.0,0.0,0.0,0.0,1.6438450315574231,1.1949619806245608,0.7995444687321303,1.6438450315574231,1.1949619806245608
20250610,-0.0139780489760804,-0.0020053906472876,-0.0057571964956196,-0.0139780489760804,-0.0020053906472876,0.0,0.0,0.0,0.0,1.620867285197227,1.1925656150447521,0.7949413341186536,1.620867285197227,1.1925656150447521
20250611,-0.0008580205152861,0.0013500857870655,0.0080563947633431,-0.0008580205152861,0.0013500857870655,0.0,0.0,0.0,0.0,1.6194765478139719,1.194175680931767,0.8013456953200122,1.6194765478139719,1.194175680931767
20250612,-0.0101375981689824,0.0028625650650582,0.0004995004995007,-0.0101375981689824,0.0028625650650582,0.0,0.0,0.0,0.0,1.603058945328143,1.1975940865175443,0.8017459678950973,1.603058945328143,1.1975940865175443
20250613,-0.0218893087160706,-0.0202722760006108,-0.0064902646030952,-0.0218893087160706,-0.0202722760006108,0.0,0.0,0.0,0.0,1.5679690931837966,1.1733161286589613,0.7965424244189935,1.5679690931837966,1.1733161286589613
20250616,0.0004158990549968,0.0064095730512686,0.0025125628140703,0.0004158990549968,0.0064095730512686,0.0,0.0,0.0,0.0,1.5686212100479158,1.1808365840978325,0.798543787294418,1.5686212100479158,1.1808365840978325
20250617,0.0035871009729812,-0.0014770237061119,-0.0002506265664161,0.0035871009729812,-0.0014770237061119,0.0,0.0,0.0,0.0,1.5742480127167173,1.1790924604700759,0.7983436510068755,1.5742480127167173,1.1790924604700759
20250618,-0.0133446386565135,-0.0056337048437413,0.0007318104585589,-0.0133446386565135,-0.0056337048437413,0.0,0.0,0.0,0.0,1.5532402418312783,1.1724498015643068,0.7989278872402066,1.5532402418312783,1.1724498015643068
20250619,-0.021734192320612,-0.0130033403806625,-0.0079405737704916,-0.021734192320612,-0.0130033403806625,0.0,0.0,0.0,0.0,1.5194818196952034,1.1572040377153259,0.7925839414142727,1.5194818196952034,1.1572040377153259
20250620,0.0076116967603432,-0.0042642098850826,0.0012909888974954,0.0076116967603432,-0.0042642098850826,0.0,0.0,0.0,0.0,1.5310476545395777,1.1522694768186428,0.7936071584829717,1.5310476545395777,1.1522694768186428
20250623,0.0004090415176065,0.0122484919431876,0.0033522434244455,0.0004090415176065,0.0122484919431876,0.0,0.0,0.0,0.0,1.5316739165957185,1.166383040221837,0.7962675228615891,1.5316739165957185,1.166383040221837
20250624,0.0114701779430918,0.0146432497203707,0.0115651503469544,0.0114701779430918,0.0146432497203707,0.0,0.0,0.0,0.0,1.549242488969864,1.1834626783494107,0.8054764764798804,1.549242488969864,1.1834626783494107
20250625,0.001284542716986,0.0028766072630963,0.0165142276422765,0.001284542716986,0.0028766072630963,0.0,0.0,0.0,0.0,1.5512325571259156,1.186867035685554,0.8187782983729679,1.5512325571259156,1.186867035685554
20250626,-0.0032062889320089,-0.005364289742444,-0.0037490627343165,-0.0032062889320089,-0.005364289742444,0.0,0.0,0.0,0.0,1.5462588573470308,1.180500337020381,0.8157086471668707,1.5462588573470308,1.180500337020381
20250627,0.0068760023776723,0.0004986295070075,-0.0057701956848972,0.0068760023776723,0.0004986295070075,0.0,0.0,0.0,0.0,1.556890936926646,1.1810889693214517,0.8110018486508551,1.556890936926646,1.1810889693214517
20250630,-0.0008693927717113,0.0068014161403953,0.0047943477163765,-0.0008693927717113,0.0068014161403953,0.0,0.0,0.0,0.0,1.555537387199739,1.1891220469006374,0.8148900735119115,1.555537387199739,1.1891220469006374
20250701,-0.0028712694907656,0.0135711734437619,0.0015067805123052,-0.0028712694907656,0.0135711734437619,0.0,0.0,0.0,0.0,1.5510710201581273,1.205259828444927,0.8161179339943502,1.5510710201581273,1.205259828444927
20250702,0.004891112319506,0.0028212401236361,0.0010030090270813,0.004891112319506,0.0028212401236361,0.0,0.0,0.0,0.0,1.5586574827332513,1.2086601558323424,0.8169365076493095,1.5586574827332513,1.2086601558323424
20250703,0.008534590040233,0.0099778505839679,0.0057615230460921,0.008534590040233,0.0099778505839679,0.0,0.0,0.0,0.0,1.5719599853615212,1.2207199862740328,0.821643306165325,1.5719599853615212,1.2207199862740328
20250704,-0.007016120569249,-0.0029643318732051,0.0042341220423414,-0.007016120569249,-0.0029643318732051,0.0,0.0,0.0,0.0,1.5609309245741898,1.2171013671104622,0.8251222441989019,1.5609309245741898,1.2171013671104622
20250707,0.0087198994161461,0.0024517077181337,-0.0044642857142858,0.0087198994161461,0.0024517077181337,0.0,0.0,0.0,0.0,1.5745420852320287,1.220085343925958,0.8214386627515853,1.5745420852320287,1.220085343925958
20250708,0.0034650660428728,0.0106354746347722,0.0084703537618335,0.0034650660428728,0.0106354746347722,0.0,0.0,0.0,0.0,1.5799979775446402,1.2330615306535397,0.8283965388187388,1.5799979775446402,1.2330615306535397
20250709,0.000810690501978,-0.0048302012097609,-0.0007411067193675,0.000810690501978,-0.0048302012097609,0.0,0.0,0.0,0.0,1.58127886689818,1.2271055953564673,0.8277826085775195,1.58127886689818,1.2271055953564673
20250710,0.0131015520091801,0.0065697982308194,0.0049443757725586,0.0131015520091801,0.0065697982308194,0.0,0.0,0.0,0.0,1.6019960742138641,1.235167431525869,0.8318754768523157,1.6019960742138641,1.235167431525869
20250711,0.0071528580565959,0.0018517666374633,0.0034440344403441,0.0071528580565959,0.0018517666374633,0.0,0.0,0.0,0.0,1.6134549247399397,1.2374546733672498,0.8347404846446728,1.6134549247399397,1.2374546733672498
20250714,-0.010587509912157,-0.0007755329434996,-0.0002451581269917,-0.010587509912157,-0.0007755329434996,0.0,0.0,0.0,0.0,1.596372454731437,1.2364949865019659,0.8345358412309332,1.596372454731437,1.2364949865019659
20250715,-0.0147557905676286,-0.0075329729995351,0.0,-0.0147557905676286,-0.0075329729995351,0.0,0.0,0.0,0.0,1.5728167171214888,1.227180503154586,0.8345358412309332,1.5728167171214888,1.227180503154586
20250716,0.0013538543608424,-0.0002687649660087,-0.0022069641981363,0.0013538543608424,-0.0002687649660087,0.0,0.0,0.0,0.0,1.5749460818927696,1.2268506800283692,0.832694050507275,1.5749460818927696,1.2268506800283692
20250717,0.0025988579863341,0.0098009930884934,0.008110100761858,0.0025988579863341,0.0098009930884934,0.0,0.0,0.0,0.0,1.5790391430957422,1.2388750350639408,0.8394472831606886,1.5790391430957422,1.2388750350639408
20250718,0.0022371735301025,0.0004790882086159,0.0073135056070208,0.0022371735301025,0.0004790882086159,0.0,0.0,0.0,0.0,1.5825717276696718,1.2394685654851885,0.8455865855728827,1.5825717276696718,1.2394685654851885
20250721,0.0145891254591964,0.0229069003286044,0.006050338818974,0.0145891254591964,0.0229069003286044,0.0,0.0,0.0,0.0,1.6056600651528217,1.267860948375196,0.8507026709163781,1.6056600651528217,1.267860948375196
20250722,0.0144138494059592,0.0158334444226436,0.0105845561703148,0.0144138494059592,0.0158334444226436,0.0,0.0,0.0,0.0,1.628803807529097,1.2879355542369348,0.8597069811209294,1.628803807529097,1.2879355542369348
20250723,-0.0067419191390873,-0.0087224136699811,-0.0004760771244941,-0.0067419191390873,-0.0087224136699811,0.0,0.0,0.0,0.0,1.6178225439652982,1.276701647552604,0.8592976942934498,1.6178225439652982,1.276701647552604
20250724,0.0152506998394197,0.0116156381019625,0.0061919504643963,0.0152506998394197,0.0116156381019625,0.0,0.0,0.0,0.0,1.6424954699767593,1.2915313518547544,0.8646184230506848,1.6424954699767593,1.2915313518547544
20250725,-0.0011505076331588,-0.0082234595339175,-0.0052071005917159,-0.0011505076331588,-0.0082234595339175,0.0,0.0,0.0,0.0,1.6406057664011222,1.2809104960459912,0.8601162679484091,1.6406057664011222,1.2809104960459912
20250728,-0.0086550901032266,-0.0014332103671744,0.0026171782060435,-0.0086550901032266,-0.0014332103671744,0.0,0.0,0.0,0.0,1.6264061756690473,1.2790746818436356,0.8623673454995472,1.6264061756690473,1.2790746818436356
20250729,-0.0015902271851093,-0.0021180376657549,0.0049833887043189,-0.0015902271851093,-0.0021180376657549,0.0,0.0,0.0,0.0,1.623819820354469,1.2763655534901772,0.8666648571880832,1.623819820354469,1.2763655534901772
20250730,0.0077426229927657,-0.0005567469628026,-0.0007083825265643,0.0077426229927657,-0.0005567469628026,0.0,0.0,0.0,0.0,1.6363924450316543,1.2756549408448457,0.8660509269468637,1.6363924450316543,1.2756549408448457
20250731,-0.0116201194174493,-0.0142609583755925,-0.0181947069943289,-0.0116201194174493,-0.0142609583755925,0.0,0.0,0.0,0.0,1.6173773694065745,1.2574628788318385,0.8502933840888985,1.6173773694065745,1.2574628788318385
20250801,-0.004705188616339,0.0083892794353126,-0.0052948255114321,-0.004705188616339,0.0083892794353126,0.0,0.0,0.0,0.0,1.6097673038197184,1.2680120863018916,0.8457912289866227,1.6097673038197184,1.2680120863018916
20250804,-0.0022177787702214,0.0062869448679465,0.0045971449310429,-0.0022177787702214,0.0062869448679465,0.0,0.0,0.0,0.0,1.6061971960683104,1.2759840083803615,0.8496794538476792,1.6061971960683104,1.2759840083803615
20250805,0.0196900801924412,0.0038518535048713,0.0074662813102117,0.0196900801924412,0.0038518535048713,0.0,0.0,0.0,0.0,1.6378233476637694,1.2808989118552012,0.8560233996736131,1.6378233476637694,1.2808989118552012
20250806,0.0164724825663866,0.005025634293737,0.002629691608893,0.0164724825663866,0.005025634293737,0.0,0.0,0.0,0.0,1.6648023642049818,1.287336241353431,0.8582744772247508,1.6648023642049818,1.287336241353431
20250807,0.0079602411587769,0.0011830762236658,-0.0002384358607535,0.0079602411587769,0.0011830762236658,0.0,0.0,0.0,0.0,1.6780545925057555,1.2888592582524396,0.858069833811011,1.6780545925057555,1.2888592582524396
20250808,-0.0053914232862971,0.0051277149026211,-0.0023849272597185,-0.0053914232862971,0.0051277149026211,0.0,0.0,0.0,0.0,1.6690074899000422,1.295468161078362,0.856023399673613,1.6690074899000422,1.295468161078362
20250811,0.0063510870972964,0.0112747036734206,0.004542194597179,0.0063510870972964,0.0112747036734206,0.0,0.0,0.0,0.0,1.6796075018344376,1.3100741807128717,0.8599116245346693,1.6796075018344376,1.3100741807128717
20250812,-0.0013139417845118,-0.0021689947003495,0.0061875297477391,-0.0013139417845118,-0.0021689947003495,0.0,0.0,0.0,0.0,1.677400595356198,1.3072326367578408,0.8652323532919043,1.677400595356198,1.3072326367578408
20250813,0.0019680351332843,0.0042488927708058,0.0082781456953642,0.0019680351332843,0.0042488927708058,0.0,0.0,0.0,0.0,1.6807017786604508,1.3127869280579225,0.8723948727727975,1.6807017786604508,1.3127869280579225
20250814,-0.0093703890571523,-0.0166850452970757,-0.0016420361247946,-0.0093703890571523,-0.0166850452970757,0.0,0.0,0.0,0.0,1.6649529491053545,1.2908830186978673,0.8709623688766189,1.6649529491053545,1.2908830186978673
20250815,0.0119096574487379,0.0140579164916068,0.0091635338345865,0.0119096574487379,0.0140579164916068,0.0,0.0,0.0,0.0,1.6847819683974652,1.3090301443751553,0.8789434620124715,1.6847819683974652,1.3090301443751553
20250818,0.0061190347179275,0.0071373455065889,0.0074505238649591,0.0061190347179275,0.0071373455065889,0.0,0.0,0.0,0.0,1.6950912077542273,1.3183731447941007,0.8854920512521453,1.6950912077542273,1.3183731447941007
20250819,0.0123575563211807,0.0104603128921405,-0.0050843540559278,0.0123575563211807,0.0104603128921405,0.0,0.0,0.0,0.0,1.7160383928235883,1.3321637403972424,0.8809898961498696,1.7160383928235883,1.3321637403972424
20250820,0.0244640319874149,0.013921544555982,0.0137049941927991,0.0244640319874149,0.013921544555982,0.0,0.0,0.0,0.0,1.7580196109572568,1.350709517265046,0.8930638575605182,1.7580196109572568,1.350709517265046
20250821,-0.0085719904679824,-0.0020418191132806,0.0032080659945004,-0.0085719904679824,-0.0020418191132806,0.0,0.0,0.0,0.0,1.7429498836096051,1.3479516127562043,0.8959288653528754,1.7429498836096051,1.3479516127562043
20250822,0.005081215617412,0.0017997927771847,0.0230698949291914,0.005081215617412,0.0017997927771847,0.0,0.0,0.0,0.0,1.7518061877785687,1.3503776463328374,0.9165978501405959,1.7518061877785687,1.3503776463328374
20250825,0.0007371422109158,0.0065192481509779,0.0192007144451888,0.0007371422109158,0.0065192481509779,0.0,0.0,0.0,0.0,1.7530975180649235,1.3591810933068147,0.9341971837222195,1.7530975180649235,1.3591810933068147
20250826,0.0097692094970052,0.0059897563969081,-0.0052573932092004,0.0097692094970052,0.0059897563969081,0.0,0.0,0.0,0.0,1.7702238949875797,1.3673222569550056,0.9292857417924641,1.7702238949875797,1.3673222569550056
20250827,-0.0308384572079241,-0.0260914537650097,-0.0145342435586875,-0.0308384572079241,-0.0260914537650097,0.0,0.0,0.0,0.0,1.7156329211535606,1.3316468315057954,0.915779276485637,1.7156329211535606,1.3316468315057954
20250828,-0.0027318274491608,0.0012097545013528,0.0187709497206705,-0.0027318274491608,0.0012097545013528,0.0,0.0,0.0,0.0,1.7109461080468693,1.3332577972544217,0.9329693232397809,1.7109461080468693,1.3332577972544217
20250829,-0.0025895104392961,0.00317196025486,0.009212546611099,-0.0025895104392961,0.00317196025486,0.0,0.0,0.0,0.0,1.706515595239009,1.337486837996795,0.9415643466168528,1.706515595239009,1.337486837996795
20250901,0.0265081180508677,0.0107731339537154,0.003260160834601,0.0265081180508677,0.0107731339537154,0.0,0.0,0.0,0.0,1.7517521120932513,1.3518957628638657,0.9446339978229498,1.7517521120932513,1.3518957628638657
20250902,-0.0128886544461926,-0.0092373150906294,-0.0056325823223569,-0.0128886544461926,-0.0092373150906294,0.0,0.0,0.0,0.0,1.7291743844450933,1.3394078757326053,0.9393132690657149,1.7291743844450933,1.3394078757326053
20250903,-0.0205861697386986,-0.0206782446419425,-0.0089324618736382,-0.0205861697386986,-0.0206782446419425,0.0,0.0,0.0,0.0,1.693577307059097,1.311711272002862,0.930922889102383,1.693577307059097,1.311711272002862
20250904,-0.0017791847876885,-0.0010885540015986,-0.0204440536381621,-0.0017791847876885,-0.0010885540015986,0.0,0.0,0.0,0.0,1.690564120077603,1.3102834034487814,0.911891051624581,1.690564120077603,1.3102834034487814
20250905,0.0092137301359411,0.0211972356014552,0.0219928186714541,0.0092137301359411,0.0211972356014552,0.0,0.0,0.0,0.0,1.7061405216575027,1.3380577894563617,0.9319461061710821,1.7061405216575027,1.3380577894563617
20250908,0.016581528179204,0.016468473658678,0.0002195871761088,0.016581528179204,0.016468473658678,0.0,0.0,0.0,0.0,1.7344309387950487,1.3600935589158127,0.9321507495848218,1.7344309387950487,1.3600935589158127
20250909,-0.0009213245139364,-0.0054057881442675,-0.0059275521405048,-0.0009213245139364,-0.0054057881442675,0.0,0.0,0.0,0.0,1.7328329650534071,1.352741181279931,0.9266253774138472,1.7328329650534071,1.352741181279931
20250910,0.0100463324516741,-0.0023385605767196,0.002208480565371,0.0100463324516741,-0.0023385605767196,0.0,0.0,0.0,0.0,1.7502415811035539,1.3495777140828848,0.9286718115512453,1.7502415811035539,1.3495777140828848
20250911,0.0443506155374473,0.0113331785138825,0.0268840899074482,0.0443506155374473,0.0113331785138825,0.0,0.0,0.0,0.0,1.8278658725647317,1.3648727192349437,0.9536383080275019,1.8278658725647317,1.3648727192349437
20250912,-0.0076246946591258,-0.0016946468524062,-0.0083690987124461,-0.0076246946591258,-0.0016946468524062,0.0,0.0,0.0,0.0,1.813928953408589,1.3625597419773572,0.9456572148916498,1.813928953408589,1.3625597419773572
20250915,-0.0012976644237076,0.0002634729478064,0.001731227007141,-0.0012976644237076,0.0002634729478064,0.0,0.0,0.0,0.0,1.8115750823386174,1.3629187396091382,0.9472943622015679,1.8115750823386174,1.3629187396091382
20250916,0.0055948210193342,0.0059011455405947,-0.0019442644199609,0.0055948210193342,0.0059011455405947,0.0,0.0,0.0,0.0,1.8217105206873876,1.3709615214515756,0.9454525714779098,1.8217105206873876,1.3709615214515756
20250917,-0.0147667377988219,0.0024622291262984,0.0071428571428571,-0.0147667377988219,0.0024622291262984,0.0,0.0,0.0,0.0,1.7948097990830416,1.3743371428407278,0.9522058041313235,1.7948097990830416,1.3743371428407278
20250918,-0.0141767250993662,-0.0153518702416793,-0.0126799914033954,-0.0141767250993662,-0.0153518702416793,0.0,0.0,0.0,0.0,1.7693652739557926,1.3532384973555167,0.9401318427206752,1.7693652739557926,1.3532384973555167
20250919,-0.0045766289941557,-0.0019332380607494,0.0021767522855897,-0.0045766289941557,-0.0019332380607494,0.0,0.0,0.0,0.0,1.7612675455417544,1.3506223651871576,0.9421782768580731,1.7612675455417544,1.3506223651871576
20250922,-0.016707284605158,-0.003770147095467,0.0032580364900085,-0.016707284605158,-0.003770147095467,0.0,0.0,0.0,0.0,1.7318415473925601,1.3455303201999744,0.9452479280641701,1.7318415473925601,1.3455303201999744
20250923,-0.0088281948706183,-0.0082488245511638,0.0006494912318684,-0.0088281948706183,-0.0082488245511638,0.0,0.0,0.0,0.0,1.7165525127271455,1.3344312766603736,0.9458618583053896,1.7165525127271455,1.3344312766603736
20250924,0.0053626311391274,0.0190147761492729,0.0088706187797491,0.0053626311391274,0.0190147761492729,0.0,0.0,0.0,0.0,1.7257577506838435,1.3598051886726592,0.9542522382687219,1.7257577506838435,1.3598051886726592
20250925,-0.0092253135846845,-0.0060165341909517,0.0068625348488098,-0.0092253135846845,-0.0060165341909517,0.0,0.0,0.0,0.0,1.7098370942625853,1.3516238742619766,0.9608008275083958,1.7098370942625853,1.3516238742619766
20250926,0.0013465500698135,-0.0031683184031518,-0.0093716719914803,0.0013465500698135,-0.0031683184031518,0.0,0.0,0.0,0.0,1.7121394755212345,1.347341499467013,0.9517965173038443,1.7121394755212345,1.347341499467013
20250929,-0.0018106294871103,0.0075294244734444,0.0165555794452805,-0.0018106294871103,0.0075294244734444,0.0,0.0,0.0,0.0,1.70903942530081,1.357486205527187,0.9675540601618094,1.70903942530081,1.357486205527187
20250930,-0.0036594431441328,0.0056062940194174,0.0027495769881555,-0.0036594431441328,0.0056062940194174,0.0,0.0,0.0,0.0,1.7027852926928404,1.3650966723226758,0.9702144245404268,1.7027852926928404,1.3650966723226758
20251009,0.005344896164317,0.0049534917975605,0.0158194473739718,0.005344896164317,0.0049534917975605,0.0,0.0,0.0,0.0,1.7118865032724098,1.3718586674919033,0.9855626805709126,1.7118865032724098,1.3718586674919033
20251010,0.0101718021165124,0.0037172930790851,-0.020141196013289,0.0101718021165124,0.0037172930790851,0.0,0.0,0.0,0.0,1.7292994740296252,1.376958268222054,0.9657122694381512,1.7292994740296252,1.376958268222054
20251013,0.0037931383745948,-0.0028516506597148,-0.0057215511760966,0.0037931383745948,-0.0028516506597148,0.0,0.0,0.0,0.0,1.7358589462257337,1.3730316642680789,0.9601868972671764,1.7358589462257337,1.3730316642680789
20251014,-0.0010099270087878,-0.0059169885705034,-0.0100170502983804,-0.0010099270087878,-0.0059169885705034,0.0,0.0,0.0,0.0,1.7341058553924944,1.3649074516036654,0.9505686568214053,1.7341058553924944,1.3649074516036654
20251015,0.0030714879177331,0.0248780711589148,0.0131324004305706,0.0030714879177331,0.0248780711589148,0.0,0.0,0.0,0.0,1.7394321405754027,1.3988637163099944,0.9630519050595338,1.7394321405754027,1.3988637163099944
20251016,-0.0037780145810573,-0.0101829791250804,0.0031874203144921,-0.0037780145810573,-0.0101829791250804,0.0,0.0,0.0,0.0,1.732860540585549,1.3846191162879773,0.9661215562656309,1.732860540585549,1.3846191162879773
20251017,-0.0152426410456515,-0.0154795265460614,-0.0205464943867825,-0.0152426410456515,-0.0154795265460614,0.0,0.0,0.0,0.0,1.70644716938323,1.3631858679212134,0.9462711451328696,1.70644716938323,1.3631858679212134
20251020,0.011220076342166,0.0103816150243606,0.0034602076124568,0.011220076342166,0.0103816150243606,0.0,0.0,0.0,0.0,1.7255936368975828,1.3773379388086202,0.9495454397527066,1.7255936368975828,1.3773379388086202
20251021,0.0132689598018019,0.014473178557816,0.0150862068965518,0.0132689598018019,0.014473178557816,0.0,0.0,0.0,0.0,1.748490469499822,1.3972723967314518,0.9638704787144932,1.748490469499822,1.3972723967314518
20251022,-0.0028580369066288,0.0022729359400071,-0.003184713375796,-0.0028580369066288,0.0022729359400071,0.0,0.0,0.0,0.0,1.7434932192071029,1.4004483073799625,0.9608008275083962,1.7434932192071029,1.4004483073799625
20251023,0.0192140978500622,0.0031727098413329,0.0038338658146963,0.0192140978500622,0.0031727098413329,0.0,0.0,0.0,0.0,1.7769928685218679,1.4048915235070651,0.9644844089557126,1.7769928685218679,1.4048915235070651
20251024,0.0047288946389868,-0.0013379704308527,0.0120942075111394,0.0047288946389868,-0.0013379704308527,0.0,0.0,0.0,0.0,1.7853960805713387,1.403011820190057,0.9761490835388817,1.7853960805713387,1.403011820190057
20251027,0.0021444245575442,0.012572577536871,0.0117400419287212,0.0021444245575442,0.012572577536871,0.0,0.0,0.0,0.0,1.789224727771459,1.4206512950845431,0.987609114708311,1.789224727771459,1.4206512950845431
20251028,-0.0033954811851051,0.0014103013677966,-0.0049730625777042,-0.0033954811851051,0.0014103013677966,0.0,0.0,0.0,0.0,1.7831494488723862,1.4226548415491629,0.9826976727785555,1.7831494488723862,1.4226548415491629
20251029,0.0055196363612064,-0.0019905390939418,0.0124947938359016,0.0055196363612064,-0.0019905390939418,0.0,0.0,0.0,0.0,1.7929917854078474,1.4198229914698737,0.9949762776029439,1.7929917854078474,1.4198229914698737
20251030,-0.0175777278945987,-0.0141489298689216,-0.0080213903743313,-0.0175777278945987,-0.0141489298689216,0.0,0.0,0.0,0.0,1.7614750636866976,1.399734015537284,0.9869951844670918,1.7614750636866976,1.399734015537284
20251031,0.0138666112072754,0.0144242574563779,-0.0138917686087497,0.0138666112072754,0.0144242574563779,0.0,0.0,0.0,0.0,1.7859007535461517,1.4199241393478435,0.9732840757465246,1.7859007535461517,1.4199241393478435
20251103,0.0287949506138098,0.0142272786184584,0.001471825063078,0.0287949506138098,0.0142272786184584,0.0,0.0,0.0,0.0,1.837325677545679,1.4401257956954199,0.9747165796427032,1.837325677545679,1.4401257956954199
20251104,0.0027772203453709,-0.0032542118477547,-0.0071383581776192,0.0027772203453709,-0.0032542118477547,0.0,0.0,0.0,0.0,1.8424283357984312,1.4354393212688108,0.9677587035755497,1.8424283357984312,1.4354393212688108
20251105,0.026717989190426,0.0066639931671672,0.0012687671812223,0.026717989190426,0.0066639931671672,0.0,0.0,0.0,0.0,1.891654316158428,1.4450050790976294,0.9689865640579887,1.891654316158428,1.4450050790976294
20251106,0.0082129779155649,0.0035979094224827,0.0147835269271381,0.0082129779155649,0.0035979094224827,0.0,0.0,0.0,0.0,1.9071904312809203,1.4502040764872501,0.983311603019775,1.9071904312809203,1.4502040764872501
20251107,-0.0169076254583711,-0.001937712209227,-0.0020811654526534,-0.0169076254583711,-0.001937712209227,0.0,0.0,0.0,0.0,1.8749443697910333,1.44739399834237,0.9812651688823771,1.8749443697910333,1.44739399834237
20251110,0.015189994801606,0.0125035960010867,0.0025026068821691,0.015189994801606,0.0125035960010867,0.0,0.0,0.0,0.0,1.9034247650214597,1.4654916281520405,0.983720889847255,1.9034247650214597,1.4654916281520405
20251111,0.0044322887682836,0.0040313266642311,-0.0091533180778032,0.0044322887682836,0.0040313266642311,0.0,0.0,0.0,0.0,1.911861293228737,1.4713995036288172,0.9747165796427035,1.911861293228737,1.4713995036288172
20251112,-0.009478065009357,-0.0023636141366777,0.0004199034222127,-0.009478065009357,-0.0023636141366777,0.0,0.0,0.0,0.0,1.8937405476026419,1.4679216829613395,0.9751258664701831,1.8937405476026419,1.4679216829613395
20251113,0.011262207195179,0.0095342733207608,0.0098635886673663,0.011262207195179,0.0095342733207608,0.0,0.0,0.0,0.0,1.9150682460236543,1.4819172495001642,0.9847441069159542,1.9150682460236543,1.4819172495001642
20251114,-0.0052941095042729,-0.0063995858334233,-0.0147547797173734,-0.0052941095042729,-0.0063995858334233,0.0,0.0,0.0,0.0,1.9049296650210492,1.4724335928639574,0.9702144245404277,1.9049296650210492,1.4724335928639574
20251117,-0.0006664397219144,-0.0038042705982041,-0.0065387049145748,-0.0006664397219144,-0.0038042705982041,0.0,0.0,0.0,0.0,1.9036601442248262,1.466832057038817,0.9638704787144939,1.9036601442248262,1.466832057038817
20251118,-0.0167872495550286,-0.0108530808203959,-0.0057324840764332,-0.0167872495550286,-0.0108530808203959,0.0,0.0,0.0,0.0,1.8717029263157623,1.450912410173827,0.958345106543519,1.8717029263157623,1.450912410173827
20251119,-0.0131266325793079,-0.007847079086765,0.0029895366218237,-0.0131266325793079,-0.007847079086765,0.0,0.0,0.0,0.0,1.8471337697044,1.4395269857432242,0.9612101143358764,1.8471337697044,1.4395269857432242
20251120,-0.0140911024152043,-0.0054839748630948,-0.0044709388971685,-0.0140911024152043,-0.0054839748630948,0.0,0.0,0.0,0.0,1.821105618580913,1.4316326559386618,0.9569126026473403,1.821105618580913,1.4316326559386618
20251121,-0.0431685933724338,-0.0318185792118827,-0.0239520958083833,-0.0431685933724338,-0.0318185792118827,0.0,0.0,0.0,0.0,1.742491050644139,1.3860801388733595,0.9339925403084818,1.742491050644139,1.3860801388733595
20251124,-0.0033349169815916,0.007205816766968,-0.0015337423312882,-0.0033349169815916,0.007205816766968,0.0,0.0,0.0,0.0,1.7366799876490744,1.3960679783784145,0.9325600364123032,1.7366799876490744,1.3960679783784145
20251125,0.0132769410356392,0.0224490111092725,0.0087777046302393,0.0132769410356392,0.0224490111092725,0.0,0.0,0.0,0.0,1.759737785442866,1.4274083239343311,0.9407457729618957,1.759737785442866,1.4274083239343311
20251126,-0.0033775618124319,0.0045716010500664,0.0063084620404612,-0.0033775618124319,0.0045716010500664,0.0,0.0,0.0,0.0,1.7537941622988606,1.433933865326903,0.9466804319603501,1.7537941622988606,1.433933865326903
20251127,0.0012520169242124,0.0016128471206182,-0.0008646779074796,0.0012520169242124,0.0016128471206182,0.0,0.0,0.0,0.0,1.7559899422716438,1.4362465814327525,0.9458618583053908,1.7559899422716438,1.4362465814327525
20251128,0.0127223320382763,0.0066335392043836,0.0028126352228472,0.0127223320382763,0.0066335392043836,0.0,0.0,0.0,0.0,1.7783302293730974,1.4457739794378488,0.9485222226840083,1.7783302293730974,1.4457739794378488
20251201,0.0037637235658981,0.0073231231702883,0.0112189859762676,0.0037637235658981,0.0073231231702883,0.0,0.0,0.0,0.0,1.7850233727653377,1.45636156036567,0.9591636801984784,1.7850233727653377,1.45636156036567
20251202,-0.0047622526228198,0.0050450521553863,-0.0044804779176446,-0.0047622526228198,0.0050450521553863,0.0,0.0,0.0,0.0,1.7765226405265913,1.4637089803948145,0.9548661685099424,1.7765226405265913,1.4637089803948145
20251203,-0.0076830429047753,-0.0007213097540838,-0.0045006429489927,-0.0076830429047753,-0.0007213097540838,0.0,0.0,0.0,0.0,1.7628735408581209,1.4626531928301156,0.9505686568214066,1.7628735408581209,1.4626531928301156
20251204,-0.0030959779222861,-0.0132617492502323,0.0025834230355221,-0.0030959779222861,-0.0132617492502323,0.0,0.0,0.0,0.0,1.7574157232958418,1.443255852946751,0.9530243777862843,1.7574157232958418,1.443255852946751
20251205,0.0076065011820222,0.0103183709586798,0.008803951041443,0.0076065011820222,0.0103183709586798,0.0,0.0,0.0,0.0,1.770783508072396,1.4581479022257413,0.9614147577496165,1.770783508072396,1.4581479022257413
20251208,0.0017211938605468,0.0053458812068069,0.0072371221796507,0.0017211938605468,0.0053458812068069,0.0,0.0,0.0,0.0,1.7738313697748478,1.4659429876929946,0.9683726338167699,1.7738313697748478,1.4659429876929946
20251209,-0.0165274033774254,-0.0138733456481652,-0.0050718512256973,-0.0165274033774254,-0.0138733456481652,0.0,0.0,0.0,0.0,1.7445145432030478,1.4456054539242256,0.9634611918870145,1.7445145432030478,1.4456054539242256
20251210,0.0020882019039098,0.0019428490490917,-0.0012744265080714,0.0020882019039098,0.0019428490490917,0.0,0.0,0.0,0.0,1.7481574417935628,1.4484140471057443,0.9622333314045757,1.7481574417935628,1.4484140471057443
20251211,-0.0290899461963574,-0.0257740320938547,-0.0072309655465759,-0.0290899461963574,-0.0257740320938547,0.0,0.0,0.0,0.0,1.6973036358690263,1.411082576970451,0.9552754553374223,1.6973036358690263,1.411082576970451
20251212,-0.0049721178291165,0.0053178193203508,0.0055698371893744,-0.0049721178291165,0.0053178193203508,0.0,0.0,0.0,0.0,1.6888644421996977,1.4185864591608746,0.9605961840946573,1.6888644421996977,1.4185864591608746
20251215,0.0183254730189305,0.0040767010103585,-0.0057520238602472,0.0183254730189305,0.0040767010103585,0.0,0.0,0.0,0.0,1.719813681967859,1.4243696120122165,0.9550708119236824,1.719813681967859,1.4243696120122165
20251216,-0.0192707491254499,-0.0136231910002121,-0.0100707092350545,-0.0192707491254499,-0.0136231910002121,0.0,0.0,0.0,0.0,1.6866715839601403,1.404965152732876,0.9454525714779115,1.6866715839601403,1.404965152732876
20251217,0.009145969038427,0.0048209691878043,0.017099567099567,0.009145969038427,0.0048209691878043,0.0,0.0,0.0,0.0,1.7020978300450345,1.4117384464441398,0.9616194011633563,1.7020978300450345,1.4117384464441398
20251218,0.0025969961761857,0.0015640855059463,-0.0065971483294318,0.0025969961761857,0.0015640855059463,0.0,0.0,0.0,0.0,1.7065181716011555,1.4139465260864101,0.9552754553374223,1.7065181716011555,1.4139465260864101
20251219,0.0090174121284511,0.0195350159263513,0.0042844901456724,0.0090174121284511,0.0195350159263513,0.0,0.0,0.0,0.0,1.721906549259174,1.4415679939925172,0.9593683236122182,1.721906549259174,1.4415679939925172
20251222,0.0051898165069604,-0.0004098516648859,0.0089590443686009,0.0051898165069604,-0.0004098516648859,0.0,0.0,0.0,0.0,1.7308429282919626,1.440977164950133,0.9679633469892904,1.7308429282919626,1.440977164950133
20251223,-0.0144653360566157,-0.0070930053489413,0.0021141649048626,-0.0144653360566157,-0.0070930053489413,0.0,0.0,0.0,0.0,1.7058057036730025,1.4307563062114395,0.9700097811266886,1.7058057036730025,1.4307563062114395
20251224,0.0088383508377575,0.0069574542916785,0.0035864978902953,0.0088383508377575,0.0069574542916785,0.0,0.0,0.0,0.0,1.7208822129431123,1.4407107278144364,0.9734887191602652,1.7208822129431123,1.4407107278144364
20251225,0.0125554140111671,0.0145589491383493,0.0018919487071684,0.0125554140111671,0.0145589491383493,0.0,0.0,0.0,0.0,1.7424886015910663,1.461685962023761,0.9753305098839236,1.7424886015910663,1.461685962023761
20251226,0.0004030681985313,-0.0079250632972704,0.0037767519932856,0.0004030681985313,-0.0079250632972704,0.0,0.0,0.0,0.0,1.7431909433326709,1.450102008253991,0.97901409133124,1.7431909433326709,1.450102008253991
20251229,-0.0012441040542532,-0.0092243471248883,-0.0043896321070233,-0.0012441040542532,-0.0092243471248883,0.0,0.0,0.0,0.0,1.7410222324127331,1.4367257639633586,0.9747165796427042,1.7410222324127331,1.4367257639633586
20251230,-0.0157475090740421,0.0005560338119092,0.0020995171110644,-0.0157475090740421,0.0005560338119092,0.0,0.0,0.0,0.0,1.7136054690097047,1.4375246320665633,0.9767630137801023,1.7136054690097047,1.4375246320665633
20251231,-0.0025424388666956,0.0041353192507858,-0.0041902367483761,-0.0025424388666956,0.0041353192507858,0.0,0.0,0.0,0.0,1.7092487318631122,1.4434692553510269,0.9726701455053063,1.7092487318631122,1.4434692553510269
20260105,0.0153506393238286,0.0124266116957808,0.0191458026509572,0.0153506393238286,0.0124266116957808,0.0,0.0,0.0,0.0,1.735486792660654,1.461406687282072,0.9912926961556288,1.735486792660654,1.461406687282072
20260106,0.0102556449920929,0.0080956393976982,0.0154830718414531,0.0102556449920929,0.0080956393976982,0.0,0.0,0.0,0.0,1.7532853290946477,1.4732377088356925,1.0066409521861142,1.7532853290946477,1.4732377088356925
20260107,0.0185571406691306,0.0011104673210518,-0.0036592803415327,0.0185571406691306,0.0011104673210518,0.0,0.0,0.0,0.0,1.78582129157978,1.4748736911674958,1.0029573707387978,1.78582129157978,1.4748736911674958
20260108,-0.008107737500754,0.0081529756555103,-0.007753519689859,-0.008107737500754,0.0081529756555103,0.0,0.0,0.0,0.0,1.7713423213243937,1.486898300466537,0.9951809210166852,1.7713423213243937,1.486898300466537
20260109,0.0240127140256766,0.0065936644088657,0.0045239564055108,0.0240127140256766,0.0065936644088657,0.0,0.0,0.0,0.0,1.8138770579279344,1.4967024088699263,0.9996830761189608,1.8138770579279344,1.4967024088699263
20260112,0.0103285843331102,0.0088608824959257,0.0057318321392016,0.0103285843331102,0.0088608824959257,0.0,0.0,0.0,0.0,1.832611840090637,1.5099645130462918,1.0054130917036754,1.832611840090637,1.5099645130462918
20260113,-0.0265912226862123,-0.0054760633985959,-0.0034602076124568,-0.0265912226862123,-0.0054760633985959,0.0,0.0,0.0,0.0,1.7838804505533976,1.5016958516432204,1.0019341536700987,1.7838804505533976,1.5016958516432204
20260114,0.0035496564314872,0.002103918326634,-0.0061274509803922,0.0035496564314872,0.002103918326634,0.0,0.0,0.0,0.0,1.7902126132677088,1.5048552970665228,0.9957948512579045,1.7902126132677088,1.5048552970665228
20260115,0.003078251617888,-0.0074336825438114,0.0018495684340322,0.003078251617888,-0.0074336825438114,0.0,0.0,0.0,0.0,1.7957233381408635,1.4936686805137573,0.997636641981563,1.7957233381408635,1.4936686805137573
20260116,-0.0097569421943706,-0.0027260423553378,-0.0032820512820513,-0.0097569421943706,-0.0027260423553378,0.0,0.0,0.0,0.0,1.7782025693335408,1.4895968764258354,0.994362347361726,1.7782025693335408,1.4895968764258354
20260119,0.0169478939010547,0.0253438137406083,0.0004424028869172,0.0169478939010547,0.0253438137406083,0.0,0.0,0.0,0.0,1.8083393578131888,1.5273489422105637,0.9948022561348406,1.8083393578131888,1.5273489422105637
20260120,0.0023762521896986,0.0051853185874861,-0.0029548332629802,0.0023762521896986,0.0051853185874861,0.0,0.0,0.0,0.0,1.8126364281719105,1.5352687330701855,0.9918627813383257,1.8126364281719105,1.5352687330701855
20260121,0.0198770878881753,0.0084942976221243,0.0012701100762066,0.0198770878881753,0.0084942976221243,0.0,0.0,0.0,0.0,1.8486663617639918,1.5483097626188254,0.9931225562511179,1.8486663617639918,1.5483097626188254
20260122,0.0048162520949184,0.0021813039375468,-0.0006342494714588,0.0048162520949184,0.0021813039375468,0.0,0.0,0.0,0.0,1.8575700050016428,1.551687096800568,0.9924926687947218,1.8575700050016428,1.551687096800568
20260123,0.0110297906499084,0.002518633094762,-0.0048656653268458,0.0110297906499084,0.002518633094762,0.0,0.0,0.0,0.0,1.8780586132743602,1.555595227275285,0.9876635316290185,1.8780586132743602,1.555595227275285
20260126,-0.0127702433226249,-0.0086713963531153,0.0017006802721089,-0.0127702433226249,-0.0086713963531153,0.0,0.0,0.0,0.0,1.854075347808695,1.5421060444945667,0.9893432315127414,1.854075347808695,1.5421060444945667
20260127,-0.0138031601332242,-0.0106333802644263,-0.0004244482173173,-0.0138031601332242,-0.0106333802644263,0.0,0.0,0.0,0.0,1.8284832488838283,1.5257082445153856,0.9889233065418108,1.8284832488838283,1.5257082445153856
20260128,0.005231243686087,-0.0013863830330556,0.003184713375796,0.005231243686087,-0.0013863830330556,0.0,0.0,0.0,0.0,1.8380484903346679,1.5235930284917965,0.992072743823791,1.8380484903346679,1.5235930284917965
20260129,0.0071718617042906,-0.0049282970580436,0.009100529100529,0.0071718617042906,-0.0049282970580436,0.0,0.0,0.0,0.0,1.8512307199131284,1.5160843094518246,1.0011011306988011,1.8512307199131284,1.5160843094518246
20260130,0.0069895171950921,0.0004183802174962,-0.011954697986577,0.0069895171950921,0.0004183802174962,0.0,0.0,0.0,0.0,1.8641699288620437,1.5167186091349556,0.9891332690272762,1.8641699288620437,1.5167186091349556
20260202,-0.0410734119733444,-0.0316714229342486,-0.0235618764593505,-0.0410734119733444,-0.0316714229342486,0.0,0.0,0.0,0.0,1.787602109385573,1.468681972592797,0.965827433140622,1.787602109385573,1.468681972592797
20260203,0.0227770786628234,0.022234396656545,0.0139130434782608,0.0227770786628234,0.022234396656545,0.0,0.0,0.0,0.0,1.8283184632488771,1.5013372301337424,0.9792650322104045,1.8283184632488771,1.5013372301337424
20260204,0.0081334909081144,0.0094340568947201,0.0092195540308748,0.0081334909081144,0.0094340568947201,0.0,0.0,0.0,0.0,1.8431890748468494,1.5155009309809857,0.9882934190854147,1.8431890748468494,1.5155009309809857
20260205,-0.0081925427616037,-0.007572020490689,-0.0059485872105374,-0.0081925427616037,-0.007572020490689,0.0,0.0,0.0,0.0,1.8280886695334457,1.5040255268779394,0.982414469492385,1.8280886695334457,1.5040255268779394
20260206,0.0014991447807113,0.0096328091471939,-0.0064116264159008,0.0014991447807113,0.0096328091471939,0.0,0.0,0.0,0.0,1.8308292391210543,1.5185135177308626,0.9761155949284245,1.8308292391210543,1.5185135177308626
20260209,0.021206829494666,0.0163474577948364,0.0167778016777802,0.021206829494666,0.0163474577948364,0.0,0.0,0.0,0.0,1.8696553226289434,1.5433373533728565,0.992492668794722,1.8696553226289434,1.5433373533728565
20260210,-0.0039861708339968,0.0021023386871096,0.0012693039983073,-0.0039861708339968,0.0021023386871096,0.0,0.0,0.0,0.0,1.8622025571122531,1.5465819711981135,0.9937524437075139,1.8622025571122531,1.5465819711981135
20260211,0.0214393079237791,0.0051059722551485,-0.00211282484682,0.0214393079237791,0.0051059722551485,0.0,0.0,0.0,0.0,1.9021268911506317,1.554478775833364,0.9916528188528606,1.9021268911506317,1.554478775833364
20260212,-0.0106025686292151,-0.010433359449482,0.0008469193309337,-0.0106025686292151,-0.010433359449482,0.0,0.0,0.0,0.0,1.8819594602457317,1.5382603400085038,0.992492668794722,1.8819594602457317,1.5382603400085038
20260213,-0.0115601600358335,-0.0050428507382057,-0.0118468373175375,-0.0115601600358335,-0.0050428507382057,0.0,0.0,0.0,0.0,1.8602037077043403,1.5305031227173393,0.9807347696086622,1.8602037077043403,1.5305031227173393
20260224,0.0171365382251159,0.0117343673656004,0.0096339113680155,0.0171365382251159,0.0117343673656004,0.0,0.0,0.0,0.0,1.892081159647918,1.548462608613503,0.9901830814546032,1.892081159647918,1.548462608613503
20260225,0.0057574845583768,0.0128136969393169,0.0072094995759117,0.0057574845583768,0.0128136969393169,0.0,0.0,0.0,0.0,1.9029747877077865,1.5683041392021404,0.9973218059604252,1.9029747877077865,1.5683041392021404
20260226,0.0172465898966339,-0.0060498269920118,-0.003157894736842,0.0172465898966339,-0.0060498269920118,0.0,0.0,0.0,0.0,1.9357946134550166,1.5588161704891115,0.9941723686784449,1.9357946134550166,1.5588161704891115
20260227,0.0118524665799867,0.007952386302603,-0.0021119324181627,0.0118524665799867,0.007952386302603,0.0,0.0,0.0,0.0,1.9587385544167102,1.571212478851585,0.9920727438237914,1.9587385544167102,1.571212478851585
20260302,-0.0239193411830122,-0.0193283834806248,0.002962962962963,-0.0239193411830122,-0.0193283834806248,0.0,0.0,0.0,0.0,1.9118868186452969,1.5408434815307985,0.9950122186203064,1.9118868186452969,1.5408434815307985
20260303,-0.0258711752239766,-0.0306507126114883,-0.0128719139058872,-0.0258711752239766,-0.0306507126114883,0.0,0.0,0.0,0.0,1.8624240597517132,1.4936155307991128,0.9822045070069201,1.8624240597517132,1.4936155307991128
20260304,-0.0119818367157084,-0.0091310423604246,-0.0145361265498075,-0.0119818367157084,-0.0091310423604246,0.0,0.0,0.0,0.0,1.8401087987723614,1.479977264117198,0.9679270579952762,1.8401087987723614,1.479977264117198
20260305,0.0089319766706335,0.005346711225966,0.0095444685466377,0.0089319766706335,0.005346711225966,0.0,0.0,0.0,0.0,1.8565446076344236,1.4878902751694278,0.9771654073557517,1.8565446076344236,1.4878902751694278
20260306,0.0364303435177102,0.0224688661860195,0.0027932960893852,0.0364303435177102,0.0224688661860195,0.0,0.0,0.0,0.0,1.9241791654464984,1.5213214826616894,0.9798949196668011,1.9241791654464984,1.5213214826616894
20260309,0.0188301040437499,-0.0115365883574815,-0.0081422755517462,0.0188301040437499,-0.0115365883574815,0.0,0.0,0.0,0.0,1.960411659330672,1.5037706229568282,0.9719163452191178,1.960411659330672,1.5037706229568282
20260310,-0.0042747449739092,0.0111124711196075,0.0116655865197667,-0.0042747449739092,0.0111124711196075,0.0,0.0,0.0,0.0,1.952031399443155,1.5204812305749502,0.983254319434247,1.952031399443155,1.5204812305749502
20260311,0.0201200651587333,0.0008596451052411,0.0059790732436473,0.0201200651587333,0.0008596451052411,0.0,0.0,0.0,0.0,1.9913063983918444,1.521788304822425,0.9891332690272769,1.9913063983918444,1.521788304822425
20260312,0.0001472472281469,-0.0083480239299359,-0.0036085756739547,0.0001472472281469,-0.0083480239299359,0.0,0.0,0.0,0.0,1.991599612739399,1.5090843796374707,0.9855639067743659,1.991599612739399,1.5090843796374707
20260313,-0.0130177316278164,-0.0078879026427338,-0.0036216446527481,-0.0130177316278164,-0.0078879026427338,0.0,0.0,0.0,0.0,1.9656735034706942,1.49718086897122,0.9819945445214551,1.9656735034706942,1.49718086897122
20260316,0.0078920188166261,-0.0008634824148041,0.0006414368184735,0.0078920188166261,-0.0008634824148041,0.0,0.0,0.0,0.0,1.9811866357474281,1.4958880796190823,0.9826244319778512,1.9811866357474281,1.4958880796190823
20260317,-0.0074009032328517,-0.0125452789132707,-0.0072649572649572,-0.0074009032328517,-0.0125452789132707,0.0,0.0,0.0,0.0,1.9665240651700424,1.477121746437224,0.9754857074720292,1.9665240651700424,1.477121746437224
20260318,-0.0045283867921757,0.003990648355602,0.0034438226431339,-0.0045283867921757,0.003990648355602,0.0,0.0,0.0,0.0,1.9576188835668307,1.4830164199056677,0.9788451072394749,1.9576188835668307,1.4830164199056677
20260319,0.0013926536933477,-0.0238560964407551,-0.0135135135135134,0.0013926536933477,-0.0238560964407551,0.0,0.0,0.0,0.0,1.9603451687351974,1.4476374371691747,0.9656174706551578,1.9603451687351974,1.4476374371691747
20260320,-0.0240880450057303,-0.0214092556204579,-0.005001087192868,-0.0240880450057303,-0.0214092556204579,0.0,0.0,0.0,0.0,1.9131242860839381,1.4166445972310753,0.9607883334894547,1.9131242860839381,1.4166445972310753
20260323,-0.0450344055723101,-0.0518059726037675,-0.0319055944055943,-0.0450344055723101,-0.0518059726037675,0.0,0.0,0.0,0.0,1.826967871074198,1.343253946037647,0.9301338106115133,1.826967871074198,1.343253946037647
20260324,0.0583976447977639,0.0385417976082208,0.011060948081264,0.0583976447977639,0.0385417976082208,0.0,0.0,0.0,0.0,1.9336584918661157,1.3950253677622737,0.9404219723993156,1.9336584918661157,1.3950253677622737
20260325,0.0184361910309428,0.0178731518043475,0.0145121678946193,0.0184361910309428,0.0178731518043475,0.0,0.0,0.0,0.0,1.969307789210764,1.4199588679312045,0.9540695339545636,1.969307789210764,1.4199588679312045
20260326,0.0007945344600142,-0.0092856358615228,-0.0123239436619716,0.0007945344600142,-0.0092856358615228,0.0,0.0,0.0,0.0,1.9708724721116664,1.4067736469452552,0.942311634768504,1.9708724721116664,1.4067736469452552
20260327,0.0013437927277274,0.0122947486081539,0.0044563279857396,0.0013437927277274,0.0122947486081539,0.0,0.0,0.0,0.0,1.973520916206968,1.424069575283023,0.946510884477811,1.973520916206968,1.424069575283023
20260330,0.009465054189531,0.0076450244631026,-0.0017746228926354,0.009465054189531,0.0076450244631026,0.0,0.0,0.0,0.0,1.9922003986230397,1.4349566220232217,0.944831184594088,1.9922003986230397,1.4349566220232217
20260331,-0.0287489498206263,-0.0141864377674881,-0.0082222222222221,-0.0287489498206263,-0.0141864377674881,0.0,0.0,0.0,0.0,1.9349267293303942,1.4145996992058443,0.93706257263187,1.9349267293303942,1.4145996992058443
20260401,0.0048690673193748,0.016652591593094,0.0159085816715214,0.0048690673193748,0.016652591593094,0.0,0.0,0.0,0.0,1.9443480178335615,1.4381564502644328,0.9519699090999101,1.9443480178335615,1.4381564502644328
20260402,-0.0149822668153545,-0.0134714691032745,-0.00992501102779,-0.0149822668153545,-0.0134714691032745,0.0,0.0,0.0,0.0,1.9152172770484734,1.4187823700790207,0.9425215972539692,1.9152172770484734,1.4187823700790207
20260403,-0.0277606525074824,-0.0295681295851151,-0.0077968367119625,-0.0277606525074824,-0.0295681295851151,0.0,0.0,0.0,0.0,1.8620495957440042,1.3768316291074476,0.9351729102626819,1.8620495957440042,1.3768316291074476
20260407,0.0286201514150227,0.0147163969252071,-0.0017961383026494,0.0286201514150227,0.0147163969252071,0.0,0.0,0.0,0.0,1.9153417371164791,1.3970936298605723,0.933493210378959,1.9153417371164791,1.3970936298605723
20260408,0.0295774224025073,0.0318994927970179,0.0350877192982457,0.0295774224025073,0.0318994927970179,0.0,0.0,0.0,0.0,1.9719926087203254,1.4416602080430694,0.9662473581115542,1.9719926087203254,1.4416602080430694
20260409,-0.0213539221858746,-0.0112316898969387,-0.0065189048239896,-0.0213539221858746,-0.0112316898969387,0.0,0.0,0.0,0.0,1.9298828320025918,1.4254679276495734,0.9599484835475935,1.9298828320025918,1.4254679276495734
20260410,-0.0076967309621744,0.0045716382807246,0.0153105861767279,-0.0076967309621744,0.0045716382807246,0.0,0.0,0.0,0.0,1.9150290430561487,1.4319846513955614,0.9746458575301683,1.9150290430561487,1.4319846513955614
20260413,-0.0006809155530113,-0.0090116012957012,0.0021542438604049,-0.0006809155530113,-0.0090116012957012,0.0,0.0,0.0,0.0,1.9137250699962634,1.419080176655621,0.9767454823848218,1.9137250699962634,1.419080176655621
20260414,0.0040926463041691,0.0073457529383869,0.0128976784178846,0.0040926463041691,0.0073457529383869,0.0,0.0,0.0,0.0,1.9215572698311791,1.4295043890330956,0.989343231512743,1.9215572698311791,1.4295043890330956
20260415,-0.0001784624545835,-0.0040273459610581,-0.0038200339558573,-0.0001784624545835,-0.0040273459610581,0.0,0.0,0.0,0.0,1.9212143440041822,1.4237472803056084,0.9855639067743667,1.9212143440041822,1.4237472803056084
20260416,0.0196561153102236,0.009096300462302,0.0110779718789946,0.0196561153102236,0.009096300462302,0.0,0.0,0.0,0.0,1.9589779546855839,1.4366981133496535,0.9964819560185652,1.9589779546855839,1.4366981133496535
20260417,-0.0043586894848561,-0.004289143164043,-0.0014749262536875,-0.0043586894848561,-0.004289143164043,0.0,0.0,0.0,0.0,1.950439378073431,1.4305359094579864,0.9950122186203075,1.950439378073431,1.4305359094579864
20260420,0.0101042557192022,0.0051763287511755,0.0054863895336567,0.0101042557192022,0.0051763287511755,0.0,0.0,0.0,0.0,1.9701471163142865,1.4379408336157027,1.0004712432424065,1.9701471163142865,1.4379408336157027
20260421,0.0213198113952319,-0.000290871308496,0.002308499475341,0.0213198113952319,-0.000290871308496,0.0,0.0,0.0,0.0,2.0121502812549674,1.437522577883889,1.0027808305825254,2.0121502812549674,1.437522577883889
20260422,-0.0020706537303497,-0.0038358416895604,0.0073283082077051,-0.0020706537303497,-0.0038358416895604,0.0,0.0,0.0,0.0,2.0079838147690627,1.4320084688499575,1.0101295175738128,2.0079838147690627,1.4320084688499575
20260423,0.0329059189303252,-0.0007866236387273,-0.0020785699438784,0.0329059189303252,-0.0007866236387273,0.0,0.0,0.0,0.0,2.0740583673912587,1.4308820171375025,1.0080298927191593,2.0740583673912587,1.4308820171375025
20260424,-0.010426148372529,0.0042801969159771,-0.0039575088523224,-0.010426148372529,0.0042801969159771,0.0,0.0,0.0,0.0,2.0524339271195524,1.4370064739343815,1.0040406054953177,2.0524339271195524,1.4370064739343815
20260427,0.0160378729300305,0.0076453284655954,0.0,0.0160378729300305,0.0076453284655954,0.0,0.0,0.0,0.0,2.085350601639979,1.4479928604347967,1.0040406054953177,2.085350601639979,1.4479928604347967
20260428,0.0030342906007047,-0.0029092705548123,-0.0025094102885823,0.0030342906007047,-0.0029092705548123,0.0,0.0,0.0,0.0,2.091678161369709,1.4437802574423553,1.0015210556697334,2.091678161369709,1.4437802574423553
20260429,0.0217731243190044,0.0182724697728394,0.0106918238993711,0.0217731243190044,0.0182724697728394,0.0,0.0,0.0,0.0,2.1372205300125584,1.470161688555093,1.0122291424284664,2.1372205300125584,1.470161688555093
20260430,0.0035376867308049,0.0038063487778136,0.0006222775357809,0.0035376867308049,0.0038063487778136,0.0,0.0,0.0,0.0,2.1447813467223873,1.4757576367015128,1.0128590298848623,2.1447813467223873,1.4757576367015128
20260506,0.0177114612256734,0.011014600731276,0.0132669983416251,0.0177114612256734,0.011014600731276,0.0,0.0,0.0,0.0,2.1827685583824086,1.4920125178459114,1.026296628954645,2.1827685583824086,1.4920125178459114
20260507,-0.0202439050604739,0.0002463452096985,0.0049099836333879,-0.0202439050604739,0.0002463452096985,0.0,0.0,0.0,0.0,2.1385807989175274,1.492380067982493,1.0313357286058134,2.1385807989175274,1.492380067982493
20260508,-0.0229095540091926,0.0084378010784703,-0.0052931596091204,-0.0229095540091926,0.0084378010784703,0.0,0.0,0.0,0.0,2.089586866601704,1.504972474129603,1.0258767039837144,2.089586866601704,1.504972474129603
20260511,-0.0101821718475292,0.0025536965095623,0.0163733115022512,-0.0101821718475292,0.0025536965095623,0.0,0.0,0.0,0.0,2.0683103340356253,1.5088157170837753,1.0426737028209427,2.0683103340356253,1.5088157170837753
20260512,-0.0220546352720824,-0.014978899504987,-0.0006041079339509,-0.0220546352720824,-0.014978899504987,0.0,0.0,0.0,0.0,2.0226945039889905,1.4862153180860325,1.0420438153645466,2.0226945039889905,1.4862153180860325
20260513,-0.0054659750249754,0.0032030410441121,0.0108805158170461,-0.0054659750249754,0.0032030410441121,0.0,0.0,0.0,0.0,2.011638506347032,1.4909757267502504,1.0533817895796758,2.011638506347032,1.4909757267502504
20260514,-0.0246825424218797,-0.0145861182520981,-0.0151484951166036,-0.0246825424218797,-0.0145861182520981,0.0,0.0,0.0,0.0,1.9619861535766345,1.4692281784888632,1.0374246406843088,1.9619861535766345,1.4692281784888632
20260515,0.0222414055446174,-0.002491191947352,-0.012750455373406,0.0222414055446174,-0.002491191947352,0.0,0.0,0.0,0.0,2.0056234832912563,1.465568049081789,1.0241970040999917,2.0056234832912563,1.465568049081789
20260518,-0.0044806078926465,-0.0069505678775785,-0.005330053300533,-0.0044806078926465,-0.0069505678775785,0.0,0.0,0.0,0.0,1.9966370708823444,1.4553815188774357,1.0187379794778926,1.9966370708823444,1.4553815188774357
20260519,0.0253295914809873,0.0089378670062766,0.0035037098103873,0.0253295914809873,0.0089378670062766,0.0,0.0,0.0,0.0,2.0472110722235892,1.4683895253365549,1.0223073417308035,2.0472110722235892,1.4683895253365549
20260520,-0.0176874057438598,-0.0059102032029285,0.0004107619634421,-0.0176874057438598,-0.0059102032029285,0.0,0.0,0.0,0.0,2.0110012193458484,1.4597110448607642,1.0227272667017342,2.0110012193458484,1.4597110448607642
20260521,-0.0215892429881512,-0.0256740661377747,-0.0129336891808664,-0.0215892429881512,-0.0256740661377747,0.0,0.0,0.0,0.0,1.9675852253719224,1.4222343269529687,1.009499630117417,1.9675852253719224,1.4222343269529687
20260522,0.0247180079296667,0.0114848111951742,0.0112312811980033,0.0247180079296667,0.0114848111951742,0.0,0.0,0.0,0.0,2.0162200125749608,1.4385684196733193,1.020837604332546,2.0162200125749608,1.4385684196733193
20260525,0.0224394444900815,-0.0031325015023549,0.0154257507198685,0.0224394444900815,-0.0031325015023549,0.0,0.0,0.0,0.0,2.061462869626928,1.4340621019374522,1.0365847907424477,2.061462869626928,1.4340621019374522
20260526,0.0130862854789655,-0.0034388706230206,0.0070893255013164,0.0130862854789655,-0.0034388706230206,0.0,0.0,0.0,0.0,2.0884397612431536,1.4291305479035123,1.043933477733735,2.0884397612431536,1.4291305479035123
20260527,-0.03457542643828,-0.0125756648161486,-0.0080450522928398,-0.03457542643828,-0.0125756648161486,0.0,0.0,0.0,0.0,2.0162310659075118,1.411158281154559,1.035534978315121,2.0162310659075118,1.411158281154559
20260528,-0.0034239845037981,-0.0040997384094751,0.0,-0.0034239845037981,-0.0040997384094751,0.0,0.0,0.0,0.0,2.0093275219817683,1.405372901347461,1.035534978315121,2.0093275219817683,1.405372901347461
20260529,-0.0210957856382107,-0.0191535172048849,-0.0018248175182482,-0.0210957856382107,-0.0191535172048849,0.0,0.0,0.0,0.0,1.966939179301084,1.3784550673022233,1.033645315945933,1.966939179301084,1.3784550673022233
20260601,-0.0012557143077625,0.0153783165497983,-0.0111720495632744,-0.0012557143077625,0.0153783165497983,0.0,0.0,0.0,0.0,1.9644692656311369,1.3996533856768705,1.0220973792453385,1.9644692656311369,1.3996533856768705
20260602,-0.0061478046733132,-0.0126310447288075,0.0139687756778963,-0.0061478046733132,-0.0126310447288075,0.0,0.0,0.0,0.0,1.9523920922993097,1.3819743011575591,1.0363748282569825,1.9523920922993097,1.3819743011575591
20260603,-0.0001631629935103,-0.009985915903311,0.0058752025931927,-0.0001631629935103,-0.009985915903311,0.0,0.0,0.0,0.0,1.9520735341610242,1.3681740220056628,1.0424637403354775,1.9520735341610242,1.3681740220056628
20260604,-0.0094165685319145,-0.008247720852451,-0.0078549848942596,-0.0094165685319145,-0.008247720852451,0.0,0.0,0.0,0.0,1.9336916999472604,1.3568897045945851,1.034275203402329,1.9336916999472604,1.3568897045945851
20260605,0.0142994907557791,0.0116563515962547,-0.0168493706861552,0.0142994907557791,0.0116563515962547,0.0,0.0,0.0,0.0,1.9613425065351833,1.3727060880686777,1.0168483171087046,1.9613425065351833,1.3727060880686777
20260608,-0.000684166756886,-0.0202398155622563,-0.0214742927937229,-0.000684166756886,-0.0202398155622563,0.0,0.0,0.0,0.0,1.9600006211933445,1.3449227700249813,0.9950122186203079,1.9600006211933445,1.3449227700249813
20260609,0.0260162788658951,0.0101137460659938,0.0183583034395442,0.0260162788658951,0.0101137460659938,0.0,0.0,0.0,0.0,2.0109925439316383,1.358524977399387,1.0132789548557937,2.0109925439316383,1.358524977399387
20260610,-0.0288588172276601,-0.0066735843027782,-0.0087028595109821,-0.0288588172276601,-0.0066735843027782,0.0,0.0,0.0,0.0,1.9529576776601278,1.3494587464352823,1.0044605304662488,1.9529576776601278,1.3494587464352823
20260611,0.006711020645101,-0.0102204920692942,-0.0068979933110366,0.006711020645101,-0.0102204920692942,0.0,0.0,0.0,0.0,1.9660640169539136,1.3356666140195008,0.9975317684458924,1.9660640169539136,1.3356666140195008
20260612,0.0034686367226254,0.011148742667922,0.0141022942538413,0.0034686367226254,0.011148742667922,0.0,0.0,0.0,0.0,1.9728835788021521,1.350557617389339,1.0115992549720711,1.9728835788021521,1.350557617389339
20260615,0.0138212425340938,0.0089908846497094,0.0209630552096304,0.0138212425340938,0.0089908846497094,0.0,0.0,0.0,0.0,2.000151281236308,1.3627003251400729,1.0328054660040717,2.000151281236308,1.3627003251400729
20260616,0.0150719366499997,-0.007862815657102,-0.0018296401707663,0.0150719366499997,-0.007862815657102,0.0,0.0,0.0,0.0,2.030297434637517,1.3519856636876235,1.0309158036348838,2.030297434637517,1.3519856636876235
20260617,0.0122276695066533,-0.0056625855110523,0.0097759674134418,0.0122276695066533,-0.0056625855110523,0.0,0.0,0.0,0.0,2.0551232406684705,1.3443299292572757,1.0409940029372207,2.0551232406684705,1.3443299292572757
20260618,-0.0345670829151501,-0.0102013407666333,0.0052440500201693,-0.0345670829151501,-0.0102013407666333,0.0,0.0,0.0,0.0,1.9840836252074316,1.3306159615461381,1.0464530275593198,1.9840836252074316,1.3306159615461381
20260622,-0.0058565885275021,0.0033211442069742,0.0214686998394864,-0.0058565885275021,0.0033211442069742,0.0,0.0,0.0,0.0,1.972463663810437,1.3350351290385345,1.0689190135041127,1.972463663810437,1.3350351290385345
20260623,-0.005997227213278,0.007451245036749,-0.0292673345118836,-0.005997227213278,0.007451245036749,0.0,0.0,0.0,0.0,1.960634351048631,1.3449828029176685,1.0376346031697752,1.960634351048631,1.3449828029176685
20260624,-0.0193947887526294,-0.0176487986475178,0.0050586806960744,-0.0193947887526294,-0.0176487986475178,0.0,0.0,0.0,0.0,1.9226082619888942,1.3212454722446005,1.0428836653064089,1.9226082619888942,1.3212454722446005
20260625,-0.0068120865370446,-0.0115093540744837,0.0163076303603786,-0.0068120865370446,-0.0115093540744837,0.0,0.0,0.0,0.0,1.909511288131389,1.306038790285229,1.0598906266291026,1.909511288131389,1.306038790285229
20260626,-0.029398670537693,-0.0253479122321381,-0.027931854199683,-0.029398670537693,-0.0253479122321381,0.0,0.0,0.0,0.0,1.8533741948836084,1.2729334336573113,1.0302859161784879,1.8533741948836084,1.2729334336573113
20260629,-0.0194080287179483,0.0005627116734007,0.0105971061748522,-0.0194080287179483,0.0005627116734007,0.0,0.0,0.0,0.0,1.817403855284203,1.2736497281598922,1.0412039654226861,1.817403855284203,1.2736497281598922
20260630,0.0131010115216768,0.0005299929754367,0.0120992135511193,0.0131010115216768,0.0005299929754367,0.0,0.0,0.0,0.0,1.841213684131821,1.274324753568984,1.0538017145506073,1.841213684131821,1.274324753568984
20260701,0.0084719433605897,0.0333500122583722,-0.0041841004184099,0.0084719433605897,0.0333500122583722,0.0,0.0,0.0,0.0,1.8568123421785285,1.3168234997216566,1.049392502355835,1.8568123421785285,1.3168234997216566
20260702,-0.0076516703260235,0.0177783309650185,-0.0296118447378952,-0.0076516703260235,0.0177783309650185,0.0,0.0,0.0,0.0,1.8426046262788869,1.3402344237222221,1.0183180545069628,1.8426046262788869,1.3402344237222221
20260703,-0.008562814230076,0.0131660816034293,0.005360824742268,-0.008562814230076,0.0131660816034293,0.0,0.0,0.0,0.0,1.826826745164582,1.357880059512674,1.023777079129062,1.826826745164582,1.357880059512674
20260706,0.0042666727595608,0.0020125965702408,0.000205086136177,0.0042666727595608,0.0020125965702408,0.0,0.0,0.0,0.0,1.834621217074613,1.3606129242632479,1.0239870416145271,1.834621217074613,1.3606129242632479
20260707,-0.0271274563256796,-0.0172408057507407,-0.0104572483083863,-0.0271274563256796,-0.0172408057507407,0.0,0.0,0.0,0.0,1.7848526101342563,1.337154861134078,1.0132789548557941,1.7848526101342563,1.337154861134078
20260708,-0.0083711346782106,-0.0115290691011034,-0.0058019063406548,-0.0083711346782106,-0.0115290691011034,0.0,0.0,0.0,0.0,1.7699113685540668,1.3217387103411868,1.0074000052627643,1.7699113685540668,1.3217387103411868
20260709,-0.0029612832679536,-0.0086449969644359,0.0245935806586079,-0.0029612832679536,-0.0086449969644359,0.0,0.0,0.0,0.0,1.7646701596326066,1.3103122832025098,1.032175578547676,1.7646701596326066,1.3103122832025098
20260710,0.0029980956667458,0.0081946539916189,-0.0176973148901546,0.0029980956667458,0.0081946539916189,0.0,0.0,0.0,0.0,1.7699608095914365,1.3210498389843226,1.0139088423121903,1.7699608095914365,1.3210498389843226
20260713,0.0025892879738134,-0.0173393262830381,-0.0176019879892316,0.0025892879738134,-0.0173393262830381,0.0,0.0,0.0,0.0,1.7745437478298327,1.2981437247900185,0.9960620310476354,1.7745437478298327,1.2981437247900185
20260714,-0.0114735133370467,0.0238801335970583,0.0196037099494097,-0.0114735133370467,0.0238801335970583,0.0,0.0,0.0,0.0,1.7541834964719343,1.329143570366187,1.0155885421959132,1.7541834964719343,1.329143570366187
20260715,0.0178731201503947,0.0144667154820245,0.0002067397146992,0.0178731201503947,0.0144667154820245,0.0,0.0,0.0,0.0,1.7855362288702168,1.348371912233437,1.0157985046813787,1.7855362288702168,1.348371912233437
20260716,-0.0159911930443678,0.0010771603089612,-0.0175692434890449,-0.0159911930443678,0.0010771603089612,0.0,0.0,0.0,0.0,1.7569833743466408,1.349824324939013,0.9979516934168239,1.7569833743466408,1.349824324939013
20260717,-0.0485362498439875,-0.0342459895730806,-0.034504523458868,-0.0485362498439875,-0.0342459895730806,0.0,0.0,0.0,0.0,1.67170599031762,1.303598255181661,0.963517845800506,1.67170599031762,1.303598255181661
20260720,-0.0090117379788158,-0.0179481051502929,0.0132926563521462,-0.0090117379788158,-0.0179481051502929,0.0,0.0,0.0,0.0,1.6566410139552608,1.280201136623922,0.9763255574138924,1.6566410139552608,1.280201136623922
20260721,0.018318398237756,4.554088522397534e-05,0.0294623655913977,0.018318398237756,4.554088522397534e-05,0.0,0.0,0.0,0.0,1.686988023785893,1.2802594381169488,1.0050904179226456,1.686988023785893,1.2802594381169488
20260722,0.0082766282231287,0.0016975798638877,-0.0045957802381451,0.0082766282231287,0.0016975798638877,0.0,0.0,0.0,0.0,1.7009505964756395,1.2824327807596483,1.0004712432424077,1.7009505964756395,1.2824327807596483
20260723,0.025694363439551,0.0140523054226489,0.0046169989506821,0.025694363439551,0.0140523054226489,0.0,0.0,0.0,0.0,1.7446554392942057,1.3004539178788999,1.0050904179226454,1.7446554392942057,1.3004539178788999
20260724,-0.0297082586212684,-0.0263272756978148,-0.0179653227491122,-0.0297082586212684,-0.0263272756978148,0.0,0.0,0.0,0.0,1.692824764298651,1.2662165090505986,0.987033644172625,1.692824764298651,1.2662165090505986
20260727,0.0273329289816383,0.0269492980502737,0.0110614762816423,0.0273329289816383,0.0269492980502737,0.0,0.0,0.0,0.0,1.7390946233595843,1.3003401551491802,0.9979516934168234,1.7390946233595843,1.3003401551491802
20260728,-0.0203243077836439,-7.388023258090057e-05,-0.0265095729013256,-0.0203243077836439,-7.388023258090057e-05,0.0,0.0,0.0,0.0,1.7037487289695439,1.3002440857160835,0.9714964202481888,1.7037487289695439,1.3002440857160835
20260729,0.0198830052342778,0.0199791110930644,0.0064836827317917,0.0198830052342778,0.0199791110930644,0.0,0.0,0.0,0.0,1.7376243738655395,1.3262218067527052,0.9777952948121496,1.7376243738655395,1.3262218067527052
20260730,-0.0215022818478171,-0.0147084870938535,-0.0111659866867082,-0.0215022818478171,-0.0147084870938535,0.0,0.0,0.0,0.0,1.700261484833046,1.306715090424496,0.9668772455679512,1.700261484833046,1.306715090424496
20260731,0.0173772365813192,0.0090753675913914,0.0104234527687294,0.0173772365813192,0.0090753675913914,0.0,0.0,0.0,0.0,1.7298073309050948,1.3185740102073167,0.976955444870288,1.7298073309050948,1.3185740102073167
20260803,0.0161889402462386,0.0137295300053694,-0.0116054158607349,0.0161889402462386,0.0137295300053694,0.0,0.0,0.0,0.0,1.7578110784226226,1.3366774116447584,0.965617470655159,1.7578110784226226,1.3366774116447584
20260804,0.0160631820353789,0.016929707491144,0.0113068058273537,0.0160631820353789,0.016929707491144,0.0,0.0,0.0,0.0,1.786047117759131,1.3593069692339237,0.9765355198993574,1.786047117759131,1.3593069692339237
20260805,0.01953858293181,0.018384402006215,0.0135454740915932,0.01953858293181,0.018384402006215,0.0,0.0,0.0,0.0,1.820943947489588,1.3842970150061698,0.9897631564836746,1.820943947489588,1.3842970150061698
20260806,0.0090135151540401,0.0079688430435485,-0.0010606703436574,0.0090135151540401,0.0079688430435485,0.0,0.0,0.0,0.0,1.837357053354943,1.3953282606444066,0.9887133440563476,1.837357053354943,1.3953282606444066
20260807,0.0051534870290705,0.0031016957149305,0.008919091102145,0.0051534870290705,0.0031016957149305,0.0,0.0,0.0,0.0,1.8468258490971792,1.3996561443313689,0.9975317684458926,1.8468258490971792,1.3996561443313689
20260810,0.0354664757023451,0.0280579831016901,0.0016838560303094,0.0354664757023451,0.0280579831016901,0.0,0.0,0.0,0.0,1.912326253200647,1.4389276727771951,0.9992114683296155,1.912326253200647,1.4389276727771951
20260811,-0.0035888796739307,-0.0066577345826784,-0.0065139735238497,-0.0035888796739307,-0.0066577345826784,0.0,0.0,0.0,0.0,1.9054631443806112,1.4293476742481734,0.9927026312801893,1.9054631443806112,1.4293476742481734
20260812,0.0184353110777168,0.0118349224018032,0.0042301184433164,0.0184353110777168,0.0118349224018032,0.0,0.0,0.0,0.0,1.9405909501943923,1.4462638930580987,0.9969018809894964,1.9405909501943923,1.4462638930580987
20260813,-0.0188856628048153,-0.0131244805976387,-0.0040016849199662,-0.0188856628048153,-0.0131244805976387,0.0,0.0,0.0,0.0,1.903941603866945,1.4272824306545921,0.9929125937656548,1.903941603866945,1.4272824306545921
20260814,0.0246332821821948,-0.0008677311086218,-0.0006343835906111,0.0246332821821948,-0.0008677311086218,0.0,0.0,0.0,0.0,1.95084193465342,1.4260439332887238,0.9922827063092587,1.95084193465342,1.4260439332887238
20260817,0.0215141954185372,0.0222588712434464,0.0158696572154042,0.0215141954185372,0.0222588712434464,0.0,0.0,0.0,0.0,1.9928127292662308,1.4577860615872953,1.0080298927191602,1.9928127292662308,1.4577860615872953
20260818,-0.0073822482869393,0.0186360839276585,-0.002916059154343,-0.0073822482869393,0.0186360839276585,0.0,0.0,0.0,0.0,1.9781012909094142,1.4849534849796069,1.0050904179226452,1.9781012909094142,1.4849534849796069
20260819,-0.0354939663972393,-0.0253870203721054,-0.0277835805306037,-0.0354939663972393,-0.0253870203721054,0.0,0.0,0.0,0.0,1.9078906301595397,1.4472549406048008,0.9771654073557533,1.9078906301595397,1.4472549406048008
20260820,-0.0063174922747439,0.005246656447694,-0.0002148689299528,-0.0063174922747439,0.005246656447694,0.0,0.0,0.0,0.0,1.8958375458424506,1.454848190070382,0.9769554448702878,1.8958375458424506,1.454848190070382
20260821,0.0227705719804493,-0.0061565762560236,0.0058027079303675,0.0227705719804493,-0.0061565762560236,0.0,0.0,0.0,0.0,1.9390068511432947,1.4458913062472758,0.9826244319778524,1.9390068511432947,1.4458913062472758
20260824,-0.001718495558565,-0.0149232204825261,-0.0113247863247862,-0.001718495558565,-0.0149232204825261,0.0,0.0,0.0,0.0,1.935674676481578,1.42431395149038,0.9714964202481888,1.935674676481578,1.42431395149038
20260825,0.0167788006714208,0.0165495714780862,-0.0023773503349904,0.0167788006714208,0.0165495714780862,0.0,0.0,0.0,0.0,1.9681529760429795,1.4478857370378053,0.9691868329080698,1.9681529760429795,1.4478857370378053
20260826,-0.002647525382036,0.0049512949403525,0.0077989601386483,-0.002647525382036,0.0049512949403525,0.0,0.0,0.0,0.0,1.9629422410831758,1.4550546463618093,0.9767454823848227,1.9629422410831758,1.4550546463618093
20260827,0.0073614838265981,0.0109003449745195,0.0083834909716251,0.0073614838265981,0.0109003449745195,0.0,0.0,0.0,0.0,1.9773924086434558,1.4709152439639306,0.9849340193179715,1.9773924086434558,1.4709152439639306
20260828,0.0078650848411637,0.0133029224233518,-0.0025580899594968,0.0078650848411637,0.0133029224233518,0.0,0.0,0.0,0.0,1.9929447677017096,1.4904827153457083,0.9824144694923874,1.9929447677017096,1.4904827153457083
20260831,-0.014094495913617,-0.0027879162776557,0.0012823252831799,-0.014094495913617,-0.0027879162776557,0.0,0.0,0.0,0.0,1.9648552158172734,1.4863273743220315,0.9836742444051794,1.9648552158172734,1.4863273743220315
20260901,-0.0046250440751695,0.0036399217531612,-0.0002134471718248,-0.0046250440751695,0.0036399217531612,0.0,0.0,0.0,0.0,1.9557676738427918,1.4917374896641453,0.9834642819197141,1.9557676738427918,1.4917374896641453
20260902,-0.0103653188086641,-0.0206317823792555,-0.0136635354397951,-0.0103653188086641,-0.0206317823792555,0.0,0.0,0.0,0.0,1.9354955183877318,1.4609602864104179,0.9700266828499314,1.9354955183877318,1.4609602864104179
20260903,0.0124240069973673,-0.0027261474678468,0.0002164502164503,0.0124240069973673,-0.0027261474678468,0.0,0.0,0.0,0.0,1.9595421282515542,1.4569774932249953,0.9702366453353969,1.9595421282515542,1.4569774932249953
20260904,-0.0105003123002619,-0.001021835606918,-0.0010820168794635,-0.0105003123002619,-0.001021835606918,0.0,0.0,0.0,0.0,1.9389663239393928,1.4554887017439397,0.96918683290807,1.9389663239393928,1.4554887017439397
20260907,0.0110610831588603,0.0087720466520768,0.0038994800693243,0.0110610831588603,0.0087720466520768,0.0,0.0,0.0,0.0,1.960413391690716,1.4682563165372085,0.9729661576464466,1.960413391690716,1.4682563165372085
20260908,0.0128263378469596,0.0159717916792248,-0.0021579628830386,0.0128263378469596,0.0159717916792248,0.0,0.0,0.0,0.0,1.985558316172245,1.4917070005566466,0.9708665327917928,1.985558316172245,1.4917070005566466
20260909,-0.0019692784490579,-0.0121556365947186,0.0028114186851209,-0.0019692784490579,-0.0121556365947186,0.0,0.0,0.0,0.0,1.9816481989708592,1.4735743523520823,0.9735960451028423,1.9816481989708592,1.4735743523520823
20260910,-0.0198448035752837,-0.0196264853844786,-0.0043131334914814,-0.0198448035752837,-0.0196264853844786,0.0,0.0,0.0,0.0,1.9423227797069678,1.4446532668627017,0.9693967953935353,1.9423227797069678,1.4446532668627017
20260911,-0.0113899129932106,-0.0183905502412172,-0.008230452674897,-0.0113899129932106,-0.0183905502412172,0.0,0.0,0.0,0.0,1.9201998922413746,1.4180852983773247,0.961418220945852,1.9201998922413746,1.4180852983773247
20260914,0.0170581473112527,0.0058580698130287,-0.0058964839484604,0.0170581473112527,0.0058580698130287,0.0,0.0,0.0,0.0,1.9529549448702797,1.4263925410560485,0.9557492338382875,1.9529549448702797,1.4263925410560485
20260915,-0.0160904896783043,-0.0171854988710772,-0.0063708260105447,-0.0160904896783043,-0.0171854988710772,0.0,0.0,0.0,0.0,1.921530943487651,1.4018792736520167,0.9496603217597923,1.921530943487651,1.4018792736520167
20260916,0.0037227089230838,0.0066829916114962,0.0059694892770285,0.0037227089230838,0.0066829916114962,0.0,0.0,0.0,0.0,1.9286842438769543,1.4112480210781633,0.9553293088673569,1.9286842438769543,1.4112480210781633
20260917,-0.0050398785250221,0.0049571493755618,-0.0039560439560438,-0.0050398785250221,0.0049571493755618,0.0,0.0,0.0,0.0,1.9189639095746904,1.4182437883246137,0.9515499841289807,1.9189639095746904,1.4182437883246137
20260918,0.0051149504795218,0.0120305076673144,0.0110326566637246,0.0051149504795218,0.0120305076673144,0.0,0.0,0.0,0.0,1.9287793149441546,1.435305981094174,0.9620481084022484,1.9287793149441546,1.435305981094174
20260921,0.0179971549594032,0.0265451393225978,0.005674378000873,0.0179971549594032,0.0265451393225978,0.0,0.0,0.0,0.0,1.9634918551576959,1.4734063783328766,0.9675071330243477,1.9634918551576959,1.4734063783328766
20260922,0.0046474358455984,0.0030367323961413,0.0010850694444446,0.0046474358455984,0.0030367323961413,0.0,0.0,0.0,0.0,1.972617057587896,1.4778807192146413,0.9685569454516746,1.972617057587896,1.4778807192146413
20260923,0.0052512194315275,-0.0116206310754636,-0.0049859093865165,0.0052512194315275,-0.0116206310754636,0.0,0.0,0.0,0.0,1.9829757026116643,1.460706812603107,0.9637278082859713,1.9829757026116643,1.460706812603107
20260924,-0.0179318530109715,-0.0120191292049524,-0.0163398692810458,-0.0179318530109715,-0.0120191292049524,0.0,0.0,0.0,0.0,1.947417273788104,1.4431503886918762,0.9479806218760697,1.947417273788104,1.4431503886918762
20260928,-0.0324110383343275,-0.0141197477658141,-0.0217054263565891,-0.0324110383343275,-0.0141197477658141,0.0,0.0,0.0,0.0,1.8842994578744263,1.4227734692154101,0.9274042983004651,1.8842994578744263,1.4227734692154101
20260929,-0.0113442095571606,0.0035949280360536,-0.0002263980076973,-0.0113442095571606,0.0035949280360536,0.0,0.0,0.0,0.0,1.8629235699558546,1.427888237448846,0.927194335815,1.8629235699558546,1.427888237448846
20260930,0.0023943101904986,0.0056523607288685,0.0036231884057968,0.0023943101904986,0.0056523607288685,0.0,0.0,0.0,0.0,1.86738398684352,1.4359591768474151,0.9305537355824455,1.86738398684352,1.4359591768474151
20261008,0.0008271815219594,0.0039209092878876,-0.0097021660649818,0.0008271815219594,0.0039209092878876,0.0,0.0,0.0,0.0,1.8689286523718398,1.4415894425209437,0.9215253487074355,1.8689286523718398,1.4415894425209437
20261009,0.009858794558782495,0.010601120276903776,-0.0009113693324220851,0.009858794558782495,0.010601120276903776,0.0,0.0,0.0,0.0,1.887354036000596,1.4568719055910229,0.920685498765574,1.887354036000596,1.4568719055910229
