date,zoo_strict_ret,zoo_extended_ret,benchmark_ret,zoo_strict_net_ret,zoo_extended_net_ret,zoo_strict_turnover,zoo_extended_turnover,zoo_strict_cost,zoo_extended_cost,zoo_strict_nav,zoo_extended_nav,benchmark_nav,zoo_strict_net_nav,zoo_extended_net_nav
20210104,0.0,0.0,0.0,0.0,0.0,0.0,0.0,0.0,0.0,1.0,1.0,1.0,1.0,1.0
20210105,0.0157401300428361,0.0018485247824283,0.0185601799775028,0.0157401300428361,0.0018485247824283,0.0,0.0,0.0,0.0,1.0157401300428361,1.0018485247824283,1.0185601799775028,1.0157401300428361,1.0018485247824283
20210106,-0.0081640840761837,-0.0137072175151098,0.0090189582182955,-0.0081640840761837,-0.0137072175151098,0.0,0.0,0.0,0.0,1.0074475422216127,0.9881159691360436,1.0277465316835395,1.0074475422216127,0.9881159691360436
20210107,-0.0206249796089399,-0.0326091764420401,0.0213425757022984,-0.0206249796089399,-0.0326091764420401,0.0,0.0,0.0,0.0,0.9866689572062153,0.9558943211532889,1.0496812898387702,0.9866689572062153,0.9558943211532889
20210108,-0.0037616902151111,-0.0004527848041633,-0.0050008930166101,-0.0037616902151111,-0.0004527848041633,0.0,0.0,0.0,0.0,0.9829574142443388,0.9554615067302846,1.0444319460067493,0.9829574142443388,0.9554615067302846
20210111,-0.0323306511300622,-0.0237078615894558,-0.011308562197092,-0.0323306511300622,-0.0237078615894558,0.0,0.0,0.0,0.0,0.9511777610086971,0.9328095575746701,1.032620922384702,0.9511777610086971,0.9328095575746701
20210112,0.0016213789808599,0.0058653548513533,0.0290486564996368,0.0016213789808599,0.0058653548513533,0.0,0.0,0.0,0.0,0.952719980637458,0.9382808166385793,1.0626171728533933,0.952719980637458,0.9382808166385793
20210113,-0.0216593226800584,-0.0172148066136658,-0.003881439661256,-0.0216593226800584,-0.0172148066136658,0.0,0.0,0.0,0.0,0.9320847111530922,0.9221284938308337,1.0584926884139485,0.9320847111530922,0.9221284938308337
20210114,0.0183183369594579,0.0115016615616871,-0.0182430038965639,0.0183183369594579,0.0115016615616871,0.0,0.0,0.0,0.0,0.9491589529667536,0.9327345036832644,1.0391826021747286,0.9491589529667536,0.9327345036832644
20210115,0.0212170245815137,0.0202694080125924,-0.0030669312646581,0.0212170245815137,0.0202694080125924,0.0,0.0,0.0,0.0,0.9692972818036131,0.9516404799058434,1.0359955005624302,0.9692972818036131,0.9516404799058434
20210118,0.0139121003046008,0.0174000793445229,0.0107860275921927,0.0139121003046008,0.0174000793445229,0.0,0.0,0.0,0.0,0.9827822428130418,0.9681990997636649,1.0471697766168842,0.9827822428130418,0.9681990997636649
20210119,0.0086298535011419,0.0074134793603641,-0.0136042082350807,0.0086298535011419,0.0074134793603641,0.0,0.0,0.0,0.0,0.9912635095920421,0.975376823806486,1.0329238609183051,0.9912635095920421,0.975376823806486
20210120,0.0016375787251129,0.0001567052587184,0.0055167340934167,0.0016375787251129,0.0001567052587184,0.0,0.0,0.0,0.0,0.9928867816263307,0.9755296704840085,1.0386222271977368,0.9928867816263307,0.9755296704840085
20210121,0.0093369830313,0.0074534582592566,0.0171909290416971,0.0093369830313,0.0074534582592566,0.0,0.0,0.0,0.0,1.0021573486583777,0.9828007401636275,1.0564771082066224,1.0021573486583777,0.9828007401636275
20210122,-0.0206962295814253,-0.0123034574429603,0.0005393743257819,-0.0206962295814253,-0.0123034574429603,0.0,0.0,0.0,0.0,0.9814164700938315,0.9707088930821144,1.0570469448345654,0.9814164700938315,0.9707088930821144
20210125,-0.004449747328537,-0.0183193060796959,0.0118598382749326,-0.004449747328537,-0.0183193060796959,0.0,0.0,0.0,0.0,0.9770494147778492,0.9529261797554603,1.069583350649315,0.9770494147778492,0.9529261797554603
20210126,-0.0076333189723958,-0.0048241557204862,-0.0213106020245071,-0.0076333189723958,-0.0048241557204862,0.0,0.0,0.0,0.0,0.9695912849430572,0.948329115474192,1.0467898855315887,0.9695912849430572,0.948329115474192
20210127,0.0015362121876268,-0.0001351122260733,0.0018145527127562,0.0015362121876268,-0.0001351122260733,0.0,0.0,0.0,0.0,0.9710807828920035,0.94820098461635,1.0486893409580658,0.9710807828920035,0.94820098461635
20210128,-0.0226079148817973,-0.0151438056798863,-0.0246332186198153,-0.0226079148817973,-0.0151438056798863,0.0,0.0,0.0,0.0,0.949126671209032,0.9338416131598433,1.0228567471579757,0.949126671209032,0.9338416131598433
20210129,-0.0153667852737557,-0.015500268403001,-0.0068709377901579,-0.0153667852737557,-0.015500268403001,0.0,0.0,0.0,0.0,0.9345416454549683,0.9193668175099743,1.01582876208001,0.9345416454549683,0.9193668175099743
20210201,0.0194517917586998,0.0091086223536737,0.0117801047120418,0.0194517917586998,0.0091086223536737,0.0,0.0,0.0,0.0,0.9527201549321911,0.9277409826551714,1.0277953312668162,0.9527201549321911,0.9277409826551714
20210202,0.0040067123987213,0.0036862357185218,0.0147846978377379,0.0040067123987213,0.0036862357185218,0.0,0.0,0.0,0.0,0.9565374305894696,0.9311608546029715,1.0429909746786339,0.9565374305894696,0.9311608546029715
20210203,-0.0357000166381432,-0.0148799605310198,-0.0010926971407756,-0.0357000166381432,-0.0148799605310198,0.0,0.0,0.0,0.0,0.9223890284024189,0.9173052178384486,1.0418513014227477,0.9223890284024189,0.9173052178384486
20210204,-0.0080410175842584,-0.014155013721403,-0.0020054694621696,-0.0080410175842584,-0.014155013721403,0.0,0.0,0.0,0.0,0.9149720820055081,0.9043207498932309,1.0397619004536227,0.9149720820055081,0.9043207498932309
20210205,-0.0086720529179151,-0.0114719270106721,0.0014614541468762,-0.0086720529179151,-0.0114719270106721,0.0,0.0,0.0,0.0,0.9070373956919414,0.8939464482562194,1.0412814647948045,0.9070373956919414,0.8939464482562194
20210208,-0.0397245706738288,-0.0037415397194743,0.0131338927398758,-0.0397245706738288,-0.0037415397194743,0.0,0.0,0.0,0.0,0.8710057245629712,0.8906017121129858,1.0549575438654404,0.8710057245629712,0.8906017121129858
20210209,0.0231429507737809,0.017288162577612,0.0248469571480014,0.0231429507737809,0.017288162577612,0.0,0.0,0.0,0.0,0.8911633671702134,0.9059985793038947,1.081170028750826,0.8911633671702134,0.9059985793038947
20210210,-0.0004658508832363,0.0056211971295503,0.0202037947997189,-0.0004658508832363,0.0056211971295503,0.0,0.0,0.0,0.0,0.8907482179285093,0.9110913759172544,1.1030137661553139,0.8907482179285093,0.9110913759172544
20210218,0.0265659808529718,0.0298506934945903,-0.0074048562080247,0.0265659808529718,0.0298506934945903,0.0,0.0,0.0,0.0,0.914411818030817,0.9382880853253249,1.094846107821462,0.914411818030817,0.9382880853253249
20210219,0.0319543048943212,0.0331815004314399,0.0055517002081888,0.0319543048943212,0.0331815004314399,0.0,0.0,0.0,0.0,0.9436312120631442,0.9694218918333621,1.100924365186189,0.9436312120631442,0.9694218918333621
20210222,-0.0021812046676861,0.0110123392958086,-0.0357142857142857,-0.0021812046676861,0.0110123392958086,0.0,0.0,0.0,0.0,0.9415729592588177,0.9800974946270158,1.061605637858111,0.9415729592588177,0.9800974946270158
20210223,-0.0200644227043642,-0.0075347435728414,-0.0026838432635535,-0.0200644227043642,-0.0075347435728414,0.0,0.0,0.0,0.0,0.9226808413972497,0.9727127113286169,1.058756454718395,0.9226808413972497,0.9727127113286169
20210224,-0.0054672918062079,-0.0004791188949076,-0.0263724434876212,-0.0054672918062079,-0.0004791188949076,0.0,0.0,0.0,0.0,0.9176362759933335,0.9722466662893026,1.0308344599491799,0.9176362759933335,0.9722466662893026
20210225,-0.0187186941886021,-0.0087444109446606,0.0093974571586512,-0.0187186941886021,-0.0087444109446606,0.0,0.0,0.0,0.0,0.9004593231666467,0.9637449418996926,1.0405216826242136,0.9004593231666467,0.9637449418996926
20210226,-0.0060316319051095,-0.0033706111847146,-0.0271997079225994,-0.0060316319051095,-0.0033706111847146,0.0,0.0,0.0,0.0,0.8950280839837814,0.9604965324193134,1.0122197967697033,0.8950280839837814,0.9604965324193134
20210301,0.0250900216243083,0.0261026439880905,0.0167010696190657,0.0250900216243083,0.0261026439880905,0.0,0.0,0.0,0.0,0.9174843579652978,0.9855680314568501,1.0291249500653508,0.9174843579652978,0.9855680314568501
20210302,-0.0035662506051301,-0.004067971784378,-0.012735326688815,-0.0035662506051301,-0.004067971784378,0.0,0.0,0.0,0.0,0.9142123788185067,0.9815587685132987,1.0160187076226581,0.9142123788185067,0.9815587685132987
20210303,0.0157741598948965,0.0137653392159569,0.0196298373527759,0.0157741598948965,0.0137653392159569,0.0,0.0,0.0,0.0,0.9286333110598834,0.9950702579222812,1.0359629896006686,0.9286333110598834,0.9950702579222812
20210304,-0.0145254182071429,-0.0072445447026068,-0.0306197286395304,-0.0145254182071429,-0.0072445447026068,0.0,0.0,0.0,0.0,0.9151445238556548,0.9878614269565288,1.0042420839784993,0.9151445238556548,0.9878614269565288
20210305,0.0140278496116605,0.0082226267351423,-0.0039720068091545,0.0140278496116605,0.0082226267351423,0.0,0.0,0.0,0.0,0.9279820336092367,0.9959842427364375,1.0002532275828973,0.9279820336092367,0.9959842427364375
20210308,-0.0150608383358486,-0.0094538215001396,-0.0353209266995822,-0.0150608383358486,-0.0094538215001396,0.0,0.0,0.0,0.0,0.9140058462224759,0.9865683854886554,0.9649233566504212,0.9140058462224759,0.9865683854886554
20210309,-0.0285100898925496,-0.0253509927407537,-0.0198818897637795,-0.0285100898925496,-0.0253509927407537,0.0,0.0,0.0,0.0,0.8879474573843573,0.9615578975098754,0.9457388568430014,0.8879474573843573,0.9615578975098754
20210310,-0.0129441315054891,-0.0132311544031799,0.004217714400482,-0.0129441315054891,-0.0132311544031799,0.0,0.0,0.0,0.0,0.8764537487260095,0.9488353765003252,0.9497277132386035,0.8764537487260095,0.9488353765003252
20210311,0.020472386827352,0.0181157155037599,0.0258,0.020472386827352,0.0181157155037599,0.0,0.0,0.0,0.0,0.8943968489062111,0.9660242082409081,0.9742306882401595,0.8943968489062111,0.9660242082409081
20210312,-0.0164372616358175,0.0022885859797734,0.002534607135894,-0.0164372616358175,0.0022885859797734,0.0,0.0,0.0,0.0,0.8796954138944889,0.96823503770001,0.9766999802945799,0.8796954138944889,0.96823503770001
20210315,-0.0091906897297842,-0.0002127596730859,-0.0198366394399067,-0.0091906897297842,-0.0002127596730859,0.0,0.0,0.0,0.0,0.8716104062886706,0.9680290363299187,0.9573255349445124,0.8716104062886706,0.9680290363299187
20210316,0.0161092560999518,0.0144538040243294,0.0065476190476192,0.0161092560999518,0.0144538040243294,0.0,0.0,0.0,0.0,0.8856514015429579,0.9820207383108918,0.9635937378518874,0.8856514015429579,0.9820207383108918
20210317,0.0151262688246419,0.0029962014273377,0.0045338064261777,0.0151262688246419,0.0029962014273377,0.0,0.0,0.0,0.0,0.8990480027276174,0.9849630702486941,0.967962485332785,0.8990480027276174,0.9849630702486941
20210318,0.0072117871854801,-0.000754478579823,0.0078492935635792,0.0072117871854801,-0.000754478579823,0.0,0.0,0.0,0.0,0.9055317455928198,0.9842199367102747,0.9755603070386937,0.9055317455928198,0.9842199367102747
20210319,-0.0031777063013934,-0.0053264389445355,-0.0270638629283488,-0.0031777063013934,-0.0053264389445355,0.0,0.0,0.0,0.0,0.9026542316587378,0.9789775493093928,0.9491578766106605,0.9026542316587378,0.9789775493093928
20210322,0.013711460838894,0.0127943662820525,0.0114068441064638,0.013711460838894,0.0127943662820525,0.0,0.0,0.0,0.0,0.9150309398071885,0.9915029466571633,0.9599847725415807,0.9150309398071885,0.9915029466571633
20210323,-0.0072159431598221,-0.0160567376079191,-0.0089038385437276,-0.0072159431598221,-0.0160567376079191,0.0,0.0,0.0,0.0,0.9084281285560613,0.9755826440052106,0.9514372231224334,0.9084281285560613,0.9755826440052106
20210324,-0.0027566184541149,-0.0064065270058819,-0.0151726891595129,-0.0027566184541149,-0.0064065270058819,0.0,0.0,0.0,0.0,0.9059239388126465,0.9693325474499216,0.9370013618812066,0.9059239388126465,0.9693325474499216
20210325,-0.000477038024988,-0.0019120881641248,-0.0008108655990268,-0.000477038024988,-0.0019120881641248,0.0,0.0,0.0,0.0,0.905491778646086,0.9674790981588417,0.936241579710616,0.905491778646086,0.9674790981588417
20210326,0.0224409986405016,0.0171401521821088,0.0210996145262731,0.0224409986405016,0.0171401521821088,0.0,0.0,0.0,0.0,0.9258119184196683,0.9840618371342936,0.955995916145979,0.9258119184196683,0.9840618371342936
20210329,0.0045159778570096,0.0020377786053368,0.0019868865487779,0.0045159778570096,0.0020377786053368,0.0,0.0,0.0,0.0,0.9299928645430071,0.9860671372923342,0.9578953715724562,0.9299928645430071,0.9860671372923342
20210330,-0.0164510899584193,-0.0098713106450749,0.0087249652984335,-0.0164510899584193,-0.0098713106450749,0.0,0.0,0.0,0.0,0.9146934682677221,0.9763333622632219,0.966252975448956,0.9146934682677221,0.9763333622632219
20210331,-0.006023231364232,0.0044413044359396,-0.0072734421073323,-0.006023231364232,0.0044413044359396,0.0,0.0,0.0,0.0,0.9091840578809939,0.9806695559559975,0.9592249903709905,0.9091840578809939,0.9806695559559975
20210401,0.0122943816871191,0.0016500039173143,0.0122772277227722,0.0122943816871191,0.0016500039173143,0.0,0.0,0.0,0.0,0.9203619137124266,0.9822876645649159,0.9710016140151492,0.9203619137124266,0.9822876645649159
20210402,0.0076386925268999,0.0049823757259005,0.0095852895148667,0.0076386925268999,0.0049823757259005,0.0,0.0,0.0,0.0,0.927392275384745,0.9871817907806956,0.9803089456048872,0.927392275384745,0.9871817907806956
20210406,0.003748322140378,0.0108372653662889,-0.0054253051734158,0.003748322140378,0.0108372653662889,0.0,0.0,0.0,0.0,0.9308684403833852,0.9978801418121542,0.9749904704107513,0.9308684403833852,0.9978801418121542
20210407,0.0080368296472153,0.0119227550847106,-0.0068186245860121,0.0080368296472153,0.0119227550847106,0.0,0.0,0.0,0.0,0.9383496714627155,1.0097776223468768,0.968342376418081,0.9383496714627155,1.0097776223468768
20210408,-0.0027339383277094,-0.0084073516194201,0.0021577089054531,-0.0027339383277094,-0.0084073516194201,0.0,0.0,0.0,0.0,0.9357842813311101,1.0012880668183848,0.970431777387206,0.9357842813311101,1.0012880668183848
20210409,-0.0012042553440302,0.0031227125708767,-0.0138970444313955,-0.0012042553440302,0.0031227125708767,0.0,0.0,0.0,0.0,0.9346573581094576,1.0044148016517074,0.9569456438592179,0.9346573581094576,1.0044148016517074
20210412,-0.0227054763622333,-0.0105561804806464,-0.016673283048829,-0.0227054763622333,-0.0105561804806464,0.0,0.0,0.0,0.0,0.9134355175581159,0.9938120177280393,0.9409902182768093,0.9134355175581159,0.9938120177280393
20210413,0.0009309949317679,-0.0092925489664776,-0.0014129995962857,0.0009309949317679,-0.0092925489664776,0.0,0.0,0.0,0.0,0.9142859213954594,0.9845769708898277,0.9396605994782754,0.9142859213954594,0.9845769708898277
20210414,0.022368382320291,0.0152973132782907,0.0056599959571457,0.022368382320291,0.0152973132782907,0.0,0.0,0.0,0.0,0.9347370184352924,0.99963835326012,0.9449790746724116,0.9347370184352924,0.99963835326012
20210415,-0.0058533297699431,-0.0034315237927052,-0.0056281407035174,-0.0058533297699431,-0.0034315237927052,0.0,0.0,0.0,0.0,0.9292656944182173,0.9962080704668073,0.9396605994782756,0.9292656944182173,0.9962080704668073
20210416,0.0309776813908399,0.0161960768508738,0.0032342834040832,0.0309776813908399,0.0161960768508738,0.0,0.0,0.0,0.0,0.9580521910273425,1.0123427329355483,0.9426997281606392,0.9580521910273425,1.0123427329355483
20210419,0.000851457455169,0.0109163315304754,0.0253878702397745,0.000851457455169,0.0109163315304754,0.0,0.0,0.0,0.0,0.9588679317078338,1.0233938018307402,0.9666328665342522,0.9588679317078338,1.0233938018307402
20210420,0.0057308080129351,-0.0040453080252713,-0.0015720180782079,0.0057308080129351,-0.0040453080252713,0.0,0.0,0.0,0.0,0.9643630197342115,1.0192538586711815,0.9651133021930703,0.9643630197342115,1.0192538586711815
20210421,0.0260038461372106,-0.0001217404709114,0.0023617398149968,0.0260038461372106,-0.0001217404709114,0.0,0.0,0.0,0.0,0.9894401673197956,1.0191297742264485,0.9673926487048429,0.9894401673197956,1.0191297742264485
20210422,0.0176668074166689,0.007838154936842,-0.0007853917141172,0.0176668074166689,0.007838154936842,0.0,0.0,0.0,0.0,1.006920416206151,1.0271178712975841,0.9666328665342522,1.006920416206151,1.0271178712975841
20210423,-0.0240748248928079,-0.0140161138848368,0.0100216152485752,-0.0240748248928079,-0.0140161138848368,0.0,0.0,0.0,0.0,0.9826789835049946,1.012721670240326,0.9763200892092858,0.9826789835049946,1.012721670240326
20210426,-0.0244655256495164,-0.0099198460914303,-0.0124513618677043,-0.0244655256495164,-0.0099198460914303,0.0,0.0,0.0,0.0,0.9586372256288125,1.002675627138086,0.9641635744798316,0.9586372256288125,1.002675627138086
20210427,0.0037936070392608,-0.0031451360388728,0.0025610717100079,0.0037936070392608,-0.0031451360388728,0.0,0.0,0.0,0.0,0.9622739185560554,0.9995220758878746,0.9666328665342521,0.9622739185560554,0.9995220758878746
20210428,0.0020341830716767,0.0023246763214639,0.0074670858714873,0.0020341830716767,0.0023246763214639,0.0,0.0,0.0,0.0,0.9642313598714982,1.0018456411904715,0.9738507971548653,0.9642313598714982,1.0018456411904715
20210429,-0.0069969756534554,-0.001037867971836,0.0089721084454845,-0.0069969756534554,-0.001037867971836,0.0,0.0,0.0,0.0,0.9574846565221792,1.0008058576867565,0.9825882921166604,0.9574846565221792,1.0008058576867565
20210430,-0.0225830449402863,-0.0126072191699783,-0.0086990141117339,-0.0225830449402863,-0.0126072191699783,0.0,0.0,0.0,0.0,0.9358617374943042,0.9881884788923014,0.9740407426975131,0.9358617374943042,0.9881884788923014
20210506,0.001121883734666,0.0074670026594333,-0.0130655226209048,0.001121883734666,0.0074670026594333,0.0,0.0,0.0,0.0,0.9369116655554954,0.9955672848922116,0.9613143913401159,0.9369116655554954,0.9955672848922116
20210507,-0.0138510057497571,0.0010883466503197,-0.0120529539616677,-0.0138510057497571,0.0010883466503197,0.0,0.0,0.0,0.0,0.9239344966888718,0.9966508072118919,0.9497277132386048,0.9239344966888718,0.9966508072118919
20210510,-0.003022538862144,0.0049272131866055,-0.0002,-0.003022538862144,0.0049272131866055,0.0,0.0,0.0,0.0,0.9211418687665542,1.0015615182116275,0.9495377676959571,0.9211418687665542,1.0015615182116275
20210511,0.0072486198710788,0.0057442966662275,0.0052010402080417,0.0072486198710788,0.0057442966662275,0.0,0.0,0.0,0.0,0.9278188760205782,1.0073147847017123,0.9544763518047981,0.9278188760205782,1.0073147847017123
20210512,0.0045593822755038,0.0079755703883898,0.0061691542288555,0.0045593822755038,0.0079755703883898,0.0,0.0,0.0,0.0,0.9320491569587844,1.0153486946703665,0.9603646636268772,0.9320491569587844,1.0153486946703665
20210513,-0.0127166905397889,-0.0065780239324576,-0.010878164556962,-0.0127166905397889,-0.0065780239324576,0.0,0.0,0.0,0.0,0.9201965762618685,1.0086697066570351,0.9499176587812526,0.9201965762618685,1.0086697066570351
20210514,0.0180707532858051,0.0093365246445651,0.0251949610077983,0.0180707532858051,0.0093365246445651,0.0,0.0,0.0,0.0,0.9368252215659392,1.018087176231465,0.9738507971548653,0.9368252215659392,1.018087176231465
20210517,0.0086062815077782,-0.0046043318794729,0.0118977959820556,0.0086062815077782,-0.0046043318794729,0.0,0.0,0.0,0.0,0.9448878031463223,1.01339956498986,0.9854374752563761,0.9448878031463223,1.01339956498986
20210518,0.0188997908865929,0.0082202578167419,0.0003855050115653,0.0188997908865929,0.0082202578167419,0.0,0.0,0.0,0.0,0.9627459850370799,1.0217299706854506,0.9858173663416717,0.9627459850370799,1.0217299706854506
20210519,-0.0193968912827294,-0.0030806333556367,-0.0026974951830445,-0.0193968912827294,-0.0030806333556367,0.0,0.0,0.0,0.0,0.9440717058324314,1.0185823952573032,0.9831581287446034,0.9440717058324314,1.0185823952573032
20210520,0.0052952663183159,-0.0052962621344826,0.0027047913446678,0.0052952663183159,-0.0052962621344826,0.0,0.0,0.0,0.0,0.9490708169384009,1.0131877158864513,0.9858173663416716,0.9490708169384009,1.0131877158864513
20210521,0.0008310290000079,0.0035522314451404,-0.0105973025048171,0.0008310290000079,0.0035522314451404,0.0,0.0,0.0,0.0,0.949859522310338,1.0167867931506531,0.9753703614960468,0.949859522310338,1.0167867931506531
20210524,0.0158766527250256,0.0083221493724114,0.0054527750730282,0.0158766527250256,0.0083221493724114,0.0,0.0,0.0,0.0,0.964940112083618,1.0252486447231481,0.980688836690183,0.964940112083618,1.0252486447231481
20210525,0.0077207622054684,0.0064206892414076,0.031764478016657,0.0077207622054684,0.0064206892414076,0.0,0.0,0.0,0.0,0.9723901852315336,1.0318314476660897,1.0118399056844094,0.9723901852315336,1.0318314476660897
20210526,0.0141362092053125,0.0132298486645314,0.0001877229209688,0.0141362092053125,0.0132298486645314,0.0,0.0,0.0,0.0,0.9861360963191592,1.0454824215660166,1.0120298512270574,0.9861360963191592,1.0454824215660166
20210527,0.001633629298832,0.0052216318321484,0.0035660660660661,0.001633629298832,0.0052216318321484,0.0,0.0,0.0,0.0,0.987747077138742,1.0509415458584173,1.0156388165373642,0.987747077138742,1.0509415458584173
20210528,-0.0048989370027535,-0.0034620704834322,-0.0028053113895643,-0.0048989370027535,-0.0034620704834322,0.0,0.0,0.0,0.0,0.9829081664331855,1.0473031121526883,1.0127896333976483,0.9829081664331855,1.0473031121526883
20210531,0.0034629796907656,0.009393592958182,0.0011252813203301,0.0034629796907656,0.009393592958182,0.0,0.0,0.0,0.0,0.9863119574514313,1.057141051292088,1.0139293066535346,0.9863119574514313,1.057141051292088
20210601,0.009362965898014,0.0129639309587,0.0014986886474332,0.009362965898014,0.0129639309587,0.0,0.0,0.0,0.0,0.9955467626738526,1.0708457548946462,1.0154488709947163,0.9955467626738526,1.0708457548946462
20210602,-0.0087919795420547,-0.0037198616635335,-0.0080433969322858,-0.0087919795420547,-0.0037198616635335,0.0,0.0,0.0,0.0,0.9867939359032653,1.0668623568234559,1.0072812126608643,0.9867939359032653,1.0668623568234559
20210603,0.0196820397805228,0.0018021348829125,-0.0077314727512729,0.0196820397805228,0.0018021348829125,0.0,0.0,0.0,0.0,1.006216053404892,1.0687849866919537,0.9994934454123077,1.006216053404892,1.0687849866919537
20210604,0.0008224515714739,-0.0060917811128715,0.0062713797035347,0.0008224515714739,-0.0060917811128715,0.0,0.0,0.0,0.0,1.0070436173792572,1.0622741824963031,1.0057616483196825,1.0070436173792572,1.0622741824963031
20210607,0.0066691152339694,0.006774103356344,-0.0011331444759206,0.0066691152339694,0.006774103356344,0.0,0.0,0.0,0.0,1.0137597073091926,1.069470137601309,1.0046219750637964,1.0137597073091926,1.069470137601309
20210608,0.0098394920589118,-0.001055270334049,-0.0079410096426545,0.0098394920589118,-0.001055270334049,0.0,0.0,0.0,0.0,1.0237345878989061,1.068341557491947,0.9966442622725921,1.0237345878989061,1.068341557491947
20210609,0.0004377651041772,0.0049238487436296,0.0015246807699635,0.0004377651041772,0.0049238487436296,0.0,0.0,0.0,0.0,1.0241827431774275,1.073601909727571,0.9981638266137737,1.0241827431774275,1.073601909727571
20210610,0.005927579530102,-0.0024707804351756,0.0064700285442436,0.005927579530102,-0.0024707804351756,0.0,0.0,0.0,0.0,1.0302536678409697,1.070949275133849,1.0046219750637961,1.0302536678409697,1.070949275133849
20210611,-0.0147152052078596,-0.0042494880668016,-0.0092645112497635,-0.0147152052078596,-0.0042494880668016,0.0,0.0,0.0,0.0,1.0150932737025398,1.0663982889690178,0.995314643474058,1.0150932737025398,1.0663982889690178
20210615,-0.0151049523110099,-0.0075537383284797,-0.0112595419847327,-0.0151049523110099,-0.0075537383284797,0.0,0.0,0.0,0.0,0.9997603382120359,1.0583429953402073,0.9841078564578426,0.9997603382120359,1.0583429953402073
20210616,-0.0177382394575811,-0.010490950974702,-0.0137039181625169,-0.0177382394575811,-0.010490950974702,0.0,0.0,0.0,0.0,0.9820263499326385,1.047239970861674,0.9706217229298544,0.9820263499326385,1.047239970861674
20210617,0.0103270856119531,0.0037194024140987,0.0021526418786692,0.0103270856119531,0.0037194024140987,0.0,0.0,0.0,0.0,0.9921678201215867,1.0511350777374375,0.9727111238989793,0.9921678201215867,1.0511350777374375
20210618,0.0069516093219031,0.0105958359111929,0.0009763718023825,0.0069516093219031,0.0105958359111929,0.0,0.0,0.0,0.0,0.9990649831888362,1.0622727325416423,0.973660851612218,0.9990649831888362,1.0622727325416423
20210621,0.0182629464042576,0.0113524784017342,-0.0013655872024972,0.0182629464042576,0.0113524784017342,0.0,0.0,0.0,0.0,1.0173108534311845,1.0743321607945726,0.9723312328136838,1.0173108534311845,1.0743321607945726
20210622,0.006243130365527,0.0075460757353135,0.0050791170150419,0.006243130365527,0.0075460757353135,0.0,0.0,0.0,0.0,1.023662057711421,1.0824391526448114,0.9772698169225245,1.023662057711421,1.0824391526448114
20210623,0.0064728846832238,0.0035567354338781,0.0060252672497571,0.0064728846832238,0.0035567354338781,0.0,0.0,0.0,0.0,1.0302881041655787,1.0862891023340402,0.983158128744604,1.0302881041655787,1.0862891023340402
20210624,-0.0101157068878665,-0.0035468937452301,0.0025115919629057,-0.0101157068878665,-0.0035468937452301,0.0,0.0,0.0,0.0,1.019866011693784,1.08243615031146,0.9856274207990243,1.019866011693784,1.08243615031146
20210625,-0.0038415211144265,0.0042972076654373,0.0156099441125456,-0.0038415211144265,0.0042972076654373,0.0,0.0,0.0,0.0,1.0159481748759764,1.0870876032339247,1.0010130097534897,1.0159481748759764,1.0870876032339247
20210628,0.0081709184491918,0.0052327464000761,0.001707779886148,0.0081709184491918,0.0052327464000761,0.0,0.0,0.0,0.0,1.0242494045614934,1.0927760569763143,1.0027225196373193,1.0242494045614934,1.0927760569763143
20210629,-0.0192193723485072,-0.0070649592297517,-0.0102292100776663,-0.0192193723485072,-0.0070649592297517,0.0,0.0,0.0,0.0,1.0045639738774892,1.0850556386865278,0.9924654603343422,1.0045639738774892,1.0850556386865278
20210630,-0.0034420845316908,0.0040928751414463,0.005933014354067,-0.0034420845316908,0.0040928751414463,0.0,0.0,0.0,0.0,1.0011061797619116,1.089496635937194,0.9983537721564216,1.0011061797619116,1.089496635937194
20210701,-0.0073984466646976,-0.0102731717582392,-0.0003805175038052,-0.0073984466646976,-0.0102731717582392,0.0,0.0,0.0,0.0,0.9936995490852439,1.0783040498661876,0.9979738810711262,0.9936995490852439,1.0783040498661876
20210702,-0.0116626956702555,-9.548737371061562e-05,-0.02683669585078,-0.0116626956702555,-9.548737371061562e-05,0.0,0.0,0.0,0.0,0.9821103336565926,1.0782010854444044,0.9711915595577979,0.9821103336565926,1.0782010854444044
20210705,0.0157617109291835,0.0119159102684883,0.0013690592607078,0.0157617109291835,0.0119159102684883,0.0,0.0,0.0,0.0,0.9975900728362517,1.0910488328299466,0.9725211783563318,0.9975900728362517,1.0910488328299466
20210706,-0.0009040225702854,0.0020552132955002,0.0013671875,-0.0009040225702854,0.0020552132955002,0.0,0.0,0.0,0.0,0.996688228894515,1.0932911708972188,0.9738507971548659,0.996688228894515,1.0932911708972188
20210707,0.00784301908837,0.0085833169334882,0.0103374292958844,0.00784301908837,0.0085833169334882,0.0,0.0,0.0,0.0,1.0045052736988884,1.102675235517614,0.983917910915195,1.0045052736988884,1.102675235517614
20210708,-0.01510941761665,-0.0059945766520838,-0.0084942084942085,-0.01510941761665,-0.0059945766520838,0.0,0.0,0.0,0.0,0.9893277840204446,1.0960651642959491,0.9755603070386953,0.9893277840204446,1.0960651642959491
20210709,-0.0003647656442747,0.007131657260084,-0.0046728971962615,-0.0003647656442747,0.007131657260084,0.0,0.0,0.0,0.0,0.9889669112339076,1.1038819253824255,0.9710016140151502,0.9889669112339076,1.1038819253824255
20210712,0.0171367945967772,0.0096503828365053,0.0133020344287948,0.0171367945967772,0.0096503828365053,0.0,0.0,0.0,0.0,1.0059146340547322,1.1145348085686644,0.9839179109151951,1.0059146340547322,1.1145348085686644
20210713,0.0093604528582577,0.0055056998264582,0.0030888030888029,0.0093604528582577,0.0055056998264582,0.0,0.0,0.0,0.0,1.015330450566233,1.1206711026707825,0.9869570395975585,1.015330450566233,1.1206711026707825
20210714,-0.0150054002360255,-0.002587284428199,-0.0109699769053116,-0.0150054002360255,-0.002587284428199,0.0,0.0,0.0,0.0,1.0000950107836626,1.1177716077777098,0.9761301436666385,1.0000950107836626,1.1177716077777098
20210715,-0.0058801982319785,-0.0065248033795203,0.0132321463319711,-0.0058801982319785,-0.0065248033795203,0.0,0.0,0.0,0.0,0.994214253869442,1.11047836781375,0.9890464405666834,0.994214253869442,1.11047836781375
20210716,-0.0063811562478769,-0.0037365326134702,-0.0097945073938928,-0.0063811562478769,-0.0037365326134702,0.0,0.0,0.0,0.0,0.9878700173716346,1.1063290291758607,0.9793592178916497,0.9878700173716346,1.1063290291758607
20210719,-0.0062933044800103,-0.0038708499921242,0.0042668735453841,-0.0062933044800103,-0.0038708499921242,0.0,0.0,0.0,0.0,0.9816530505656418,1.1020465954619887,0.9835380198298996,0.9816530505656418,1.1020465954619887
20210720,0.0071044158205736,0.0013894782648881,-0.0025106218617226,0.0071044158205736,0.0013894782648881,0.0,0.0,0.0,0.0,0.9886271220283946,1.1035778652532768,0.9810687277754794,0.9886271220283946,1.1035778652532768
20210721,0.0047240375121657,0.0105518435673887,0.0075508228460792,0.0047240375121657,0.0105518435673887,0.0,0.0,0.0,0.0,0.9932974336384013,1.1152226462518624,0.9884766039387404,0.9932974336384013,1.1152226462518624
20210722,-0.0027258504070277,0.0017702625060748,0.0009607993850884,-0.0027258504070277,0.0017702625060748,0.0,0.0,0.0,0.0,0.9905898534246185,1.1171968830884476,0.989426331651979,0.9905898534246185,1.1171968830884476
20210723,-0.0085614857376083,-0.0124484635410122,-0.0099827222115568,-0.0085614857376083,-0.0124484635410122,0.0,0.0,0.0,0.0,0.9821089325227041,1.1032894984211885,0.9795491634342977,0.9821089325227041,1.1032894984211885
20210726,-0.0070445377453393,-0.0122767660442507,-0.0339344580182275,-0.0070445377453393,-0.0122767660442507,0.0,0.0,0.0,0.0,0.9751904290775131,1.089744671369993,0.9463086934709466,0.9751904290775131,1.089744671369993
20210727,-0.0301076903126999,-0.0250800494141775,-0.03472501003613,-0.0301076903126999,-0.0250800494141775,0.0,0.0,0.0,0.0,0.9458296976429383,1.0624138211631968,0.9134481145928909,0.9458296976429383,1.0624138211631968
20210728,-0.0226976947424626,-0.025867255036278,0.0020794343938446,-0.0226976947424626,-0.025867255036278,0.0,0.0,0.0,0.0,0.9243615438874832,1.034932091897102,0.9153475700193678,0.9243615438874832,1.034932091897102
20210729,0.0045758131256425,0.022037391972393,0.0180535380784394,0.0045758131256425,0.022037391972393,0.0,0.0,0.0,0.0,0.9285912495728428,1.057739296071047,0.9318728322297195,0.9285912495728428,1.057739296071047
20210730,0.005680909746225,0.0067728207552259,-0.0069302894415002,0.005680909746225,0.0067728207552259,0.0,0.0,0.0,0.0,0.9338664926528003,1.0649031747290951,0.925414683779697,0.9338664926528003,1.0649031747290951
20210802,0.0331897537788314,0.0217090796746677,0.0248357963875207,0.0331897537788314,0.0217090796746677,0.0,0.0,0.0,0.0,0.9648612916062477,1.0880212425950957,0.9483980944400715,0.9648612916062477,1.0880212425950957
20210803,0.0205432834401015,-0.0001800066740326,0.0004005607850989,0.0205432834401015,-0.0001800066740326,0.0,0.0,0.0,0.0,0.9846827106000974,1.0878253915099394,0.9487779855253667,0.9846827106000974,1.0878253915099394
20210804,0.0098278631081274,0.0111319570324625,0.0088088088088087,0.0098278631081274,0.0111319570324625,0.0,0.0,0.0,0.0,0.994360037484815,1.0999350170270497,0.9571355894018664,0.994360037484815,1.0999350170270497
20210805,-0.0010454233705421,-0.0069663330289814,-0.0059535622147249,-0.0010454233705421,-0.0069663330289814,0.0,0.0,0.0,0.0,0.9933205102628953,1.0922725033882008,0.9514372231224351,0.9933205102628953,1.0922725033882008
20210806,-0.0087366225594784,-0.0009781775832287,-0.0031942503493711,-0.0087366225594784,-0.0009781775832287,0.0,0.0,0.0,0.0,0.9846422438841399,1.0912040669106093,0.9483980944400715,0.9846422438841399,1.0912040669106093
20210809,0.0257138790540623,0.0154020232262312,0.0110154215902262,0.0257138790540623,0.0154020232262312,0.0,0.0,0.0,0.0,1.0099612154548971,1.1080108172937246,0.9588450992856962,1.0099612154548971,1.1080108172937246
20210810,0.0080394619934176,0.0106100860003844,0.0112916006339145,0.0080394619934176,0.0106100860003844,0.0,0.0,0.0,0.0,1.0180807602613726,1.1197669073545673,0.9696719952166164,1.0180807602613726,1.1197669073545673
20210811,0.0007349236241183,0.0053779337212424,-0.0052889324191969,0.0007349236241183,0.0053779337212424,0.0,0.0,0.0,0.0,1.018828971863349,1.1257889395655607,0.9645434655651278,1.018828971863349,1.1257889395655607
20210812,-0.0051058668581405,0.0082318635281005,-0.0063016935801496,-0.0051058668581405,0.0082318635281005,0.0,0.0,0.0,0.0,1.0136269667817985,1.1350562804775093,0.9584652082004007,1.0136269667817985,1.1350562804775093
20210813,-0.0048032919406108,0.0025341568677729,-0.0053507728894175,-0.0048032919406108,0.0025341568677729,0.0,0.0,0.0,0.0,1.0087582205414698,1.13793269114599,0.953336678548912,1.0087582205414698,1.13793269114599
20210816,0.0081289288261001,0.0025083111297637,-0.0005977286312014,0.0081289288261001,0.0025083111297637,0.0,0.0,0.0,0.0,1.016958344318995,1.1407869803801134,0.9527668419209688,1.016958344318995,1.1407869803801134
20210817,-0.0305283327133528,-0.028970371206863,-0.022328548644338,-0.0305283327133528,-0.028970371206863,0.0,0.0,0.0,0.0,0.9859123016280043,1.1077379580905453,0.9314929411444242,0.9859123016280043,1.1077379580905453
20210818,-0.006365905534196,0.008668859394803,0.0108075040783033,-0.006365905534196,0.008668859394803,0.0,0.0,0.0,0.0,0.9796360770508385,1.1173407826955184,0.9415600549047533,0.9796360770508385,1.1173407826955184
20210819,0.0060592249745977,-0.0018878228456341,-0.0068589872907,0.0060592249745977,-0.0018878228456341,0.0,0.0,0.0,0.0,0.9855719124349218,1.1152314412395872,0.9351019064547308,0.9855719124349218,1.1152314412395872
20210820,-0.0186794464362413,-0.0112029671138943,-0.0182815356489944,-0.0186794464362413,-0.0112029671138943,0.0,0.0,0.0,0.0,0.9671619746875297,1.1027375400789992,0.918006807616436,0.9671619746875297,1.1027375400789992
20210823,0.0150294609856756,0.0255623676144205,0.0148975791433894,0.0150294609856756,0.0255623676144205,0.0,0.0,0.0,0.0,0.9816978978529249,1.1309261224607203,0.9316828866870721,0.9816978978529249,1.1309261224607203
20210824,0.0083231769820347,0.0038401985624702,0.0106014271151884,0.0083231769820347,0.0038401985624702,0.0,0.0,0.0,0.0,0.9898687431996462,1.135269103330454,0.9415600549047535,0.9898687431996462,1.135269103330454
20210825,0.0022381089071975,0.004904010911635,0.0028242888844058,0.0022381089071975,0.004904010911635,0.0,0.0,0.0,0.0,0.9920841772507577,1.1408364754008287,0.9442192925018216,0.9920841772507577,1.1408364754008287
20210826,-0.0219420051850634,-0.0046394416038493,-0.0170991752162543,-0.0219420051850634,-0.0046394416038493,0.0,0.0,0.0,0.0,0.9703158610895022,1.1355436311936653,0.9280739213767653,0.9703158610895022,1.1355436311936653
20210827,0.0003977702112045,-0.0003221085183101,0.0026606631191157,0.0003977702112045,-0.0003221085183101,0.0,0.0,0.0,0.0,0.9707018238345029,1.1351778629171452,0.9305432134311855,0.9707018238345029,1.1351778629171452
20210830,-0.0011302660719224,0.0037759161900998,-0.0036742192284138,-0.0011302660719224,0.0037759161900998,0.0,0.0,0.0,0.0,0.9696046724970696,1.139464199388377,0.9271241936635266,0.9696046724970696,1.139464199388377
20210831,-0.0027737519852626,0.0044005929912777,-0.0004097520999796,-0.0027737519852626,0.0044005929912777,0.0,0.0,0.0,0.0,0.966915229611811,1.1444785175580172,0.926744302578231,0.966915229611811,1.1444785175580172
20210901,0.0088636797979118,4.275713926000981e-05,0.0143472022955524,0.0088636797979118,4.275713926000981e-05,0.0,0.0,0.0,0.0,0.9754856565988145,1.1445274521853726,0.9400404905635715,0.9754856565988145,1.1445274521853726
20210902,-0.0066209174134609,0.0100420469396428,-0.0008082440897149,-0.0066209174134609,0.0100420469396428,0.0,0.0,0.0,0.0,0.9690270466284581,1.1560208505839278,0.9392807083929808,0.9690270466284581,1.1560208505839278
20210903,0.0019218436981998,-0.002641086557279,-0.0054600606673407,0.0019218436981998,-0.002641086557279,0.0,0.0,0.0,0.0,0.9708893651514061,1.1529676994555162,0.9341521787414924,0.9708893651514061,1.1529676994555162
20210906,0.0171508337724078,0.0111498210791316,0.0170801138674256,0.0171508337724078,0.0111498210791316,0.0,0.0,0.0,0.0,0.9875409272645164,1.1658230830144634,0.9501076043239008,0.9875409272645164,1.1658230830144634
20210907,0.004591195334187,0.0114502619861266,0.0125949620151941,0.004591195334187,0.0114502619861266,0.0,0.0,0.0,0.0,0.992074920562092,1.1791720627444526,0.9620741735107075,0.992074920562092,1.1791720627444526
20210908,0.0080461216193269,0.0072677621634163,-0.0041461006910169,0.0080461216193269,0.0072677621634163,0.0,0.0,0.0,0.0,1.0000572760284185,1.1877420048462244,0.9580853171151051,1.0000572760284185,1.1877420048462244
20210909,-0.0071811969497365,0.0042271754438463,-0.0003965107057889,-0.0071811969497365,0.0042271754438463,0.0,0.0,0.0,0.0,0.9928756677682414,1.1927627986827352,0.9577054260298098,0.9928756677682414,1.1927627986827352
20210910,-0.0065682491461631,-0.0080709291781403,0.0097183657278858,-0.0065682491461631,-0.0080709291781403,0.0,0.0,0.0,0.0,0.9863542130111767,1.1831360946082463,0.9670127576195482,0.9863542130111767,1.1831360946082463
20210913,-0.0040955930339185,0.0045850225601775,-0.0053034767236299,-0.0040955930339185,0.0045850225601775,0.0,0.0,0.0,0.0,0.9823145075673919,1.1885608002937855,0.9618842279680598,0.9823145075673919,1.1885608002937855
20210914,-0.0058291282109076,-0.0105438909633768,-0.0130331753554502,-0.0058291282109076,-0.0105438909633768,0.0,0.0,0.0,0.0,0.9765884703593469,1.176028744812144,0.9493478221533103,0.9765884703593469,1.176028744812144
20210915,-0.0011343371242103,0.0068978915134305,-0.0106042416966786,-0.0011343371242103,0.0068978915134305,0.0,0.0,0.0,0.0,0.9754806898023426,1.1841408635105342,0.9392807083929811,0.9754806898023426,1.1841408635105342
20210916,0.0024096546705811,-0.0130674323018878,-0.011324570273003,0.0024096546705811,-0.0130674323018878,0.0,0.0,0.0,0.0,0.9778312614025866,1.1686671829407114,0.9286437580047087,0.9778312614025866,1.1686671829407114
20210917,-0.0036602315485473,-0.0037108301557129,0.0079770914297401,-0.0036602315485473,-0.0037108301557129,0.0,0.0,0.0,0.0,0.974252172570445,1.164330457516263,0.9360516341679697,0.974252172570445,1.164330457516263
20210922,-0.0114502407184427,-0.0015153734881355,-0.0066964285714287,-0.0114502407184427,-0.0015153734881355,0.0,0.0,0.0,0.0,0.9630967506740477,1.1625660620095142,0.9297834312605947,0.9630967506740477,1.1625660620095142
20210923,0.0143779040348428,0.0096244984617655,0.0059244126659858,0.0143779040348428,0.0096244984617655,0.0,0.0,0.0,0.0,0.9769440633315081,1.1737551772850254,0.9352918519973787,0.9769440633315081,1.1737551772850254
20210924,-0.0015412817537117,-0.0215597771004591,0.0014216084484159,-0.0015412817537117,-0.0215597771004591,0.0,0.0,0.0,0.0,0.9754383172722982,1.1484492772922505,0.9366214707959128,0.9754383172722982,1.1484492772922505
20210927,-0.0105576580050413,-0.0372440958025071,0.00648955587102,-0.0105576580050413,-0.0372440958025071,0.0,0.0,0.0,0.0,0.9651399731135244,1.105676322384458,0.94269972816064,0.9651399731135244,1.105676322384458
20210928,-0.0109292542877984,-0.0001106598049975,-0.0018134193028411,-0.0109292542877984,-0.0001106598049975,0.0,0.0,0.0,0.0,0.9545917129240478,1.1055539684582325,0.9409902182768104,0.9545917129240478,1.1055539684582325
20210929,-0.0232608227548186,-0.0282839332674728,-0.0066612838110615,-0.0232608227548186,-0.0282839332674728,0.0,0.0,0.0,0.0,0.9323871242865028,1.0742845537907701,0.9347220153694359,0.9323871242865028,1.0742845537907701
20210930,0.0086599804484576,0.0206254320913967,0.0028449502133711,0.0086599804484576,0.0206254320913967,0.0,0.0,0.0,0.0,0.9404615785532174,1.0964421369018182,0.9373812529665039,0.9404615785532174,1.0964421369018182
20211008,0.0183435940607993,0.0217693900979307,0.0143870314083081,0.0183435940607993,0.0217693900979307,0.0,0.0,0.0,0.0,0.957713023979976,1.1203110134998426,0.9508673864944922,0.957713023979976,1.1203110134998426
20211011,-0.0091412968467907,-0.0026210276356777,-0.0001997602876548,-0.0091412968467907,-0.0026210276356777,0.0,0.0,0.0,0.0,0.9489582849337376,1.1173746473729054,0.9506774409518445,0.9489582849337376,1.1173746473729054
20211012,-0.0125226099437802,-0.0152596780982392,-0.0103896103896102,-0.0125226099437802,-0.0152596780982392,0.0,0.0,0.0,0.0,0.9370748504785937,1.1003238699388613,0.9408002727341632,0.9370748504785937,1.1003238699388613
20211013,0.0129683406513951,0.0069130404757588,0.0113062790228146,0.0129683406513951,0.0069130404757588,0.0,0.0,0.0,0.0,0.9492271563554553,1.1079304533881922,0.9514372231224358,0.9492271563554553,1.1079304533881922
20211014,-0.0031513736816279,0.0070692144994374,-0.0053902974645637,-0.0031513736816279,0.0070692144994374,0.0,0.0,0.0,0.0,0.9462357868770302,1.115762651413652,0.9463086934709475,0.9462357868770302,1.115762651413652
20211015,-0.0137420615180986,-0.0095280386811144,0.0048173424327577,-0.0137420615180986,-0.0095280386811144,0.0,0.0,0.0,0.0,0.9332325564831396,1.10513162171204,0.9508673864944927,0.9332325564831396,1.10513162171204
20211018,-0.0118672424975623,0.0066059886400091,-0.0115860966839791,-0.0118672424975623,0.0066059886400091,0.0,0.0,0.0,0.0,0.9221576594287342,1.1124321086507847,0.9398505450209249,0.9221576594287342,1.1124321086507847
20211019,-0.0087473557371172,0.004886738389142,0.0094987873888439,-0.0087473557371172,0.004886738389142,0.0,0.0,0.0,0.0,0.9140912183360037,1.1178682733414427,0.9487779855253677,0.9140912183360037,1.1178682733414427
20211020,0.0059084764632775,-0.0067225406155379,-0.0028028028028028,0.0059084764632775,-0.0067225406155379,0.0,0.0,0.0,0.0,0.9194921047848307,1.1103533584710836,0.9461187479282996,0.9194921047848307,1.1103533584710836
20211021,0.0009648632711826,-0.000726281726945,0.0044167837783577,0.0009648632711826,-0.000726281726945,0.0,0.0,0.0,0.0,0.9203792889448799,1.109546929116374,0.9502975498665495,0.9203792889448799,1.109546929116374
20211022,0.0111691398912706,-0.0033848956859864,0.0065960423745752,0.0111691398912706,-0.0033848956859864,0.0,0.0,0.0,0.0,0.9306591339761333,1.1057912285026086,0.9565657527739242,0.9306591339761333,1.1057912285026086
20211025,0.0032193137101067,0.0039275043660723,0.0033756949960286,0.0032193137101067,0.0039275043660723,0.0,0.0,0.0,0.0,0.9336552176855787,1.110134228380517,0.9597948269989355,0.9336552176855787,1.110134228380517
20211026,0.0039258932463697,-0.0020388600691731,-0.0033643380170196,0.0039258932463697,-0.0020388600691731,0.0,0.0,0.0,0.0,0.9373206483991283,1.1078708200308496,0.9565657527739242,0.9373206483991283,1.1078708200308496
20211027,-0.0317577839222833,-0.0208184239131956,-0.0131056393963462,-0.0317577839222833,-0.0208184239131956,0.0,0.0,0.0,0.0,0.9075534217813743,1.0848066956583877,0.9440293469591746,0.9075534217813743,1.0848066956583877
20211028,-0.001619389403115,-0.0157681674404201,-0.004225352112676,-0.001619389403115,-0.0157681674404201,0.0,0.0,0.0,0.0,0.9060837393873808,1.0677012820407574,0.9400404905635725,0.9060837393873808,1.0677012820407574
20211029,0.019904355398779,0.0172910760338866,0.0064659527177208,0.019904355398779,0.0172910760338866,0.0,0.0,0.0,0.0,0.924118752157202,1.0861629860900024,0.9461187479282998,0.924118752157202,1.0861629860900024
20211101,0.0031773867110477,0.0158044173527135,-0.0032122063842603,0.0031773867110477,0.0158044173527135,0.0,0.0,0.0,0.0,0.9270550347997362,1.1033291592352383,0.9430796192459361,0.9270550347997362,1.1033291592352383
20211102,-0.006492961982328,-0.0150612241223917,-0.0104733131923463,-0.006492961982328,-0.0150612241223917,0.0,0.0,0.0,0.0,0.9210357017032558,1.0867116714872262,0.9332024510282546,0.9210357017032558,1.0867116714872262
20211103,0.0029856579315545,0.0079043761375598,-0.0040708324852432,0.0029856579315545,0.0079043761375598,0.0,0.0,0.0,0.0,0.923785599251291,1.0953014492917377,0.9294035401753002,0.923785599251291,1.0953014492917377
20211104,0.0156683224792709,0.0133189936641283,0.0096055589617822,0.0156683224792709,0.0133189936641283,0.0,0.0,0.0,0.0,0.9382597699220667,1.109889762355165,0.9383309806797433,0.9382597699220667,1.109889762355165
20211105,0.0057811158052195,-0.002584979581786,-0.0034412955465589,0.0057811158052195,-0.002584979581786,0.0,0.0,0.0,0.0,0.9436839583073647,1.1070207199814435,0.9351019064547318,0.9436839583073647,1.1070207199814435
20211108,-0.0009590187457899,0.0109773917410869,-0.0008125126955108,-0.0009590187457899,0.0109773917410869,0.0,0.0,0.0,0.0,0.9427789477012468,1.1191729200901799,0.934342124284141,0.9427789477012468,1.1191729200901799
20211109,0.00395137858131,0.0125119844957721,-0.0004065867046146,0.00395137858131,0.0125119844957721,0.0,0.0,0.0,0.0,0.9465042242421035,1.1331759943144364,0.9339622331988457,0.9465042242421035,1.1331759943144364
20211110,0.0101530250214957,0.0042755037307351,-0.0050844010575553,0.0101530250214957,0.0042755037307351,0.0,0.0,0.0,0.0,0.9561141053137848,1.1380208925057074,0.9292135946326529,0.9561141053137848,1.1380208925057074
20211111,0.0041806525795724,0.0129519787298861,0.0163532297628781,0.0041806525795724,0.0129519787298861,0.0,0.0,0.0,0.0,0.9601112862145305,1.1527605148996074,0.9444092380444705,0.9601112862145305,1.1527605148996074
20211112,0.0055839182848077,0.0075474978840442,-0.0004022526146421,0.0055839182848077,0.0075474978840442,0.0,0.0,0.0,0.0,0.965472469181074,1.1614609724466218,0.944029346959175,0.965472469181074,1.1614609724466218
20211115,0.0126520447117948,0.0104385004698666,-0.0012072434607645,0.0126520447117948,0.0104385004698666,0.0,0.0,0.0,0.0,0.9776876700291599,1.1735848833532376,0.9428896737032887,0.9776876700291599,1.1735848833532376
20211116,-0.007533330141674,-0.0060774208112448,-0.0008058017727639,-0.007533330141674,-0.0060774208112448,0.0,0.0,0.0,0.0,0.9703224260353862,1.1664525141593842,0.9421298915326978,0.9703224260353862,1.1664525141593842
20211117,0.0034203676407149,0.0139938415157968,-0.0002016129032258,0.0034203676407149,0.0139938415157968,0.0,0.0,0.0,0.0,0.9736412854624577,1.1827756657782333,0.94193994599005,0.9736412854624577,1.1827756657782333
20211118,-0.013965205816366,-0.0085998989015358,-0.0088727566041539,-0.013965205816366,-0.0085998989015358,0.0,0.0,0.0,0.0,0.9600441845196633,1.1726039146293439,0.9335823421135505,0.9600441845196633,1.1726039146293439
20211119,0.0060834977352622,0.0118231652725111,0.0111902339776195,0.0060834977352622,0.0118231652725111,0.0,0.0,0.0,0.0,0.9658846111419404,1.1864678045112003,0.9440293469591752,0.9658846111419404,1.1864678045112003
20211122,0.0125714558134243,0.0103899064025688,0.0026156941649899,0.0125714558134243,0.0103899064025688,0.0,0.0,0.0,0.0,0.9780271868517777,1.198795093949733,0.9464986390135955,0.9780271868517777,1.198795093949733
20211123,0.0123134034956261,0.003169787221466,0.0006020469596628,0.0123134034956261,0.003169787221466,0.0,0.0,0.0,0.0,0.9900700302331756,1.2025950193196908,0.9470684756415386,0.9900700302331756,1.2025950193196908
20211124,0.0229007807904788,0.012062118996508,0.0022061772964301,0.0229007807904788,0.012062118996508,0.0,0.0,0.0,0.0,1.0127434069627683,1.2171008635473328,0.9491578766106636,1.0127434069627683,1.2171008635473328
20211125,-0.0033797241533014,-0.0019715288233123,-0.0038022813688214,-0.0033797241533014,-0.0019715288233123,0.0,0.0,0.0,0.0,1.0093206136091595,1.2147013141139709,0.9455489113003568,1.0093206136091595,1.2147013141139709
20211126,-0.0036946657546033,-0.001145960679331,-0.0084371233427078,-0.0036946657546033,-0.001145960679331,0.0,0.0,0.0,0.0,1.0055915113026426,1.2133093141708644,0.9375711985091526,1.0055915113026426,1.2133093141708644
20211129,-0.0220239739189729,-0.0028412283774782,-0.0014181523500809,-0.0220239739189729,-0.0028412283774782,0.0,0.0,0.0,0.0,0.9834443900845726,1.2098620253167836,0.9362415797106187,0.9834443900845726,1.2098620253167836
20211130,0.0088007128801568,0.0066494808037128,-0.0036518563603167,0.0088007128801568,0.0066494808037128,0.0,0.0,0.0,0.0,0.9920994017953079,1.2179069796292685,0.9328225599429595,0.9920994017953079,1.2179069796292685
20211201,0.0104040944491425,0.0096433358115205,0.0026471187130931,0.0104040944491425,0.0096433358115205,0.0,0.0,0.0,0.0,1.0024212976745241,1.2296516656210281,0.93529185199738,1.0024212976745241,1.2296516656210281
20211202,-0.0096030232793609,-0.0063656753890957,0.0020308692120227,-0.0096030232793609,-0.0063656753890957,0.0,0.0,0.0,0.0,0.9927950226172285,1.221824102276024,0.9371913074238573,0.9927950226172285,1.221824102276024
20211203,0.0111288439153045,0.0027882321806796,0.0091203891366031,0.0111288439153045,0.0027882321806796,0.0,0.0,0.0,0.0,1.003843683463827,1.2252308315571199,0.9457388568430047,1.003843683463827,1.2252308315571199
20211206,-0.0227462915305435,-0.0179591689552275,-0.0010042177144004,-0.0227462915305435,-0.0179591689552275,0.0,0.0,0.0,0.0,0.981009962388664,1.2032267040440316,0.9447891291297662,0.981009962388664,1.2032267040440316
20211207,-0.0026193531569596,-0.0053638621553608,0.0056292722155206,-0.0026193531569596,-0.0053638621553608,0.0,0.0,0.0,0.0,0.9784403508466725,1.1967727618618904,0.9501076043239024,0.9784403508466725,1.1967727618618904
20211208,0.0121875795794162,0.0114518471198133,0.0143942423030789,0.0121875795794162,0.0114518471198133,0.0,0.0,0.0,0.0,0.9903651704863282,1.2104780205678896,0.9637836833945385,0.9903651704863282,1.2104780205678896
20211209,0.0164720960682204,0.0076986724466156,0.0165549862041782,0.0164720960682204,0.0076986724466156,0.0,0.0,0.0,0.0,1.0066785607171984,1.2197970943520695,0.9797391089769472,1.0066785607171984,1.2197970943520695
20211210,-0.0016945880854227,0.0069611377810128,-0.0029081039162466,-0.0016945880854227,0.0069611377810128,0.0,0.0,0.0,0.0,1.0049726552223566,1.2282882699907334,0.9768899258372313,1.0049726552223566,1.2282882699907334
20211213,0.008786912474759,0.006665171763286,0.0025277075636787,0.008786912474759,0.006665171763286,0.0,0.0,0.0,0.0,1.0138032619833217,1.236475022285051,0.9793592178916516,1.0138032619833217,1.236475022285051
20211214,0.0107499665242858,0.0050324397601757,-0.0060124127230412,0.0107499665242858,0.0050324397601757,0.0,0.0,0.0,0.0,1.0247016131118543,1.2426975083496623,0.9734709060695721,1.0247016131118543,1.2426975083496623
20211215,-0.0140436263507821,0.0046910199126822,-0.0089756097560975,-0.0140436263507821,0.0046910199126822,0.0,0.0,0.0,0.0,1.0103110865362677,1.248527027106771,0.964733411107777,1.0103110865362677,1.248527027106771
20211216,0.0083499039599852,0.008421471565912,0.0053160070880093,0.0083499039599852,0.008421471565912,0.0,0.0,0.0,0.0,1.0187470870785538,1.2590414619648234,0.9698619407592655,1.0187470870785538,1.2590414619648234
20211217,-0.0085791595119102,-0.0008910697125936,-0.0142969056012532,-0.0085791595119102,-0.0008910697125936,0.0,0.0,0.0,0.0,1.0100070933162129,1.257919568251167,0.955995916145982,1.0100070933162129,1.257919568251167
20211220,-0.0052746387802271,-0.0071952820185153,-0.0149016491158355,-0.0052746387802271,-0.0071952820185153,0.0,0.0,0.0,0.0,1.0046796707335028,1.248868482200991,0.9417500004474029,1.0046796707335028,1.248868482200991
20211221,0.0127854756703968,0.0209157373247739,0.0042355788624444,0.0127854756703968,0.0209157373247739,0.0,0.0,0.0,0.0,1.0175249782202085,1.274989487327896,0.9457388568430048,1.0175249782202085,1.274989487327896
20211222,-0.0017334404142722,0.0065092618874717,0.0006025306286403,-0.0017334404142722,0.0065092618874717,0.0,0.0,0.0,0.0,1.01576115930043,1.2832887278046867,0.946308693470948,1.01576115930043,1.2832887278046867
20211223,-0.0010799685453858,-0.0040686093953871,0.0076274588518665,-0.0010799685453858,-0.0040686093953871,0.0,0.0,0.0,0.0,1.014664169198761,1.2780675272297461,0.9535266240915613,1.014664169198761,1.2780675272297461
20211224,0.0030149975429228,-0.0194224890143861,-0.0045816733067727,0.0030149975429228,-0.0194224890143861,0.0,0.0,0.0,0.0,1.0177233791757871,1.2532442747224828,0.9491578766106639,1.0177233791757871,1.2532442747224828
20211227,0.0155945405677927,0.0041534251270995,0.0008004802881729,0.0155945405677927,0.0041534251270995,0.0,0.0,0.0,0.0,1.033594307699135,1.2584495309835089,0.9499176587812548,1.033594307699135,1.2584495309835089
20211228,0.0061628106912802,0.0080410582420034,0.0051989602079582,0.0061628106912802,0.0080410582420034,0.0,0.0,0.0,0.0,1.0399641537490694,1.2685687969567692,0.9548562428900954,1.0399641537490694,1.2685687969567692
20211229,-0.0050528663739312,-0.0019054092383242,-0.0133280286453153,-0.0050528663739312,-0.0019054092383242,0.0,0.0,0.0,0.0,1.0347093538464969,1.266151654251598,0.942129891532698,1.0347093538464969,1.266151654251598
20211230,0.0011629437741309,0.0053198973385065,0.007258064516129,0.0011629437741309,0.0053198973385065,0.0,0.0,0.0,0.0,1.0359126626475876,1.2728874510671966,0.948967931068016,1.0359126626475876,1.2728874510671966
20211231,0.006337832652247,0.0007309534737977,0.0024019215372297,0.006337832652247,0.0007309534737977,0.0,0.0,0.0,0.0,1.0424781037457915,1.2738178725713074,0.9512472775797887,1.0424781037457915,1.2738178725713074
20220104,0.0162913929582174,0.0150251258381127,-0.003594249201278,0.0162913929582174,0.0150251258381127,0.0,0.0,0.0,0.0,1.0594615241842515,1.2929571464015284,0.9478282578121296,1.0594615241842515,1.2929571464015284
20220105,-0.0016256577121612,-0.0089437744741277,-0.0094188376753506,-0.0016256577121612,-0.0089437744741277,0.0,0.0,0.0,0.0,1.0577392023867234,1.2813932292794012,0.9389008173076868,1.0577392023867234,1.2813932292794012
20220106,0.007197613344406,0.011040790789332,-0.0113291523366377,0.007197613344406,0.011040790789332,0.0,0.0,0.0,0.0,1.0653524001847234,1.2955408238427415,0.9282638669194144,1.0653524001847234,1.2955408238427415
20220107,-0.0094728854309419,-0.0181425565014559,0.0024554941682013,-0.0094728854309419,-0.0181425565014559,0.0,0.0,0.0,0.0,1.0552604389541946,1.2720364012462317,0.9305432134311871,1.0552604389541946,1.2720364012462317
20220110,0.0096672515385224,0.0077543329119218,0.0026536027760766,0.0096672515385224,0.0077543329119218,0.0,0.0,0.0,0.0,1.0654619070562164,1.2819001949775781,0.9330125054856073,1.0654619070562164,1.2819001949775781
20220111,-0.0085817827903819,-0.0023234170936963,-0.0091612377850162,-0.0085817827903819,-0.0023234170936963,0.0,0.0,0.0,0.0,1.0563183443984339,1.2789218061521546,0.92446495606646,1.0563183443984339,1.2789218061521546
20220112,0.0207871320442247,0.0124963755389225,0.0106841997123483,0.0207871320442247,0.0124963755389225,0.0,0.0,0.0,0.0,1.078276173304181,1.2949036933267488,0.9343421242841413,1.078276173304181,1.2949036933267488
20220113,-0.0076430843440666,-0.0095768987370931,-0.0164667615368976,-0.0076430843440666,-0.0095768987370931,0.0,0.0,0.0,0.0,1.0700348175654197,1.2825025317814707,0.918956535329676,1.0700348175654197,1.2825025317814707
20220114,-0.0099323259686965,-0.0076563083347796,-0.0090946672178587,-0.0099323259686965,-0.0076563083347796,0.0,0.0,0.0,0.0,1.0594068829595054,1.2726832969580162,0.9105989314531763,1.0594068829595054,1.2726832969580162
20220117,0.0013225842212869,0.010513791544622,0.0085523571130581,0.0013225842212869,0.010513791544622,0.0,0.0,0.0,0.0,1.0608080377868303,1.286064023844555,0.918386698701733,1.0608080377868303,1.286064023844555
20220118,-0.0223536068551415,-0.0171505035977911,0.0095139607032059,-0.0223536068551415,-0.0171505035977911,0.0,0.0,0.0,0.0,1.0370951519613694,1.2640073781766192,0.9271241936635283,1.0370951519613694,1.2640073781766192
20220119,0.0072766999663413,0.0023330907131387,-0.0054001451951545,0.0072766999663413,0.0023330907131387,0.0,0.0,0.0,0.0,1.0446417822187395,1.266956422051982,0.9221175884038046,1.0446417822187395,1.266956422051982
20220120,-0.0280067057560316,-0.026892127949815,0.007949790794979,-0.0280067057560316,-0.026892127949815,0.0,0.0,0.0,0.0,1.0153848072036828,1.2328852678433202,0.9294482303199855,1.0153848072036828,1.2328852678433202
20220121,-0.003166559729992,-0.0112701448250513,-0.0070568700705686,-0.003166559729992,-0.0112701448250513,0.0,0.0,0.0,0.0,1.012169530562746,1.218990472322054,0.9228892349212974,1.012169530562746,1.218990472322054
20220124,-0.0125814106379299,-0.0054934340752974,0.0004180602006689,-0.0125814106379299,-0.0054934340752974,0.0,0.0,0.0,0.0,0.9994350100635354,1.212294028523937,0.9232750581800437,0.9994350100635354,1.212294028523937
20220125,-0.0418037833998567,-0.0439870126093321,-0.022147931466778,-0.0418037833998567,-0.0439870126093321,0.0,0.0,0.0,0.0,0.9576548453806057,1.1589688358050365,0.9028264254664867,0.9576548453806057,1.1589688358050365
20220126,0.0042801915891974,0.00535470651744,0.0055555555555557,0.0042801915891974,0.00535470651744,0.0,0.0,0.0,0.0,0.9617537915951581,1.1651747737836315,0.9078421278301896,0.9617537915951581,1.1651747737836315
20220127,-0.0301836672361642,-0.0318608469562703,-0.0172120696982577,-0.0301836672361642,-0.0318608469562703,0.0,0.0,0.0,0.0,0.9327245351865306,1.1280513186388044,0.8922162858509618,0.9327245351865306,1.1280513186388044
20220128,0.0175458963935309,0.015419203034006,-0.0153513513513512,0.0175458963935309,0.015419203034006,0.0,0.0,0.0,0.0,0.9490900232446178,1.1454449709536743,0.8785195601654661,0.9490900232446178,1.1454449709536743
20220207,0.0146901647995009,0.0153520338165775,0.0158102766798418,0.0146901647995009,0.0153520338165775,0.0,0.0,0.0,0.0,0.9630323120956432,1.1630298808827837,0.892409197480335,0.9630323120956432,1.1630298808827837
20220208,0.0150355673698622,0.0146852031049312,-0.004755728491137,0.0150355673698622,0.0146852031049312,0.0,0.0,0.0,0.0,0.9775120493035113,1.1801092109006512,0.888165141634125,0.9775120493035113,1.1801092109006512
20220209,0.0057800541856558,0.0124026801911666,0.0084708948740224,0.0057800541856558,0.0124026801911666,0.0,0.0,0.0,0.0,0.9831621219156171,1.1947457280341018,0.8956886951796789,0.9831621219156171,1.1947457280341018
20220210,-0.0089712639718994,-0.0049573344960916,-0.0023691578720654,-0.0089712639718994,-0.0049573344960916,0.0,0.0,0.0,0.0,0.9743419149927394,1.1888229738224603,0.893566667256574,0.9743419149927394,1.1888229738224603
20220211,-0.01492932079848,-0.0193446767180138,-0.0077720207253885,-0.01492932079848,-0.0193446767180138,0.0,0.0,0.0,0.0,0.9597956519764075,1.165825577718917,0.8866218485991395,0.9597956519764075,1.165825577718917
20220214,0.0048150982474966,0.0022777462826047,-0.0106614447345517,0.0048150982474966,0.0022777462826047,0.0,0.0,0.0,0.0,0.964417162338194,1.1684810325947317,0.8771691787598538,0.964417162338194,1.1684810325947317
20220215,0.0110299556087711,0.0051554432650919,0.0092368594677809,0.0110299556087711,0.0051554432650919,0.0,0.0,0.0,0.0,0.9750546408271213,1.1745050702646098,0.8852714671935275,0.9750546408271213,1.1745050702646098
20220216,0.0310783112950815,0.018880967887676,0.0045761603835259,0.0310783112950815,0.018880967887676,0.0,0.0,0.0,0.0,1.0053576924844605,1.1966808627801886,0.8893226114103644,1.0053576924844605,1.1966808627801886
20220217,-0.0004703985705277,-0.0027507927725196,0.002169197396963,-0.0004703985705277,-0.0027507927725196,0.0,0.0,0.0,0.0,1.0048847736630468,1.1933890417118405,0.8912517277040962,1.0048847736630468,1.1933890417118405
20220218,0.0130463447125629,0.0104041150646913,0.0051948051948051,0.0130463447125629,0.0104041150646913,0.0,0.0,0.0,0.0,1.0179948468166606,1.2058051986187523,0.8958816068090526,1.0179948468166606,1.2058051986187523
20220221,0.0133025975968432,0.0146374810160922,-0.0036606373815677,0.0133025975968432,0.0146374810160922,0.0,0.0,0.0,0.0,1.0315368226195227,1.2234551493226398,0.8926021091097084,1.0315368226195227,1.2234551493226398
20220222,-0.0203090854862938,-0.0112792003023105,-0.0129673654635831,-0.0203090854862938,-0.0112792003023105,0.0,0.0,0.0,0.0,1.0105872531066828,1.2096555536325364,0.8810274113473177,1.0105872531066828,1.2096555536325364
20220223,0.0158646735366348,0.0166260623484285,0.0105101817385593,0.0158646735366348,0.0166260623484285,0.0,0.0,0.0,0.0,1.026619889957505,1.2297673622873537,0.8902871695572304,1.026619889957505,1.2297673622873537
20220224,-0.0327978314203503,-0.0259879510827935,-0.0184182015167931,-0.0327978314203503,-0.0259879510827935,0.0,0.0,0.0,0.0,0.9929489838739002,1.197808228233014,0.87388968106051,0.9929489838739002,1.197808228233014
20220225,-0.0001435530812328,0.0110398837569779,0.0077262693156734,-0.0001435530812328,0.0110398837569779,0.0,0.0,0.0,0.0,0.9928064429877581,1.211031891835858,0.8806415880885715,0.9928064429877581,1.211031891835858
20220228,-0.0020246260726884,-0.0030184100178343,0.0013143483022999,-0.0020246260726884,-0.0030184100178343,0.0,0.0,0.0,0.0,0.990796381178152,1.2073765010416238,0.8817990578648104,0.990796381178152,1.2073765010416238
20220301,0.0131690849366902,0.0079773423934366,0.0083132793699409,0.0131690849366902,0.0079773423934366,0.0,0.0,0.0,0.0,1.0038442628768522,1.2170081567882223,0.8891296997809913,1.0038442628768522,1.2170081567882223
20220302,0.0076385151085013,0.0027107031748939,-0.007593838142764,0.0076385151085013,0.0027107031748939,0.0,0.0,0.0,0.0,1.0115121424454194,1.2203071046626999,0.88237779275293,1.0115121424454194,1.2203071046626999
20220303,-0.0003309769441744,0.0018894759081508,-0.0063401836466986,-0.0003309769441744,0.0018894759081508,0.0,0.0,0.0,0.0,1.0111773552475176,1.2226128455375052,0.8767833555011079,1.0111773552475176,1.2226128455375052
20220304,0.0037372995216676,-0.011635906530913,-0.0112211221122113,0.0037372995216676,-0.011635906530913,0.0,0.0,0.0,0.0,1.0149564278936052,1.2083866367433371,0.8669448624030756,1.0149564278936052,1.2083866367433371
20220307,-0.0383088959685796,-0.0159251405550207,-0.0329327992879394,-0.0383088959685796,-0.0159251405550207,0.0,0.0,0.0,0.0,0.976074567684788,1.1891429097083908,0.8383939412558449,0.976074567684788,1.1891429097083908
20220308,-0.0473360252680025,-0.0291374609071536,-0.0188679245283016,-0.0473360252680025,-0.0291374609071536,0.0,0.0,0.0,0.0,0.9298710772854062,1.1544943046637437,0.8225751876472444,0.9298710772854062,1.1544943046637437
20220309,-0.0139073081823387,-0.0117667577957257,-0.0093808630393997,-0.0139073081823387,-0.0117667577957257,0.0,0.0,0.0,0.0,0.9169390736437548,1.1409096498042206,0.814858722472317,0.9169390736437548,1.1409096498042206
20220310,0.003761009791572,0.0160697326595778,0.0142045454545454,0.003761009791572,0.0160697326595778,0.0,0.0,0.0,0.0,0.9203876904780038,1.159243762865307,0.8264334202347079,0.9203876904780038,1.159243762865307
20220311,0.0123321946752007,0.0074084536124176,0.0065359477124182,0.0123321946752007,0.0074084536124176,0.0,0.0,0.0,0.0,0.9317380906536369,1.167831966507979,0.8318349458571569,0.9317380906536369,1.167831966507979
20220314,-0.0366339021515004,-0.0308581113094668,-0.0324675324675325,-0.0366339021515004,-0.0308581113094668,0.0,0.0,0.0,0.0,0.8976048886098057,1.1317948776947224,0.8048273177449115,0.8976048886098057,1.1317948776947224
20220315,-0.056149018828085,-0.0535113003663674,-0.047698945349952,-0.056149018828085,-0.0535113003663674,0.0,0.0,0.0,0.0,0.8472052548190726,1.0712310620412842,0.7664379034996485,0.8472052548190726,1.0712310620412842
20220316,0.0258236794818313,0.0333778249613632,0.043543921469922,0.0258236794818313,0.0333778249613632,0.0,0.0,0.0,0.0,0.8690832117748436,1.1069864249232733,0.7998116153812088,0.8690832117748436,1.1069864249232733
20220317,0.0208914959524308,0.0186905286346181,0.0202604920405211,0.0208914959524308,0.0186905286346181,0.0,0.0,0.0,0.0,0.8872396601759633,1.1276765863964353,0.8160161922485561,0.8872396601759633,1.1276765863964353
20220318,0.00566339869236,0.0168611059824136,0.0066193853427893,0.00566339869236,0.0168611059824136,0.0,0.0,0.0,0.0,0.8922644521072138,1.146690460833552,0.821417717871005,0.8922644521072138,1.146690460833552
20220321,0.0096460012661003,0.0124784478159825,-0.0014091122592766,0.0096460012661003,0.0124784478159825,0.0,0.0,0.0,0.0,0.9008712361419364,1.1609993779101484,0.8202602480947659,0.9008712361419364,1.1609993779101484
20220322,0.0105484885470616,0.0042925395572916,-0.0009407337723422,0.0105484885470616,0.0042925395572916,0.0,0.0,0.0,0.0,0.9103740660587569,1.1659830136658187,0.8194886015772734,0.9103740660587569,1.1659830136658187
20220323,0.0031669282491386,0.0011479764315673,0.0058851224105458,0.0031669282491386,0.0011479764315673,0.0,0.0,0.0,0.0,0.9132571554058416,1.167321534685115,0.8243113923116027,0.9132571554058416,1.167321534685115
20220324,-0.012421957581135,-0.0092809310009757,-0.0063187456119818,-0.012421957581135,-0.0092809310009757,0.0,0.0,0.0,0.0,0.9019127137607222,1.1564877040657493,0.8191027783185272,0.9019127137607222,1.1564877040657493
20220325,-0.0026955128402965,-0.001215139500328,-0.0181347150259071,-0.0026955128402965,-0.001215139500328,0.0,0.0,0.0,0.0,0.8994815964599536,1.1550824101748953,0.8042485828567919,0.8994815964599536,1.1550824101748953
20220328,0.0008785202851284,0.0001375989835617,-0.0059966418805468,0.0008785202851284,0.0001375989835617,0.0,0.0,0.0,0.0,0.9002718092885434,1.1552413483404653,0.7994257921224625,0.9002718092885434,1.1552413483404653
20220329,-0.0008994548287645,-0.0123757311120762,-0.0043436293436293,-0.0008994548287645,-0.0123757311120762,0.0,0.0,0.0,0.0,0.8994620554624783,1.1409443920438513,0.7959533827937452,0.8994620554624783,1.1409443920438513
20220330,0.0163698636927971,0.0209515828967425,0.0298109549200193,0.0163698636927971,0.0209515828967425,0.0,0.0,0.0,0.0,0.9141861267072422,1.1648489830543316,0.8196815132066464,0.9141861267072422,1.1648489830543316
20220331,-0.0082464715121526,0.0013057614502784,-0.007295834313956,-0.0082464715121526,0.0013057614502784,0.0,0.0,0.0,0.0,0.9066473168565458,1.1663699979518,0.813701252696078,0.9066473168565458,1.1663699979518
20220401,-0.0075081683703236,0.0013016763593261,0.0120910384068277,-0.0075081683703236,0.0013016763593261,0.0,0.0,0.0,0.0,0.8998400561490847,1.167888234204361,0.8235397457941102,0.8998400561490847,1.167888234204361
20220406,0.0100924338755319,0.0129482497496596,-0.0028109627547434,0.0100924338755319,0.0129482497496596,0.0,0.0,0.0,0.0,0.9089216324143242,1.183010342740528,0.8212248062416321,0.9089216324143242,1.183010342740528
20220407,-0.030041616480759,-0.0220882107204317,-0.0122151750058725,-0.030041616480759,-0.0220882107204317,0.0,0.0,0.0,0.0,0.8816161573222677,1.1568797610056252,0.8111934015142268,0.8816161573222677,1.1568797610056252
20220408,-0.0110746335531431,-0.005170017588784,0.0066587395957191,-0.0110746335531431,-0.005170017588784,0.0,0.0,0.0,0.0,0.8718525814453935,1.1508986722931178,0.8165949271366757,0.8718525814453935,1.1508986722931178
20220411,-0.0161260009321354,-0.0250437153688082,-0.0311835577604535,-0.0161260009321354,-0.0250437153688082,0.0,0.0,0.0,0.0,0.8577930859043204,1.1220758935258697,0.7911305920594159,0.8577930859043204,1.1220758935258697
20220412,0.0217228953884428,0.0166265086846747,0.0170690075591322,0.0217228953884428,0.0166265086846747,0.0,0.0,0.0,0.0,0.8764268353743494,1.1407320981144415,0.8046344061155388,0.8764268353743494,1.1407320981144415
20220413,-0.0063625270556063,-0.0182731844681728,-0.007672021098058,-0.0063625270556063,-0.0182731844681728,0.0,0.0,0.0,0.0,0.8708505459220207,1.1198872900568304,0.7984612339755971,0.8708505459220207,1.1198872900568304
20220414,0.0075663799558203,0.0090823597833044,0.0106305870983327,0.0075663799558203,0.0090823597833044,0.0,0.0,0.0,0.0,0.8774397320372003,1.1300585093418762,0.8069493456680169,0.8774397320372003,1.1300585093418762
20220415,-0.0260487651735772,-0.0171771250021294,-0.0004781257470714,-0.0260487651735772,-0.0171771250021294,0.0,0.0,0.0,0.0,0.8545835105033968,1.1106473530671908,0.8065635224092707,0.8545835105033968,1.1106473530671908
20220418,0.0087762953047556,0.0052158975956673,-0.0047835446065535,0.0087762953047556,0.0052158975956673,0.0,0.0,0.0,0.0,0.8620835877541493,1.1164403759256882,0.802705289821807,0.8620835877541493,1.1164403759256882
20220419,0.0099007655626609,0.0072950146247427,-0.0064888248017301,0.0099007655626609,0.0072950146247427,0.0,0.0,0.0,0.0,0.8706188752519207,1.1245848247957195,0.7974966758287313,0.8706188752519207,1.1245848247957195
20220420,-0.0007127362630967,-0.0108970080761961,-0.0169327527818093,-0.0007127362630967,-0.0108970080761961,0.0,0.0,0.0,0.0,0.8699983536081922,1.112330214877553,0.7839928617726087,0.8699983536081922,1.112330214877553
20220421,-0.0415076261011748,-0.0382949641321203,-0.016732283464567,-0.0415076261011748,-0.0382949641321203,0.0,0.0,0.0,0.0,0.8338867872379857,1.0697335691957433,0.7708748709752323,0.8338867872379857,1.0697335691957433
20220422,0.0093542497169753,-0.0038567989440767,0.0025025025025025,0.0093542497169753,-0.0038567989440767,0.0,0.0,0.0,0.0,0.8416871724814962,1.0656078218956258,0.7728039872689642,0.8416871724814962,1.0656078218956258
20220425,-0.0727992979117594,-0.0749321192335003,-0.0481777333999,-0.0727992979117594,-0.0749321192335003,0.0,0.0,0.0,0.0,0.7804129372635092,0.9857595695291922,0.7355720427999403,0.7804129372635092,0.9857595695291922
20220426,-0.0516940382878352,-0.0389424482543445,-0.00786782061369,-0.0516940382878352,-0.0389424482543445,0.0,0.0,0.0,0.0,0.7400702410042874,0.9473716785015768,0.7297846939187449,0.7400702410042874,0.9473716785015768
20220427,0.0022986085067407,0.0236560557198616,0.0280200898757598,0.0022986085067407,0.0236560557198616,0.0,0.0,0.0,0.0,0.7417713727558455,0.9697827557156288,0.750233326632302,0.7417713727558455,0.9697827557156288
20220428,-0.0420394697287149,-0.0237678675875707,0.0066855232707638,-0.0420394697287149,-0.0237678675875707,0.0,0.0,0.0,0.0,0.7105876975852489,0.9467330875890704,0.7552490289960049,0.7105876975852489,0.9467330875890704
20220429,0.0547917473044202,0.0458280705778011,0.0255427841634736,0.0547917473044202,0.0458280705778011,0.0,0.0,0.0,0.0,0.7495220391489695,0.9901200383454419,0.7745401919333229,0.7495220391489695,0.9901200383454419
20220505,-0.0008081460859286,0.0196029689607541,-0.0037359900373598,-0.0008081460859286,0.0196029689607541,0.0,0.0,0.0,0.0,0.748916315846714,1.0095293307245483,0.7716465174927253,0.748916315846714,1.0095293307245483
20220506,-0.0084345907647941,-0.0137820612737675,-0.0242500000000001,-0.0084345907647941,-0.0137820612737675,0.0,0.0,0.0,0.0,0.7425995132054697,0.9956159356308372,0.7529340894435266,0.7425995132054697,0.9956159356308372
20220509,0.0182719883020048,0.0192649478203943,-0.0081988214194209,0.0182719883020048,0.0192649478203943,0.0,0.0,0.0,0.0,0.7561682828238345,1.0147964246799184,0.7467609173035848,0.7561682828238345,1.0147964246799184
20220510,0.0080267221673703,0.017793039495881,0.0116249031258073,0.0080267221673703,0.017793039495881,0.0,0.0,0.0,0.0,0.7622378355418389,1.0328527375445269,0.7554419406253781,0.7622378355418389,1.0328527375445269
20220511,0.0144148551623798,0.0058191382809427,0.0140449438202248,0.0144148551623798,0.0058191382809427,0.0,0.0,0.0,0.0,0.7732253835404603,1.0388630504481486,0.7660520802409031,0.7732253835404603,1.0388630504481486
20220512,0.0176233203594623,0.0090228704652384,-0.0050365147318056,0.0176233203594623,0.0090228704652384,0.0,0.0,0.0,0.0,0.7868521821846619,1.0482365771834647,0.7621938476534394,0.7868521821846619,1.0482365771834647
20220513,0.0119684433096828,0.0056974523183778,0.0078461149076183,0.0119684433096828,0.0056974523183778,0.0,0.0,0.0,0.0,0.7962695779202392,1.054208855100347,0.7681741081640081,0.7962695779202392,1.054208855100347
20220516,-0.0132541672225216,-0.0010373163690168,-0.0077850326469112,-0.0132541672225216,-0.0010373163690168,0.0,0.0,0.0,0.0,0.7857156877802777,1.053115306998589,0.7621938476534394,0.7857156877802777,1.053115306998589
20220517,-0.0063694440567364,-0.0026698429101511,0.0124019235636547,-0.0063694440567364,-0.0026698429101511,0.0,0.0,0.0,0.0,0.780711115662461,1.0503036545626272,0.7716465174927253,0.780711115662461,1.0503036545626272
20220518,0.0092913118502575,0.0082558069152363,-0.0034999999999999,0.0092913118502575,0.0082558069152363,0.0,0.0,0.0,0.0,0.7879649461030435,1.0589747587370633,0.7689457546815008,0.7879649461030435,1.0589747587370633
20220519,0.0007371401177912,0.0044741542679097,0.0022579026593074,0.0007371401177912,0.0044741542679097,0.0,0.0,0.0,0.0,0.7885457866762291,1.0637127751734752,0.7706819593458594,0.7885457866762291,1.0637127751734752
20220520,0.0127302524152529,0.0102223862070152,0.021026282853567,0.0127302524152529,0.0102223862070152,0.0,0.0,0.0,0.0,0.7985841735816016,1.0745864579746345,0.7868865362132066,0.7985841735816016,1.0745864579746345
20220523,0.0150587767776885,0.0139121766938032,-0.0078450600637411,0.0150587767776885,0.0139121766938032,0.0,0.0,0.0,0.0,0.8106098743897617,1.0895362946507459,0.7807133640732649,0.8106098743897617,1.0895362946507459
20220524,-0.0274934489778376,-0.0383737399565062,-0.0202619224116629,-0.0274934489778376,-0.0383737399565062,0.0,0.0,0.0,0.0,0.7883234131672955,1.047726712206643,0.764894610464664,0.7883234131672955,1.047726712206643
20220525,0.0095784084523882,0.0195218557500706,0.0042875157629258,0.0095784084523882,0.0195218557500706,0.0,0.0,0.0,0.0,0.7958742968111926,1.0681802819478368,0.7681741081640083,0.7958742968111926,1.0681802819478368
20220526,-0.0043112887069342,0.0028241451775652,0.0025113008538422,-0.0043112887069342,0.0028241451775652,0.0,0.0,0.0,0.0,0.7924430529432113,1.07119697813987,0.77010322445774,0.7924430529432113,1.07119697813987
20220527,0.0081021516736322,0.003223016370627,0.0025050100200398,0.0081021516736322,0.003223016370627,0.0,0.0,0.0,0.0,0.7988635467508732,1.074649463536581,0.7720323407514718,0.7988635467508732,1.074649463536581
20220530,0.0082601974700531,0.0084711900405285,0.0057471264367816,0.0082601974700531,0.0084711900405285,0.0,0.0,0.0,0.0,0.8054623173986625,1.0837530233691515,0.776469308227055,0.8054623173986625,1.0837530233691515
20220531,0.0108887757602808,0.0079300599284252,0.0159006211180123,0.0108887757602808,0.0079300599284252,0.0,0.0,0.0,0.0,0.8142328159561727,1.0923472497920808,0.7888156525069385,0.8142328159561727,1.0923472497920808
20220601,0.0163523554163293,0.0102362511656131,-0.0014673514306677,0.0163523554163293,0.0102362511656131,0.0,0.0,0.0,0.0,0.8275474403543267,1.1035287906010192,0.7876581827306994,0.8275474403543267,1.1035287906010192
20220602,0.0055324831421656,0.0079776460640651,0.0026940974773452,0.0055324831421656,0.0079776460640651,0.0,0.0,0.0,0.0,0.8321258326174293,1.11233235271394,0.7897802106538045,0.8321258326174293,1.11233235271394
20220606,0.0105535334525999,0.0125355849204394,0.0200293111871028,0.0105535334525999,0.0125355849204394,0.0,0.0,0.0,0.0,0.84090770042873,1.1262760893811377,0.8055989642624052,0.84090770042873,1.1262760893811377
20220607,-0.0101231309817282,-0.0057560230074455,0.0014367816091955,-0.0101231309817282,-0.0057560230074455,0.0,0.0,0.0,0.0,0.8323950816337461,1.119793218297924,0.8067564340386444,0.8323950816337461,1.119793218297924
20220608,0.0078420591399628,-0.000823417007061,0.0100430416068866,0.0078420591399628,-0.000823417007061,0.0,0.0,0.0,0.0,0.8389227730917321,1.118871161517586,0.8148587224723179,0.8389227730917321,1.118871161517586
20220609,-0.0221484917617162,-0.0179696508502203,-0.0080492424242424,-0.0221484917617162,-0.0179696508502203,0.0,0.0,0.0,0.0,0.8203418989631938,1.0987654373987346,0.8082997270736297,0.8203418989631938,1.0987654373987346
20220610,0.0128071125396454,0.013911475943319,0.0138424821002387,0.0128071125396454,0.013911475943319,0.0,0.0,0.0,0.0,0.8308481099842018,1.1140508863484575,0.8194886015772743,0.8308481099842018,1.1140508863484575
20220613,-0.0030151660006864,0.004980152672113,-0.0122410546139362,-0.0030151660006864,0.004980152672113,0.0,0.0,0.0,0.0,0.8283429650112428,1.1195990298469756,0.8094571968498687,0.8283429650112428,1.1195990298469756
20220614,0.0010045892238032,0.0049876466217062,0.009532888465205,0.0010045892238032,0.0049876466217062,0.0,0.0,0.0,0.0,0.8291751094275064,1.1251831941658574,0.817173662024796,0.8291751094275064,1.1251831941658574
20220615,0.0019165362262942,-0.0005850827990012,0.0115675165250235,0.0019165362262942,-0.0005850827990012,0.0,0.0,0.0,0.0,0.8307642535626657,1.1245248688332259,0.8266263318640819,0.8307642535626657,1.1245248688332259
20220616,0.0105616292222517,0.0110077632807759,-0.0063010501750291,0.0105616292222517,0.0110077632807759,0.0,0.0,0.0,0.0,0.8395384775798953,1.1369033723926876,0.821417717871006,0.8395384775798953,1.1369033723926876
20220617,-0.0020614009141319,0.0042536650457335,0.0147956787224048,-0.0020614009141319,0.0042536650457335,0.0,0.0,0.0,0.0,0.8378078521947633,1.1417393785282108,0.8335711505215164,0.8378078521947633,1.1417393785282108
20220620,0.0170305453075542,0.0115828649309791,0.0048599861143254,0.0170305453075542,0.0115828649309791,0.0,0.0,0.0,0.0,0.8520761767805908,1.154963991536083,0.8376222947383533,0.8520761767805908,1.154963991536083
20220621,0.0007349762087509,-0.0019415140530696,-0.0004606172270842,0.0007349762087509,-0.0019415140530696,0.0,0.0,0.0,0.0,0.852702432498568,1.1527216127157263,0.8372364714796069,0.852702432498568,1.1527216127157263
20220622,-0.017055874996043,-0.0114845949848339,-0.0115207373271889,-0.017055874996043,-0.0114845949848339,0.0,0.0,0.0,0.0,0.8381588464010507,1.1394830718634217,0.8275908900109478,0.8381588464010507,1.1394830718634217
20220623,0.0184797162452097,0.0183163729596838,0.0174825174825175,0.0184797162452097,0.0183163729596838,0.0,0.0,0.0,0.0,0.8536477840509544,1.1603542687889183,0.8420592622139363,0.8536477840509544,1.1603542687889183
20220624,0.021408068582469,0.0144197545849213,0.0109965635738831,0.021408068582469,0.0144197545849213,0.0,0.0,0.0,0.0,0.8719227343571899,1.1770862925764205,0.851319020423849,0.8719227343571899,1.1770862925764205
20220627,0.0168410636081355,0.0108469900056284,0.0108769544527531,0.0168410636081355,0.0108469900056284,0.0,0.0,0.0,0.0,0.8866068405878789,1.1898541358277592,0.8605787786337616,0.8866068405878789,1.1898541358277592
20220628,0.0188284324083779,0.0118557372514151,0.0116565792423222,0.0188284324083779,0.0118557372514151,0.0,0.0,0.0,0.0,0.9033002575586931,1.2039607338296427,0.8706101833611669,0.9033002575586931,1.2039607338296427
20220629,-0.0126466359556884,-0.0208117119056949,-0.0121870152891646,-0.0126466359556884,-0.0208117119056949,0.0,0.0,0.0,0.0,0.8918765480426688,1.1789042498914113,0.860000043745642,0.8918765480426688,1.1789042498914113
20220630,0.0144255943694817,0.0102967795765692,0.0112157918349036,0.0144255943694817,0.0102967795765692,0.0,0.0,0.0,0.0,0.9047423973523859,1.1910431670944237,0.8696456252143011,0.9047423973523859,1.1910431670944237
20220701,-0.0086214707212423,0.0004345721877332,-0.003327417923691,-0.0086214707212423,0.0004345721877332,0.0,0.0,0.0,0.0,0.8969421872633457,1.1915607613292327,0.8667519507737036,0.8969421872633457,1.1915607613292327
20220704,-0.0037499353174408,0.0006523844392675,0.0062319163142663,-0.0037499353174408,0.0006523844392675,0.0,0.0,0.0,0.0,0.8935787120776243,1.1923381170283656,0.8721534763961524,0.8935787120776243,1.1923381170283656
20220705,-0.0105144328460417,-0.0049290564996298,-0.0022119000221189,-0.0105144328460417,-0.0049290564996298,0.0,0.0,0.0,0.0,0.8841832387168317,1.1864610150828705,0.8702243601024207,0.8841832387168317,1.1864610150828705
20220706,-0.0040762243940556,-0.0099404128459027,-0.0130791398802926,-0.0040762243940556,-0.0099404128459027,0.0,0.0,0.0,0.0,0.880579109430359,1.1746671027673778,0.858842573969403,0.880579109430359,1.1746671027673778
20220707,0.003219650047687,0.0076614210912654,0.003593890386343,0.003219650047687,0.0076614210912654,0.0,0.0,0.0,0.0,0.8834142660020287,1.1836667220837354,0.8619291600393738,0.8834142660020287,1.1836667220837354
20220708,-0.0038112515016176,0.0006981008081672,-0.0008952551477169,-0.0038112515016176,0.0006981008081672,0.0,0.0,0.0,0.0,0.880047352054178,1.1844930407790226,0.8611575135218812,0.880047352054178,1.1844930407790226
20220711,-0.0048900050238663,-0.0073524216481425,-0.0170250896057347,-0.0048900050238663,-0.0073524216481425,0.0,0.0,0.0,0.0,0.8757439160813928,1.1757841485039247,0.8464962296895195,0.8757439160813928,1.1757841485039247
20220712,-0.022589160405981,-0.0167649264639522,-0.0082041932543298,-0.022589160405981,-0.0167649264639522,0.0,0.0,0.0,0.0,0.8559615962864682,1.1560722137167756,0.8395514110320852,0.8559615962864682,1.1560722137167756
20220713,0.0082645271042642,0.0135048444776566,0.0016084558823528,0.0082645271042642,0.0135048444776566,0.0,0.0,0.0,0.0,0.863035714099187,1.171684789167961,0.8409017924376974,0.863035714099187,1.171684789167961
20220714,-0.0036321795387146,0.0053130312452198,0.0002294104152327,-0.0036321795387146,0.0053130312452198,0.0,0.0,0.0,0.0,0.859901013437256,1.177909987062359,0.8410947040670704,0.859901013437256,1.177909987062359
20220715,-0.0129115903973263,-0.0208726039848985,-0.0149082568807339,-0.0129115903973263,-0.0208726039848985,0.0,0.0,0.0,0.0,0.8487983237695084,1.1533239383725495,0.8285554481578137,0.8487983237695084,1.1533239383725495
20220718,0.0183672987938129,0.0232514716490314,0.010710128055879,0.0183672987938129,0.0232514716490314,0.0,0.0,0.0,0.0,0.8643884561978704,1.180140417227768,0.8374293831089801,0.8643884561978704,1.180140417227768
20220719,0.0061637767219811,0.0105673808460872,-0.0050679566920066,0.0061637767219811,0.0105673808460872,0.0,0.0,0.0,0.0,0.869716353642932,1.192611410468474,0.8331853272627701,0.869716353642932,1.192611410468474
20220720,0.0087373593490714,0.0091149308318247,0.002778420930771,0.0087373593490714,0.0091149308318247,0.0,0.0,0.0,0.0,0.8773153779564743,1.203481980984139,0.8355002668152482,0.8773153779564743,1.203481980984139
20220721,-0.0033963968609605,-0.0026148240641152,-0.010390210113138,-0.0033963968609605,-0.0026148240641152,0.0,0.0,0.0,0.0,0.8743356667607105,1.2003350873395326,0.8268192434934549,0.8743356667607105,1.2003350873395326
20220722,-0.0010750569800855,-0.0080426774333094,0.0006999533364442,-0.0010750569800855,-0.0080426774333094,0.0,0.0,0.0,0.0,0.8733957060992217,1.1906811794201775,0.8273979783815745,0.8733957060992217,1.1906811794201775
20220725,-0.0105847288395689,-0.0097340378111486,-0.0041967824667754,-0.0105847288395689,-0.0097340378111486,0.0,0.0,0.0,0.0,0.8641510493805177,1.1790910437986786,0.8239255690528573,0.8641510493805177,1.1790910437986786
20220726,0.0050695241055776,0.0118787639380788,0.0067899789276517,0.0050695241055776,0.0118787639380788,0.0,0.0,0.0,0.0,0.8685318839562124,1.193097187969466,0.8295200063046797,0.8685318839562124,1.193097187969466
20220727,0.006161032012764,0.0092273085612418,-0.0055813953488372,0.006161032012764,0.0092273085612418,0.0,0.0,0.0,0.0,0.8738829366973729,1.2041062638664102,0.8248901271997234,0.8738829366973729,1.2041062638664102
20220728,0.0044478803345962,0.0057158450251471,0.0007015902712816,0.0044478803345962,0.0057158450251471,0.0,0.0,0.0,0.0,0.8777698634262484,1.2109887486644795,0.8254688620878431,0.8777698634262484,1.2109887486644795
20220729,-0.0027347012696872,-0.0036293294240563,-0.0137882682869829,-0.0027347012696872,-0.0036293294240563,0.0,0.0,0.0,0.0,0.8753694250662435,1.2065936715667505,0.8140870759548254,0.8753694250662435,1.2065936715667505
20220801,0.0018365303743861,0.0052926766511077,0.0042654028436019,0.0018365303743861,0.0052926766511077,0.0,0.0,0.0,0.0,0.8769770676041866,1.2129797817196262,0.8175594852835428,0.8769770676041866,1.2129797817196262
20220802,-0.0487649839674527,-0.0408963963952977,-0.016753185464842,-0.0487649839674527,-0.0408963963952977,0.0,0.0,0.0,0.0,0.8342112949626448,1.1633732797469387,0.8038627595980469,0.8342112949626448,1.1633732797469387
20220803,-0.0040757770167841,-0.0059817335525908,-0.0107991360691144,-0.0040757770167841,-0.0059817335525908,0.0,0.0,0.0,0.0,0.8308112357394943,1.1564142907652888,0.7951817362762538,0.8308112357394943,1.1564142907652888
20220804,0.0184352295780917,0.0137039356114638,0.0075206210577387,0.0184352295780917,0.0137039356114638,0.0,0.0,0.0,0.0,0.8461274316064099,1.172261717746113,0.8011619967868222,0.8461274316064099,1.172261717746113
20220805,0.0171635377497358,0.0126414939691497,0.0156513363833374,0.0171635377497358,0.0126414939691497,0.0,0.0,0.0,0.0,0.8606499717198736,1.1870808571812657,0.8137012526960791,0.8606499717198736,1.1870808571812657
20220808,0.0052968512805191,0.0109565944040022,-0.0033191085822665,0.0052968512805191,0.0109565944040022,0.0,0.0,0.0,0.0,0.8652087066246568,1.200087220658156,0.8110004898848545,0.8652087066246568,1.200087220658156
20220809,0.0012488733435394,0.0018319923425446,0.0016650808753568,0.0012488733435394,0.0018319923425446,0.0,0.0,0.0,0.0,0.8662892427149586,1.2022857712567874,0.8123508712904669,0.8662892427149586,1.2022857712567874
20220810,0.0011203721609598,0.0032451741708691,-0.0106862977914984,0.0011203721609598,0.0032451741708691,0.0,0.0,0.0,0.0,0.8672598090658353,1.2061873979876732,0.8036698479686738,0.8672598090658353,1.2061873979876732
20220811,0.0149188412883007,0.0146738795107079,0.0211233797407583,0.0149188412883007,0.0146738795107079,0.0,0.0,0.0,0.0,0.8801983205130106,1.2238868465330786,0.8206460713535136,0.8801983205130106,1.2238868465330786
20220812,-0.0046193559946419,-0.0036970560137656,0.0002350728725903,-0.0046193559946419,-0.0036970560137656,0.0,0.0,0.0,0.0,0.8761323711246751,1.2193620683069348,0.8208389829828867,0.8761323711246751,1.2193620683069348
20220815,-0.0018160136806423,0.0031802315465673,-0.0023501762632195,-0.0018160136806423,0.0031802315465673,0.0,0.0,0.0,0.0,0.8745413027526591,1.223239922023252,0.8189098666891551,0.8745413027526591,1.223239922023252
20220816,0.0090761995055323,0.0103851545672873,-0.0023557126030624,0.0090761995055323,0.0103851545672873,0.0,0.0,0.0,0.0,0.8824788140922704,1.23594345768634,0.8169807503954233,0.8824788140922704,1.23594345768634
20220817,0.0007193391227355,0.0007952701332664,0.009681227863046,0.0007193391227355,0.0007952701332664,0.0,0.0,0.0,0.0,0.8831136156282322,1.2369263666046437,0.8248901271997238,0.8831136156282322,1.2369263666046437
20220818,-0.0063366782927056,-0.0010318017230633,-0.0086529466791392,-0.0063366782927056,-0.0010318017230633,0.0,0.0,0.0,0.0,0.8775176087500881,1.2356501038482786,0.8177523969129162,0.8775176087500881,1.2356501038482786
20220819,-0.0116723648393298,-0.012046867347693,-0.0070771408351026,-0.0116723648393298,-0.012046867347693,0.0,0.0,0.0,0.0,0.8672749030678208,1.2207643909590553,0.8119650480317209,0.8672749030678208,1.2207643909590553
20220822,0.0010468645510904,0.0062895945093856,0.0064148253741982,0.0010468645510904,0.0062895945093856,0.0,0.0,0.0,0.0,0.8681828224198929,1.228442503969685,0.8171736620247968,0.8681828224198929,1.228442503969685
20220823,0.0087563665454351,0.0038598368639623,-0.0033050047214352,0.0087563665454351,0.0038598368639623,0.0,0.0,0.0,0.0,0.8757849494414518,1.2331840916317653,0.8144728992135724,0.8757849494414518,1.2331840916317653
20220824,-0.0237024204029182,-0.0324889031082844,-0.0182378019895785,-0.0237024204029182,-0.0324889031082844,0.0,0.0,0.0,0.0,0.8550267263872421,1.193119293164063,0.7996187037518373,0.8550267263872421,1.193119293164063
20220825,-0.0008847140946592,-0.001840925526158,0.0086851628468034,-0.0008847140946592,-0.001840925526158,0.0,0.0,0.0,0.0,0.854270272191097,1.1909228494015258,0.8065635224092719,0.854270272191097,1.1909228494015258
20220826,0.0049073739008701,-0.0052438506870168,-0.0014350633819659,0.0049073739008701,-0.0052438506870168,0.0,0.0,0.0,0.0,0.8584624958291367,1.1846778277995076,0.8054060526330329,0.8584624958291367,1.1846778277995076
20220829,0.0150518580723001,0.0094310210331613,-0.0059880239520957,0.0150518580723001,0.0094310210331613,0.0,0.0,0.0,0.0,0.8713839514767493,1.1958505493110048,0.8005832618987034,0.8713839514767493,1.1958505493110048
20220830,0.0225252774543155,-0.0042961743773996,-0.0021686746987952,0.0225252774543155,-0.0042961743773996,0.0,0.0,0.0,0.0,0.8910121167530008,1.1907129668218557,0.7988470572343448,0.8910121167530008,1.1907129668218557
20220831,-0.0144337452504661,-0.0283542776536354,0.0,-0.0144337452504661,-0.0283542776536354,0.0,0.0,0.0,0.0,0.8781514748447095,1.1569511607548049,0.7988470572343448,0.8781514748447095,1.1569511607548049
20220901,0.0011168309878683,-0.0024289734679226,-0.0082105771552765,0.0011168309878683,-0.0024289734679226,0.0,0.0,0.0,0.0,0.8791322216238582,1.1541409570816492,0.7922880618356566,0.8791322216238582,1.1541409570816492
20220902,0.006348819366605,0.0150689429179307,-0.0056001947893841,0.006348819366605,0.0150689429179307,0.0,0.0,0.0,0.0,0.8847136732983102,1.1715326412831586,0.7878510943600733,0.8847136732983102,1.1715326412831586
20220905,0.0020815182741432,0.0055066978317231,-0.0004897159647403,0.0020815182741432,0.0055066978317231,0.0,0.0,0.0,0.0,0.886555220976665,1.1779839175387055,0.787465271101327,0.886555220976665,1.1779839175387055
20220906,0.0052432798384055,0.0149597096867692,0.0071043606075451,0.0052432798384055,0.0149597096867692,0.0,0.0,0.0,0.0,0.8912036780924449,1.1956062149607676,0.7930597083531492,0.8912036780924449,1.1956062149607676
20220907,-0.0002424723631925,0.00612121191974,0.001945998540501,-0.0002424723631925,0.00612121191974,0.0,0.0,0.0,0.0,0.890987585830532,1.2029247739751008,0.7946030013881347,0.890987585830532,1.2029247739751008
20220908,-0.0017287040146689,-0.0100609989996389,-0.0043699927166787,-0.0017287040146689,-0.0100609989996389,0.0,0.0,0.0,0.0,0.8894473320138866,1.1908221490274964,0.7911305920594175,0.8894473320138866,1.1908221490274964
20220909,-0.0029661939077517,-0.0018914225887479,0.0141428919775665,-0.0029661939077517,-0.0018914225887479,0.0,0.0,0.0,0.0,0.886809058756401,1.1885698011156445,0.8023194665630621,0.886809058756401,1.1885698011156445
20220913,0.0038854127725011,0.0019332614457528,0.0033661937965858,0.0038854127725011,0.0019332614457528,0.0,0.0,0.0,0.0,0.890254678000063,1.1908676172877275,0.8050202293742867,0.890254678000063,1.1908676172877275
20220914,-0.006470720228043,-0.0080657823357953,-0.0110232446681045,-0.006470720228043,-0.0080657823357953,0.0,0.0,0.0,0.0,0.8844940890470181,1.1812623382959375,0.7961462944231205,0.8844940890470181,1.1812623382959375
20220915,0.0039767807102845,-0.0227104091969281,-0.0089653501332687,0.0039767807102845,-0.0227104091969281,0.0,0.0,0.0,0.0,0.8880115280787009,1.1544353872243167,0.7890085641363127,0.8880115280787009,1.1544353872243167
20220916,-0.0350674536145042,-0.0275987544572509,-0.02200488997555,-0.0350674536145042,-0.0275987544572509,0.0,0.0,0.0,0.0,0.856871225008656,1.1225744084355513,0.7716465174927264,0.856871225008656,1.1225744084355513
20220919,-0.0129491406891979,-0.0127843575318964,-0.00275,-0.0129491406891979,-0.0127843575318964,0.0,0.0,0.0,0.0,0.8457754789634935,1.1082230158419542,0.7695244895696214,0.8457754789634935,1.1082230158419542
20220920,0.0103189017578698,0.0170776023306697,0.0005013787916769,0.0103189017578698,0.0170776023306697,0.0,0.0,0.0,0.0,0.854502953040133,1.1271488078001985,0.7699103128283676,0.854502953040133,1.1271488078001985
20220921,-0.0014477379448837,0.0060435819828001,-0.0075169130543722,-0.0014477379448837,0.0060435819828001,0.0,0.0,0.0,0.0,0.8532658566910016,1.1339608240269545,0.7641229639471723,0.8532658566910016,1.1339608240269545
20220922,-0.0116332570059231,-0.0064869809295853,-0.007321383489018,-0.0116332570059231,-0.0064869809295853,0.0,0.0,0.0,0.0,0.843339595685736,1.1266048417865948,0.75852852669535,0.843339595685736,1.1266048417865948
20220923,-0.0205127046222301,-0.0186077072232902,-0.0020345879959307,-0.0205127046222301,-0.0186077072232902,0.0,0.0,0.0,0.0,0.8260404196632035,1.1056413087342887,0.7569852336603646,0.8260404196632035,1.1056413087342887
20220926,-0.0002356230207753,-0.0201922264809484,-0.0063710499490314,-0.0002356230207753,-0.0201922264809484,0.0,0.0,0.0,0.0,0.82584578552424,1.0833159490216338,0.7521624429260353,0.82584578552424,1.0833159490216338
20220927,0.0433158250966585,0.0265050565285043,0.0128238009746086,0.0433158250966585,0.0265050565285043,0.0,0.0,0.0,0.0,0.8616179771268206,1.1120292994886825,0.7618080243946942,0.8616179771268206,1.1120292994886825
20220928,-0.0163680619783683,-0.0232101967564706,-0.0141808052671561,-0.0163680619783683,-0.0232101967564706,0.0,0.0,0.0,0.0,0.8475149606755326,1.08621888064859,0.7510049731497961,0.8475149606755326,1.08621888064859
20220929,0.0006038317571182,-0.0039907878691686,0.000256871307475,0.0006038317571182,-0.0039907878691686,0.0,0.0,0.0,0.0,0.8480267171234213,1.0818840115164357,0.7511978847791694,0.8480267171234213,1.0818840115164357
20220930,0.0036671172639901,-0.0116757565614339,-0.0066769388803287,0.0036671172639901,-0.0116757565614339,0.0,0.0,0.0,0.0,0.8511365305381094,1.0692521971702622,0.7461821824154666,0.8511365305381094,1.0692521971702622
20221010,-0.0289181546925186,-0.016086038923341,-0.0204239917269906,-0.0289181546925186,-0.016086038923341,0.0,0.0,0.0,0.0,0.8265232326835549,1.0520521647077135,0.7309421636949853,0.8265232326835549,1.0520521647077135
20221011,-0.0068133406214311,0.0051041376729448,-0.0007917656373713,-0.0068133406214311,0.0051041376729448,0.0,0.0,0.0,0.0,0.8208918483677554,1.0574219837955012,0.7303634288068658,0.8208918483677554,1.0574219837955012
20221012,0.0194541466156576,0.0261497446395344,0.0163761225567879,0.0194541466156576,0.0261497446395344,0.0,0.0,0.0,0.0,0.8368615987415,1.0850732986479836,0.7423239498280029,0.8368615987415,1.0850732986479836
20221013,0.0102704281031938,0.0088634417270771,-0.0085758835758835,0.0102704281031938,0.0088634417270771,0.0,0.0,0.0,0.0,0.8454565256236984,1.0946907826001575,0.735957866058688,0.8454565256236984,1.0946907826001575
20221014,0.0135547045963281,0.0192387850137436,0.0230668414154653,0.0135547045963281,0.0192387850137436,0.0,0.0,0.0,0.0,0.8569164390775655,1.1157513032231288,0.752934089443528,0.8569164390775655,1.1157513032231288
20221017,0.0088081485372813,0.0150094761806344,-0.0002562131693568,0.0088081485372813,0.0150094761806344,0.0,0.0,0.0,0.0,0.8644642863569989,1.132498145832368,0.752741177814155,0.8644642863569989,1.132498145832368
20221018,0.0043742219841801,0.0016319779285682,-0.0017939518195796,0.0043742219841801,0.0016319779285682,0.0,0.0,0.0,0.0,0.8682456450429202,1.1343463578105109,0.7513907964085427,0.8682456450429202,1.1343463578105109
20221019,-0.0267334493444841,-0.0091842776868381,-0.0151476251604621,-0.0267334493444841,-0.0091842776868381,0.0,0.0,0.0,0.0,0.8450344440725964,1.1239282058673257,0.740009010275525,0.8450344440725964,1.1239282058673257
20221020,0.0009503644733754,-0.0034361301862511,-0.0031282586027111,0.0009503644733754,-0.0034361301862511,0.0,0.0,0.0,0.0,0.8458375347870216,1.1200662422319658,0.7376940707230468,0.8458375347870216,1.1200662422319658
20221021,-0.016677080851828,-0.0031582527090332,-0.0057531380753138,-0.016677080851828,-0.0031582527090332,0.0,0.0,0.0,0.0,0.8317314338318677,1.11652878998814,0.7334500148768369,0.8317314338318677,1.11652878998814
20221024,-0.0161257027702905,-0.0160757451483346,-0.0257759074171488,-0.0161257027702905,-0.0160757451483346,0.0,0.0,0.0,0.0,0.8183191799451874,1.0985797577095122,0.7145446751982653,0.8183191799451874,1.0985797577095122
20221025,0.0033716151916372,-0.0036278347223037,-0.0043196544276458,0.0033716151916372,-0.0036278347223037,0.0,0.0,0.0,0.0,0.8210782373238987,1.0945942919192737,0.7114580891282943,0.8210782373238987,1.0945942919192737
20221026,0.0098371273826908,0.0182319479526175,0.0075921908893707,0.0098371273826908,0.0182319479526175,0.0,0.0,0.0,0.0,0.829155288535609,1.114550878078778,0.7168596147507433,0.829155288535609,1.114550878078778
20221027,-0.0022978541448536,-0.0001355666217512,-0.0069967707212056,-0.0022978541448536,-0.0001355666217512,0.0,0.0,0.0,0.0,0.8272500106191202,1.114399782181467,0.7118439123870406,0.8272500106191202,1.114399782181467
20221028,-0.0413575985902606,-0.0398961009467381,-0.0233062330623304,-0.0413575985902606,-0.0398961009467381,0.0,0.0,0.0,0.0,0.7930369367461458,1.0699395759765322,0.6952535122609471,0.7930369367461458,1.0699395759765322
20221031,0.0223784794845473,0.0106133722046827,-0.010821309655938,0.0223784794845473,0.0106133722046827,0.0,0.0,0.0,0.0,0.8107838975656078,1.0812952429328915,0.6877299587153929,0.8107838975656078,1.0812952429328915
20221101,0.0366155511269623,0.0279989562228555,0.0387096774193549,0.0366155511269623,0.0279989562228555,0.0,0.0,0.0,0.0,0.8404711968198391,1.1115703811037514,0.7143517635688921,0.8404711968198391,1.1115703811037514
20221102,0.0279414907670245,0.0150198742079621,0.009181744531461,0.0279414907670245,0.0150198742079621,0.0,0.0,0.0,0.0,0.8639552150057307,1.1282660284012263,0.7209107589675803,0.8639552150057307,1.1282660284012263
20221103,0.0082394190535602,0.0042779919832473,-0.0080278298100081,0.0082394190535602,0.0042779919832473,0.0,0.0,0.0,0.0,0.8710737040656716,1.133092741425697,0.7151234100863848,0.8710737040656716,1.133092741425697
20221104,0.0311928132264893,0.0180354367060986,0.0342595090369572,0.0311928132264893,0.0180354367060986,0.0,0.0,0.0,0.0,0.8982449434230984,1.15352856384582,0.739623187016779,0.8982449434230984,1.15352856384582
20221107,0.0155013713288752,0.0131059164134358,0.0,0.0155013713288752,0.0131059164134358,0.0,0.0,0.0,0.0,0.9121689718353843,1.1686466127840938,0.739623187016779,0.9121689718353843,1.1686466127840938
20221108,0.0076494608520976,-0.0020193128425652,-0.0059989567031821,0.0076494608520976,-0.0020193128425652,0.0,0.0,0.0,0.0,0.9191465726759371,1.1662867496704785,0.7351862195411958,0.9191465726759371,1.1662867496704785
20221109,0.0120774526339498,0.0004396198283525,-0.0104959328260298,0.0120774526339498,0.0004396198283525,0.0,0.0,0.0,0.0,0.9302475218710881,1.1667994724511785,0.7274697543662686,0.9302475218710881,1.1667994724511785
20221110,0.0052311048071706,-0.0027028707202605,-0.005568814638027,0.0052311048071706,-0.0027028707202605,0.0,0.0,0.0,0.0,0.9351137441546066,1.1636457643206748,0.7234186101494318,0.9351137441546066,1.1636457643206748
20221111,0.0173129380512516,0.007878695635543,0.0261333333333333,0.0173129380512516,0.007878695635543,0.0,0.0,0.0,0.0,0.9513033104780292,1.1728137751253462,0.7423239498280035,0.9513033104780292,1.1728137751253462
20221114,0.0001462184088911,0.0020144679485087,0.0005197505197507,0.0001462184088911,0.0020144679485087,0.0,0.0,0.0,0.0,0.9514424085344602,1.175176370884906,0.74270977308675,0.9514424085344602,1.175176370884906
20221115,0.0115780363912983,0.0167668796871794,0.0194805194805194,0.0115780363912983,0.0167668796871794,0.0,0.0,0.0,0.0,0.9624582433646967,1.1948804117067493,0.7571781452897386,0.9624582433646967,1.1948804117067493
20221116,0.0025595746418392,-0.001023251452973,-0.0073885350318471,0.0025595746418392,-0.001023251452973,0.0,0.0,0.0,0.0,0.9649217270782421,1.1936577485893414,0.7515837080379163,0.9649217270782421,1.1936577485893414
20221117,0.0038723827082702,0.003940061873894,-0.0043634496919917,0.0038723827082702,0.003940061873894,0.0,0.0,0.0,0.0,0.9686582732890142,1.1983608339750365,0.7483042103385723,0.9686582732890142,1.1983608339750365
20221118,-0.0056642620970803,-0.0061440704648519,-0.0033513792214487,-0.0056642620970803,-0.0061440704648519,0.0,0.0,0.0,0.0,0.9631715389466,1.1909980205687751,0.745796359156721,0.9631715389466,1.1909980205687751
20221121,0.0108882770758373,0.0024234057471504,-0.0085359544749095,0.0108882770758373,0.0024234057471504,0.0,0.0,0.0,0.0,0.9736588175342114,1.1938842920166661,0.739430275387406,0.9736588175342114,1.1938842920166661
20221122,-0.0081909665904093,-0.0101104221791187,-0.0005217845030003,-0.0081909665904093,-0.0101104221791187,0.0,0.0,0.0,0.0,0.9656836106893312,1.1818136177913594,0.7390444521286597,0.9656836106893312,1.1818136177913594
20221123,-0.0245350360576287,-0.0111274610195534,0.000783085356304,-0.0245350360576287,-0.0111274610195534,0.0,0.0,0.0,0.0,0.9419905284808073,1.1686630328270087,0.7396231870167793,0.9419905284808073,1.1686630328270087
20221124,0.0001499430056957,0.0065785845271557,-0.0046948356807513,0.0001499430056957,0.0065785845271557,0.0,0.0,0.0,0.0,0.9421317733719846,1.1763511813722234,0.7361507776880619,0.9421317733719846,1.1763511813722234
20221125,-0.0147991780655158,-0.0057744731190654,0.005503144654088,-0.0147991780655158,-0.0057744731190654,0.0,0.0,0.0,0.0,0.9281889974966725,1.1695583730968087,0.7402019219048988,0.9281889974966725,1.1695583730968087
20221128,-0.0036265490762129,-0.0032977897588223,-0.0117279124315871,-0.0036265490762129,-0.0032977897588223,0.0,0.0,0.0,0.0,0.92482287454525,1.1657014154716652,0.7315208985831056,0.92482287454525,1.1657014154716652
20221129,0.0322562335150465,0.0185753140962941,0.030590717299578,0.0322562335150465,0.0185753140962941,0.0,0.0,0.0,0.0,0.9546541771466381,1.187354685406546,0.7538986475903947,0.9546541771466381,1.187354685406546
20221130,0.005740502232662,-0.0011732995056987,0.0007676560900717,0.005740502232662,-0.0011732995056987,0.0,0.0,0.0,0.0,0.9601343715819685,1.1859615627410696,0.7544773824785144,0.9601343715819685,1.1859615627410696
20221201,0.028318258800298,0.009376397041978,0.0115060086934286,0.028318258800298,0.009376397041978,0.0,0.0,0.0,0.0,0.9873237051994881,1.1970816092298546,0.7631584058003075,0.9873237051994881,1.1970816092298546
20221202,0.0071075007173974,0.006774779378921,-0.0058139534883721,0.0071075007173974,0.006774779378921,0.0,0.0,0.0,0.0,0.9943411091424968,1.2051915730309506,0.7587214383247243,0.9943411091424968,1.2051915730309506
20221205,0.0051148240530607,0.0072411062325926,0.0180523773201117,0.0051148240530607,0.0072411062325926,0.0,0.0,0.0,0.0,0.999426988964486,1.213918493241893,0.7724181640102201,0.999426988964486,1.213918493241893
20221206,0.0018954637355167,-0.0041629137449915,0.0057442557442559,0.0018954637355167,-0.0041629137449915,0.0,0.0,0.0,0.0,1.0013213665783647,1.208865055261077,0.7768551314858034,1.0013213665783647,1.208865055261077
20221207,0.0156074107664972,0.0050323710948694,-0.0029798857710455,0.0156074107664972,0.0050323710948694,0.0,0.0,0.0,0.0,1.0169494004558235,1.2149485128227704,0.7745401919333252,1.0169494004558235,1.2149485128227704
20221208,-0.0103196442636967,-0.0015278225518343,0.002241594022416,-0.0103196442636967,-0.0015278225518343,0.0,0.0,0.0,0.0,1.0064548444089398,1.2130922870855623,0.776276396597684,1.0064548444089398,1.2130922870855623
20221209,0.0035888205330721,-0.0052578966413623,0.0084493041749502,0.0035888205330721,-0.0052578966413623,0.0,0.0,0.0,0.0,1.0100668302201645,1.2067139732236325,0.7828353919963722,1.0100668302201645,1.2067139732236325
20221212,-0.0060717951400652,-0.0024965930699637,-0.0103499260719565,-0.0060717951400652,-0.0024965930699637,0.0,0.0,0.0,0.0,1.0039339113492927,1.203701299480654,0.7747331035626986,1.0039339113492927,1.203701299480654
20221213,0.0285513068489432,0.0049477377019792,-0.0027390438247012,0.0285513068489432,0.0049477377019792,0.0,0.0,0.0,0.0,1.032597536508286,1.2096568977820157,0.7726110756395936,1.032597536508286,1.2096568977820157
20221214,0.0276327717702861,-0.0020810957569049,0.002496878901373,0.0276327717702861,-0.0020810957569049,0.0,0.0,0.0,0.0,1.0611310685651791,1.2071394859447309,0.7745401919333252,1.0611310685651791,1.2071394859447309
20221215,-0.0143725554072516,0.0011730427668257,-0.0004981320049812,-0.0143725554072516,0.0011730427668257,0.0,0.0,0.0,0.0,1.04587990348787,1.208555512187268,0.774154368674579,1.04587990348787,1.208555512187268
20221216,-0.0035073631407028,-0.0088051601397617,0.0009967605282832,-0.0035073631407028,-0.0088051601397617,0.0,0.0,0.0,0.0,1.0422116228647749,1.1979139873646674,0.7749260151920718,1.0422116228647749,1.1979139873646674
20221219,-0.0083763302951177,-0.0248100424728673,-0.0144386357978592,-0.0083763302951177,-0.0248100424728673,0.0,0.0,0.0,0.0,1.0334817140742487,1.1681936904593082,0.7637371406884272,1.0334817140742487,1.1681936904593082
20221220,-0.0060557514703384,-0.0045973073384827,-0.0159131093710533,-0.0060557514703384,-0.0045973073384827,0.0,0.0,0.0,0.0,1.0272232056646757,1.1628231450333903,0.7515837080379167,1.0272232056646757,1.1628231450333903
20221221,0.0043144817953211,-0.0052715603951803,-0.0007700205338809,0.0043144817953211,-0.0052715603951803,0.0,0.0,0.0,0.0,1.0316551414852473,1.1566932525954334,0.7510049731497972,1.0316551414852473,1.1566932525954334
20221222,0.0041088055470421,-0.0120862680773915,0.0020549704597998,0.0041088055470421,-0.0120862680773915,0.0,0.0,0.0,0.0,1.0358940118532165,1.142713147861255,0.7525482661847828,1.0358940118532165,1.142713147861255
20221223,-0.0196210025703214,-0.0071405049495328,-0.0025634452704434,-0.0196210025703214,-0.0071405049495328,0.0,0.0,0.0,0.0,1.015568732784064,1.1345535989730557,0.750619149891051,1.015568732784064,1.1345535989730557
20221226,0.0002239089504176,0.0119646686708981,0.0023130300693909,0.0002239089504176,0.0119646686708981,0.0,0.0,0.0,0.0,1.0157961277130987,1.1481281568741433,0.7523553545554098,1.0157961277130987,1.1481281568741433
20221227,-0.0008304779489221,0.0048600476037307,0.0120512820512819,-0.0008304779489221,0.0048600476037307,0.0,0.0,0.0,0.0,1.0149525314284324,1.1537081143717351,0.7614222011359493,1.0149525314284324,1.1537081143717351
20221228,-0.0105106230237789,-0.012811656866083,-0.0032936407398023,-0.0105106230237789,-0.012811656866083,0.0,0.0,0.0,0.0,1.0042847479835582,1.1389272018867889,0.758914349954098,1.0042847479835582,1.1389272018867889
20221229,-0.0105604899285889,-0.0090317279208425,-0.0030503304524656,-0.0105604899285889,-0.0090317279208425,0.0,0.0,0.0,0.0,0.9936790090170423,1.128640721277701,0.7565994104016199,0.9936790090170423,1.128640721277701
20221230,-0.0037372015685606,0.005014202847127,0.0040795512493625,-0.0037372015685606,0.005014202847127,0.0,0.0,0.0,0.0,0.9899654302658981,1.134299954795715,0.7596859964715909,0.9899654302658981,1.134299954795715
20230103,0.0049747455621268,0.0215410240993218,0.0027932960893852,0.0049747455621268,0.0215410240993218,0.0,0.0,0.0,0.0,0.9948902563967723,1.1587339374578294,0.7618080243946957,0.9948902563967723,1.1587339374578294
20230104,0.0140528650789702,0.0059583120912582,0.0012661433274248,0.0140528650789702,0.0059583120912582,0.0,0.0,0.0,0.0,1.0088713149382982,1.1656380358879357,0.7627725825415618,1.0088713149382982,1.1656380358879357
20230105,-0.0036002724969185,0.0058411551998356,0.0189681335356599,-0.0036002724969185,0.0058411551998356,0.0,0.0,0.0,0.0,1.0052391032901957,1.1724467085623886,0.7772409547445503,1.0052391032901957,1.1724467085623886
20230106,-0.0085072020146604,-0.0013623766196543,0.0039712087366592,-0.0085072020146604,-0.0013623766196543,0.0,0.0,0.0,0.0,0.99668733116547,1.1708493945788525,0.7803275408145213,0.99668733116547,1.1708493945788525
20230109,0.0009107449837605,0.0075038787099476,0.0061804697156984,0.0009107449837605,0.0075038787099476,0.0,0.0,0.0,0.0,0.9975950591527065,1.1796353064233878,0.7851503315488508,0.9975950591527065,1.1796353064233878
20230110,-0.0021799469236164,-0.0034253035173697,0.0014742014742012,-0.0021799469236164,-0.0034253035173697,0.0,0.0,0.0,0.0,0.9954203548724916,1.1755946974590823,0.7863078013250898,0.9954203548724916,1.1755946974590823
20230111,-0.0139120655586233,-0.0065966932714512,0.0,-0.0139120655586233,-0.0065966932714512,0.0,0.0,0.0,0.0,0.9815720016371173,1.1678396598284002,0.7863078013250898,0.9815720016371173,1.1678396598284002
20230112,-0.009156887501695,-0.0003641288586763,0.0014720314033367,-0.009156887501695,-0.0003641288586763,0.0,0.0,0.0,0.0,0.9725838572433128,1.16741441570595,0.787465271101329,0.9725838572433128,1.16741441570595
20230113,0.0183357949469407,0.0066775408337818,0.0151886330230279,0.0183357949469407,0.0066775408337818,0.0,0.0,0.0,0.0,0.9904169554184308,1.1752098731367722,0.7994257921224663,0.9904169554184308,1.1752098731367722
20230116,-0.0035903439957086,0.0100048860813765,0.0154738427103571,-0.0035903439957086,0.0100048860813765,0.0,0.0,0.0,0.0,0.9868610178492963,1.1869677140392143,0.811795981088372,0.9868610178492963,1.1869677140392143
20230117,-0.0033714774756325,-0.0026726107396237,-0.0009654839488292,-0.0033714774756325,-0.0026726107396237,0.0,0.0,0.0,0.0,0.9835338381560376,1.1837954113790865,0.8110122050989071,0.9835338381560376,1.1837954113790865
20230118,0.0028353369279423,0.0042480452239086,-0.0021744382701136,0.0028353369279423,0.0042480452239086,0.0,0.0,0.0,0.0,0.9863224879672423,1.1888242278224803,0.8092487091226108,0.9863224879672423,1.1888242278224803
20230119,-0.0006486659274657,0.003600215926732,0.0067796610169492,-0.0006486659274657,0.003600215926732,0.0,0.0,0.0,0.0,0.9856826941758048,1.1931042517415718,0.8147351410488659,0.9856826941758048,1.1931042517415718
20230120,0.0029341597189601,0.0070224367236449,0.0055315055315054,0.0029341597189601,0.0070224367236449,0.0,0.0,0.0,0.0,0.9885748446327315,1.2014827508541386,0.8192418529882897,0.9885748446327315,1.2014827508541386
20230130,0.0172229644045399,0.0127215758269261,0.0057402535278641,0.0172229644045399,0.0127215758269261,0.0,0.0,0.0,0.0,1.0056010339930646,1.2167675047738733,0.8239445089250796,1.0056010339930646,1.2167675047738733
20230131,0.0043200703543409,0.0059959204550729,-0.0109393579072533,0.0043200703543409,0.0059959204550729,0.0,0.0,0.0,0.0,1.0099453012083126,1.2240631459448148,0.8149310850462321,1.0099453012083126,1.2240631459448148
20230201,0.0154120459122959,0.0144381543398722,0.0074537148352971,0.0154120459122959,0.0144381543398722,0.0,0.0,0.0,0.0,1.0255106245594428,1.2417363585677155,0.821005348964586,1.0255106245594428,1.2417363585677155
20230202,0.0104574853390709,0.004749163672853,-0.0023866348448688,0.0104574853390709,0.004749163672853,0.0,0.0,0.0,0.0,1.0362348868808344,1.2476335677730859,0.8190459089909234,1.0362348868808344,1.2476335677730859
20230203,-0.0025047307133013,-0.0025824538510415,-0.0102870813397129,-0.0025047307133013,-0.0025824538510415,0.0,0.0,0.0,0.0,1.0336393975334697,1.2444116116613015,0.8106203171041747,1.0336393975334697,1.2444116116613015
20230206,-0.0037720789060804,-0.0001631585462568,-0.0137781000725163,-0.0037720789060804,-0.0001631585462568,0.0,0.0,0.0,0.0,1.02974042816554,1.2442085752717977,0.7994515092542984,1.02974042816554,1.2442085752717977
20230207,0.0080985039207137,0.0062122540620484,0.0024509803921568,0.0080985039207137,0.0062122540620484,0.0,0.0,0.0,0.0,1.038079785060356,1.2519379150475654,0.8014109492279609,1.038079785060356,1.2519379150475654
20230208,-0.0016257338130704,-0.0016539336188703,-0.0041564792176037,-0.0016257338130704,-0.0016539336188703,0.0,0.0,0.0,0.0,1.0363921436531185,1.2498672928411299,0.7980799012727349,1.0363921436531185,1.2498672928411299
20230209,0.0100675820241116,0.0142139843880683,0.0132580407561992,0.0100675820241116,0.0142139843880683,0.0,0.0,0.0,0.0,1.0468261065684912,1.2676328870287308,0.8086608771305123,1.0468261065684912,1.2676328870287308
20230210,-0.0021719018455685,-0.0007760098869361,-0.0058153622486067,-0.0021719018455685,-0.0007760098869361,0.0,0.0,0.0,0.0,1.0445525030156457,1.2666491913753912,0.8039582211937223,1.0445525030156457,1.2666491913753912
20230213,0.0123693230495728,0.0112127231061005,0.0077991713380454,0.0123693230495728,0.0112127231061005,0.0,0.0,0.0,0.0,1.057472910367686,1.2808517780308497,0.8102284291094424,1.057472910367686,1.2808517780308497
20230214,0.0049343391881616,0.0028967581901593,0.0021765417170496,0.0049343391881616,0.0028967581901593,0.0,0.0,0.0,0.0,1.0626908403897326,1.2845620959092408,0.8119919250857387,1.0626908403897326,1.2845620959092408
20230215,-0.0025996296186781,-0.0005740284871152,-0.0067567567567569,-0.0025996296186781,-0.0005740284871152,0.0,0.0,0.0,0.0,1.0599282378055574,1.2838247206727205,0.8065054931594836,1.0599282378055574,1.2838247206727205
20230216,-0.0203110845226592,-0.022035444583768,-0.0070456754130222,-0.0203110845226592,-0.022035444583768,0.0,0.0,0.0,0.0,1.0383999457795356,1.2555350721850653,0.8008231172358625,1.0383999457795356,1.2555350721850653
20230217,0.0008874784688721,-0.0014723599423115,-0.014191338390017,0.0008874784688721,-0.0014723599423115,0.0,0.0,0.0,0.0,1.039321503373493,1.2536864726386128,0.7894583653886201,1.039321503373493,1.2536864726386128
20230220,0.0068369971166057,0.0127396762050084,0.026061057334326,0.0068369971166057,0.0127396762050084,0.0,0.0,0.0,0.0,1.046427341495284,1.2696580323626279,0.8100324851120763,1.046427341495284,1.2696580323626279
20230221,0.0082079231041498,0.0036849834215292,0.0012094823415578,0.0082079231041498,0.0036849834215292,0.0,0.0,0.0,0.0,1.0550163366483574,1.2743367011628954,0.8110122050989075,1.0550163366483574,1.2743367011628954
20230222,0.0183902898261197,0.0009010817763328,-0.0096641700893935,0.0183902898261197,0.0009010817763328,0.0,0.0,0.0,0.0,1.0744183928506117,1.2754849827412253,0.8031744452042576,1.0744183928506117,1.2754849827412253
20230223,-0.0070307917643078,-4.185351592745338e-05,0.0,-0.0070307917643078,-4.185351592745338e-05,0.0,0.0,0.0,0.0,1.0668643808627367,1.275431599210185,0.8031744452042576,1.0668643808627367,1.275431599210185
20230224,-0.0005784616754718,-0.00300051054393,-0.0095145157355452,-0.0005784616754718,-0.00300051054393,0.0,0.0,0.0,0.0,1.0662472407054817,1.2716046532486933,0.795532629306974,1.0662472407054817,1.2716046532486933
20230227,-0.0033864148583697,-0.0075768487257816,-0.0036945812807881,-0.0033864148583697,-0.0075768487257816,0.0,0.0,0.0,0.0,1.062636485206861,1.2619698971520281,0.7925934693464802,1.062636485206861,1.2619698971520281
20230228,0.0086393433734345,0.0110927725008965,0.0064276885043261,0.0086393433734345,0.0110927725008965,0.0,0.0,0.0,0.0,1.0718169666837025,1.2759686421241152,0.7976880132780026,1.0718169666837025,1.2759686421241152
20230301,0.0019157947261736,0.0069246009983606,0.0120363547040041,0.0019157947261736,0.0069246009983606,0.0,0.0,0.0,0.0,1.0738703479758986,1.2848042158572446,0.807289269148949,1.0738703479758986,1.2848042158572446
20230302,0.0035399622802473,-0.0034884106137764,-0.0012135922330096,0.0035399622802473,-0.0034884106137764,0.0,0.0,0.0,0.0,1.0776718085016093,1.2803222911940235,0.8063095491621178,1.0776718085016093,1.2803222911940235
20230303,0.0016668062052336,-0.0011872428693409,0.0021871202916159,0.0016668062052336,-0.0011872428693409,0.0,0.0,0.0,0.0,1.079468078559225,1.2788022376833452,0.808073045138414,1.079468078559225,1.2788022376833452
20230306,-0.0009613915396093,-0.0020074662608676,-0.0060620756547041,-0.0009613915396093,-0.0020074662608676,0.0,0.0,0.0,0.0,1.07843028708122,1.276235085336874,0.8031744452042578,1.07843028708122,1.276235085336874
20230307,-0.0229673474853837,-0.0189735581480257,-0.0139058306904122,-0.0229673474853837,-0.0189735581480257,0.0,0.0,0.0,0.0,1.0536616039390634,1.2520203647346844,0.7920056373543817,1.0536616039390634,1.2520203647346844
20230308,-0.0009278609544766,0.0079374292252008,-0.0039584364176151,-0.0009278609544766,0.0079374292252008,0.0,0.0,0.0,0.0,1.052683952477537,1.261958187768276,0.7888705333965217,1.052683952477537,1.261958187768276
20230309,-0.0093368164204559,-0.000897447824613,-0.0024838549428712,-0.0093368164204559,-0.000897447824613,0.0,0.0,0.0,0.0,1.0428552356644945,1.2608256461379108,0.7869110934228594,1.0428552356644945,1.2608256461379108
20230310,-0.0199829291338556,-0.0147814459178051,-0.0136952191235059,-0.0199829291338556,-0.0147814459178051,0.0,0.0,0.0,0.0,1.0220159333933405,1.2421888200377416,0.7761341735677156,1.0220159333933405,1.2421888200377416
20230313,0.0060891386601906,0.0009124284225157,0.0111083059833376,0.0060891386601906,0.0009124284225157,0.0,0.0,0.0,0.0,1.0282391301246967,1.2433222284232752,0.7847557094518307,1.0282391301246967,1.2433222284232752
20230314,-0.0213541823560556,-0.0137000252430716,-0.0062421972534332,-0.0213541823560556,-0.0137000252430716,0.0,0.0,0.0,0.0,1.006281924234382,1.2262886825086043,0.7798571095176744,1.006281924234382,1.2262886825086043
20230315,0.0103167412509888,0.0104092595958654,-0.0002512562814069,0.0103167412509888,0.0104092595958654,0.0,0.0,0.0,0.0,1.0166634744722551,1.239053439744308,0.7796611655203083,1.0166634744722551,1.239053439744308
20230316,-0.0083865800190993,-0.0143653668005793,-0.0115606936416186,-0.0083865800190993,-0.0143653668005793,0.0,0.0,0.0,0.0,1.008137144891098,1.2212539825968616,0.7706477416414607,1.008137144891098,1.2212539825968616
20230317,0.0037393427740737,0.0075753595893809,0.0053394355453852,0.0037393427740737,0.0075753595893809,0.0,0.0,0.0,0.0,1.011906915239122,1.2305054206649961,0.774762565586152,1.011906915239122,1.2305054206649961
20230320,-0.0133175448352212,-0.0027811757091764,-0.005563985837127,-0.0133175448352212,-0.0027811757091764,0.0,0.0,0.0,0.0,0.9984307995263546,1.227083168879033,0.7704517976440944,0.9984307995263546,1.227083168879033
20230321,0.0208817966855862,0.0150705353230609,0.0109359104781281,0.0208817966855862,0.0150705353230609,0.0,0.0,0.0,0.0,1.019279828486691,1.245575969119958,0.7788773895308432,1.019279828486691,1.245575969119958
20230322,0.0087643242793039,0.0053099904832217,0.0045283018867923,0.0087643242793039,0.0053099904832217,0.0,0.0,0.0,0.0,1.0282131274349016,1.2521899656621145,0.7824043814834356,1.0282131274349016,1.2521899656621145
20230323,-0.0012859263989801,5.285462759213448e-05,0.0095166541447533,-0.0012859263989801,5.285462759213448e-05,0.0,0.0,0.0,0.0,1.0268909210305552,1.2522561496964242,0.7898502533833531,1.0268909210305552,1.2522561496964242
20230324,-0.0158234403699904,-0.0002786124185294,-0.0012403870007442,-0.0158234403699904,-0.0002786124185294,0.0,0.0,0.0,0.0,1.0106419737751438,1.2519072555819388,0.7888705333965219,1.0106419737751438,1.2519072555819388
20230327,-0.0083411404347099,-0.0028266547422186,-0.0052160953800297,-0.0083411404347099,-0.0028266547422186,0.0,0.0,0.0,0.0,1.0022120671426729,1.2483685460011302,0.7847557094518308,1.0022120671426729,1.2483685460011302
20230328,-0.0058577507597534,-0.0065986456639695,-0.0019975031210985,-0.0058577507597534,-0.0065986456639695,0.0,0.0,0.0,0.0,0.9963413586449339,1.240131004308024,0.7831881574729009,0.9963413586449339,1.240131004308024
20230329,-0.0130434262175896,-0.0030831302498593,0.0,-0.0130434262175896,-0.0030831302498593,0.0,0.0,0.0,0.0,0.9833456536459158,1.2363075188948536,0.7831881574729009,0.9833456536459158,1.2363075188948536
20230330,-0.0065984716919882,-0.0029183913677442,0.0107580685514134,-0.0065984716919882,-0.0029183913677442,0.0,0.0,0.0,0.0,0.9768570751868935,1.2326994897038337,0.7916137493596496,0.9768570751868935,1.2326994897038337
20230331,0.0067693654033331,0.0038773905171039,0.0024752475247524,0.0067693654033331,0.0038773905171039,0.0,0.0,0.0,0.0,0.9834697776756649,1.23747914701565,0.7935731893333121,0.9834697776756649,1.23747914701565
20230403,0.0078850851056192,0.0088738878564936,0.0074074074074073,0.0078850851056192,0.0088738878564936,0.0,0.0,0.0,0.0,0.9912245205714418,1.2484603981910163,0.7994515092542995,0.9912245205714418,1.2484603981910163
20230404,-0.0160764151992558,-0.0109963473374162,0.0049019607843137,-0.0160764151992558,-0.0109963473374162,0.0,0.0,0.0,0.0,0.9752891836230521,1.234731894015499,0.8033703892016245,0.9752891836230521,1.234731894015499
20230406,-0.0077320825894344,-0.0043164591887035,-0.0029268292682925,-0.0077320825894344,-0.0043164591887035,0.0,0.0,0.0,0.0,0.9677481671066966,1.2294022241859905,0.8010190612332297,0.9677481671066966,1.2294022241859905
20230407,0.0044586345862185,0.0091460571186676,0.0070939334637962,0.0044586345862185,0.0091460571186676,0.0,0.0,0.0,0.0,0.9720630025553082,1.2406464071502128,0.8067014371568508,0.9720630025553082,1.2406464071502128
20230410,-0.0188388003367859,-0.0141799747610542,-0.0036434296818069,-0.0188388003367859,-0.0141799747610542,0.0,0.0,0.0,0.0,0.9537505017353922,1.2230540724094303,0.8037622771963573,0.9537505017353922,1.2230540724094303
20230411,-0.0029883537059047,0.0020560972620053,-0.0024378352023405,-0.0029883537059047,0.0020560972620053,0.0,0.0,0.0,0.0,0.9509003578890228,1.2255687905389958,0.8018028372226946,0.9509003578890228,1.2255687905389958
20230412,0.001073873204705,0.0060502885458186,-0.0009775171065492,0.001073873204705,0.0060502885458186,0.0,0.0,0.0,0.0,0.9519215043037044,1.2329838353545068,0.8010190612332297,0.9519215043037044,1.2329838353545068
20230413,-0.008013071385898,-0.006012398936093,-0.0061154598825833,-0.008013071385898,-0.006012398936093,0.0,0.0,0.0,0.0,0.9442936893359474,1.2255706446546015,0.7961204612990733,0.9442936893359474,1.2255706446546015
20230414,-0.001407734394953,0.0023141515360338,0.0051685946345063,-0.001407734394953,0.0023141515360338,0.0,0.0,0.0,0.0,0.9429643746305321,1.228406800844447,0.8002352852437644,0.9429643746305321,1.228406800844447
20230417,0.0041823674750592,0.0009118973796889,0.0149363369245838,0.0041823674750592,0.0009118973796889,0.0,0.0,0.0,0.0,0.9469081981611264,1.229526981787329,0.8121878690831057,0.9469081981611264,1.229526981787329
20230418,0.0024527918150116,-0.0034354437783671,0.0016887816646562,0.0024527918150116,-0.0034354437783671,0.0,0.0,0.0,0.0,0.9492307668391434,1.2253030109674132,0.8135594770646695,0.9492307668391434,1.2253030109674132
20230419,-0.0096633208225127,-0.0065458924826936,-0.0079479768786127,-0.0096633208225127,-0.0065458924826936,0.0,0.0,0.0,0.0,0.9400580454045769,1.2172823091988998,0.8070933251515833,0.9400580454045769,1.2172823091988998
20230420,-0.0054780105272835,-0.0052200605680784,-0.0038844379703812,-0.0054780105272835,-0.0052200605680784,0.0,0.0,0.0,0.0,0.9349083975355932,1.210928021816431,0.8039582211937233,0.9349083975355932,1.210928021816431
20230421,-0.0120084838499337,-0.0239468024266714,-0.0177918596149158,-0.0120084838499337,-0.0239468024266714,0.0,0.0,0.0,0.0,0.9236815651426197,1.181930167725073,0.7896543093859871,0.9236815651426197,1.181930167725073
20230424,0.0040323975635638,-0.0007313469898817,-0.0126550868486351,0.0040323975635638,-0.0007313469898817,0.0,0.0,0.0,0.0,0.9274062164354097,1.181065766654657,0.7796611655203085,0.9274062164354097,1.181065766654657
20230425,0.0085946544642225,-0.0164177357017863,-0.0047750691128425,0.0085946544642225,-0.0164177357017863,0.0,0.0,0.0,0.0,0.935376952413644,1.1616753410512932,0.7759382295703496,0.935376952413644,1.1616753410512932
20230426,0.0268585873703824,0.0121295961075954,-0.0022727272727273,0.0268585873703824,0.0121295961075954,0.0,0.0,0.0,0.0,0.9604998560142879,1.1757659937463985,0.7741747335940533,0.9604998560142879,1.1757659937463985
20230427,-0.0041405118445126,0.0029324542086861,0.0088585168311821,-0.0041405118445126,0.0029324542086861,0.0,0.0,0.0,0.0,0.956522894983808,1.17921387368319,0.7810327735018722,0.956522894983808,1.17921387368319
20230428,0.007049026255833,0.0187664950234629,0.0097842448569995,0.007049026255833,0.0187664950234629,0.0,0.0,0.0,0.0,0.9632654499848542,1.201343584975264,0.788674589399156,0.9632654499848542,1.201343584975264
20230504,0.0191191899792921,0.0044561743434473,0.0,0.0191191899792921,0.0044561743434473,0.0,0.0,0.0,0.0,0.981682305123603,1.2066969814362958,0.788674589399156,0.981682305123603,1.2066969814362958
20230505,-0.0134351765293407,-0.0084433162710703,-0.0039751552795032,-0.0134351765293407,-0.0084433162710703,0.0,0.0,0.0,0.0,0.9684932300585373,1.1965084571786833,0.7855394854412959,0.9684932300585373,1.1965084571786833
20230508,-0.0007260332232147,0.0043225004092741,0.0112247443252682,-0.0007260332232147,0.0043225004092741,0.0,0.0,0.0,0.0,0.9677900717970562,1.201680365474538,0.7943569653227772,0.9677900717970562,1.201680365474538
20230509,-0.0201870986178511,-0.0150336625493367,-0.0086334484459792,-0.0201870986178511,-0.0150336625493367,0.0,0.0,0.0,0.0,0.9482531981763119,1.1836147083678303,0.7874989254149585,0.9482531981763119,1.1836147083678303
20230510,0.0046635710475967,0.0068024227289554,-0.0077133615327197,0.0046635710475967,0.0068024227289554,0.0,0.0,0.0,0.0,0.9526754443371179,1.1916661559623576,0.7814246614966046,0.9526754443371179,1.1916661559623576
20230511,0.0103578410036277,0.0077902295628766,-0.0012537612838515,0.0103578410036277,0.0077902295628766,0.0,0.0,0.0,0.0,0.9625431051176223,1.2009495088796152,0.7804449415097734,0.9625431051176223,1.2009495088796152
20230512,0.0033174581350275,-0.0043352928878279,-0.012804418779814,0.0033174581350275,-0.0043352928878279,0.0,0.0,0.0,0.0,0.9657363015720094,1.195743041015129,0.7704517976440949,0.9657363015720094,1.195743041015129
20230515,0.0052098022297657,0.0085273366080415,0.0160223804679551,0.0052098022297657,0.0085273366080415,0.0,0.0,0.0,0.0,0.970767596709305,1.2059395444225882,0.7827962694781685,0.970767596709305,1.2059395444225882
20230516,-0.0117339898797438,-0.0069264313203029,-0.0042553191489361,-0.0117339898797438,-0.0069264313203029,0.0,0.0,0.0,0.0,0.9593766195539348,1.1975866869917078,0.7794652215229423,0.9593766195539348,1.1975866869917078
20230517,0.0071983254012343,0.0119485357308971,-0.006787330316742,0.0071983254012343,0.0119485357308971,0.0,0.0,0.0,0.0,0.9662825246438201,1.211896094312075,0.7741747335940536,0.9662825246438201,1.211896094312075
20230518,-0.0092304623257678,0.0014145665233627,-0.0002531004808908,-0.0092304623257678,0.0014145665233627,0.0,0.0,0.0,0.0,0.9573632902040475,1.2136104019568827,0.7739787895966875,0.9573632902040475,1.2136104019568827
20230519,0.0057925794222664,-0.0004018034616716,-0.0015189873417722,0.0057925794222664,-0.0004018034616716,0.0,0.0,0.0,0.0,0.9629088930985168,1.2131227690962558,0.77280312561249,0.9629088930985168,1.2131227690962558
20230522,0.0157377341450734,0.0029868903258366,0.0050709939148072,0.0157377341450734,0.0029868903258366,0.0,0.0,0.0,0.0,0.9780628972640281,1.2167462337593216,0.776722005559815,0.9780628972640281,1.2167462337593216
20230523,0.0047159613064768,-0.0077223647445054,-0.0143794147325931,0.0047159613064768,-0.0077223647445054,0.0,0.0,0.0,0.0,0.9826754040428259,1.207350075540729,0.7655531977099389,0.9826754040428259,1.207350075540729
20230524,0.0069471626161175,-0.0002959088538011,-0.0135653954440748,0.0069471626161175,-0.0002959088538011,0.0,0.0,0.0,0.0,0.9895022098735704,1.206992809963739,0.7551681658495276,0.9895022098735704,1.206992809963739
20230525,-0.019925730993167,-0.0005309271676516,-0.0023352361183185,-0.019925730993167,-0.0005309271676516,0.0,0.0,0.0,0.0,0.9697856550224854,1.2063519846897692,0.7534046698732314,0.9697856550224854,1.2063519846897692
20230526,-0.0043915468246251,0.0024225441474393,0.0013003901170351,-0.0043915468246251,0.0024225441474393,0.0,0.0,0.0,0.0,0.9655267959086045,1.2092744256300312,0.7543843898600627,0.9655267959086045,1.2092744256300312
20230529,-0.001426816264359,-0.0034632382904622,-0.0041558441558442,-0.001426816264359,-0.0034632382904622,0.0,0.0,0.0,0.0,0.9641491665725276,1.2050864201355125,0.7512492859022026,0.9641491665725276,1.2050864201355125
20230530,0.0041168614438503,0.0065576336206292,0.0010432968179447,0.0041168614438503,0.0065576336206292,0.0,0.0,0.0,0.0,0.9681184351025104,1.2129889353599568,0.7520330618916677,0.9681184351025104,1.2129889353599568
20230531,-0.0076596596283244,-0.0034543960571019,-0.0093798853569568,-0.0076596596283244,-0.0034543960571019,0.0,0.0,0.0,0.0,0.9607029774097191,1.2087987911643412,0.7449790779864828,0.9607029774097191,1.2087987911643412
20230601,0.0217584526117284,0.0047381316645477,0.0021041557075225,0.0217584526117284,0.0047381316645477,0.0,0.0,0.0,0.0,0.981606387617635,1.2145262389928237,0.7465466299654129,0.981606387617635,1.2145262389928237
20230602,0.0060025961547109,0.0091648888951604,0.0139107611548556,0.0060025961547109,0.0091648888951604,0.0,0.0,0.0,0.0,0.9874985743453883,1.22565723703345,0.7569316618258242,0.9874985743453883,1.22565723703345
20230605,0.0029624256463116,0.0048038333520488,-0.0046595909914574,0.0029624256463116,0.0048038333520488,0.0,0.0,0.0,0.0,0.9904239654477254,1.2315450901468912,0.7534046698732316,0.9904239654477254,1.2315450901468912
20230606,-0.0134235091779462,-0.018403590914502,-0.00962288686606,-0.0134235091779462,-0.018403590914502,0.0,0.0,0.0,0.0,0.97712900025748,1.2088802381150643,0.7461547419706802,0.97712900025748,1.2088802381150643
20230607,0.0057380151110885,0.0026601484657454,-0.0031512605042015,0.0057380151110885,0.0026601484657454,0.0,0.0,0.0,0.0,0.9827357812264401,1.212096039025756,0.7438034140022853,0.9827357812264401,1.212096039025756
20230608,-0.0042244449106873,-0.0022049954495022,0.0084299262381453,-0.0042244449106873,-0.0022049954495022,0.0,0.0,0.0,0.0,0.9785842680568878,1.2094233727753447,0.7500736219180053,0.9785842680568878,1.2094233727753447
20230609,-0.0038246135897898,0.0027261622643006,0.0041797283176594,-0.0038246135897898,0.0027261622643006,0.0,0.0,0.0,0.0,0.9748415613665229,1.2127204571357681,0.7532087258758654,0.9748415613665229,1.2127204571357681
20230612,0.0165521688298603,0.0119784490714642,0.0010405827263268,0.0165521688298603,0.0119784490714642,0.0,0.0,0.0,0.0,0.9909773034726261,1.227246967369492,0.7539925018653305,0.9909773034726261,1.227246967369492
20230613,0.0013896419907454,0.0041025258409847,0.0075363825363823,0.0013896419907454,0.0041025258409847,0.0,0.0,0.0,0.0,0.9923544071454072,1.2322817797663954,0.7596748777889516,0.9923544071454072,1.2322817797663954
20230614,0.0071232018841332,0.0020630138631038,0.0,0.0071232018841332,0.0020630138631038,0.0,0.0,0.0,0.0,0.9994231479281133,1.2348239941613035,0.7596748777889516,0.9994231479281133,1.2348239941613035
20230615,0.0053197268993609,0.0031995775249993,0.0167655403662627,0.0053197268993609,0.0031995775249993,0.0,0.0,0.0,0.0,1.0047398061319905,1.238774909260352,0.772411237617758,1.0047398061319905,1.238774909260352
20230616,-0.0008593017989316,0.0052122122206989,0.0093860984271942,-0.0008593017989316,0.0052122122206989,0.0,0.0,0.0,0.0,1.003876431409123,1.245231666981094,0.7796611655203092,1.003876431409123,1.245231666981094
20230619,-0.0009574021160014,-0.0020081988058256,-0.0075395828097513,-0.0009574021160014,-0.0020081988058256,0.0,0.0,0.0,0.0,1.002915317989488,1.2427309942344864,0.7737828455993215,1.002915317989488,1.2427309942344864
20230620,0.0012100586946362,-0.0073315421128847,-0.0017726006583943,0.0012100586946362,-0.0073315421128847,0.0,0.0,0.0,0.0,1.004128904390005,1.2336198596152692,0.7724112376177579,1.004128904390005,1.2336198596152692
20230621,-0.0042721371023141,-0.0120012114250326,-0.0139523084728565,-0.0042721371023141,-0.0120012114250326,0.0,0.0,0.0,0.0,0.9998391280420544,1.2188149268619073,0.761634317762614,0.9998391280420544,1.2188149268619073
20230626,-0.0195864916056913,-0.0143103115880892,-0.0113197838950346,-0.0195864916056913,-0.0143103115880892,0.0,0.0,0.0,0.0,0.9802557873536171,1.2013733054902993,0.7530127818784991,0.9802557873536171,1.2013733054902993
20230627,0.027554224339998,0.0234641836206112,0.0067655477491541,0.027554224339998,0.0234641836206112,0.0,0.0,0.0,0.0,1.00726597522894,1.2295625493272244,0.7581073258100215,1.00726597522894,1.2295625493272244
20230628,0.0069095308417606,-0.0016517194149035,0.0020677177565262,0.0069095308417606,-0.0016517194149035,0.0,0.0,0.0,0.0,1.0142257105506403,1.2275316569926624,0.7596748777889515,1.0142257105506403,1.2275316569926624
20230629,-0.0007456878296407,0.0104726897386551,-0.0046427650245034,-0.0007456878296407,0.0104726897386551,0.0,0.0,0.0,0.0,1.013469414781774,1.2403872151807238,0.7561478858363591,1.013469414781774,1.2403872151807238
20230630,0.0067225333841396,0.0143368348063089,0.0059600932884167,0.0067225333841396,0.0143368348063089,0.0,0.0,0.0,0.0,1.020282496756449,1.2581704417806274,0.7606545977757828,1.020282496756449,1.2581704417806274
20230703,0.010482375045457,0.0028632693946382,0.0115919629057186,0.010482375045457,0.0028632693946382,0.0,0.0,0.0,0.0,1.0309774805397653,1.2617729226998162,0.769472077657264,1.0309774805397653,1.2617729226998162
20230704,0.0015428122600776,0.0038684269781013,0.0017825311942958,0.0015428122600776,0.0038684269781013,0.0,0.0,0.0,0.0,1.032568085236606,1.2666539991142258,0.7708436856388277,1.032568085236606,1.2666539991142258
20230705,-0.0121331833850596,-0.0041555512929884,-0.0068632435180477,-0.0121331833850596,-0.0041555512929884,0.0,0.0,0.0,0.0,1.0200397473008702,1.2613903534504378,0.765553197709939,1.0200397473008702,1.2613903534504378
20230706,-0.0021085429871492,-0.0007911133538679,-0.0071666240081905,-0.0021085429871492,-0.0007911133538679,0.0,0.0,0.0,0.0,1.0178889496450856,1.260392450697383,0.760066765783684,1.0178889496450856,1.260392450697383
20230707,0.0077756260285477,-0.0069028016200553,-0.0028357824181489,0.0077756260285477,-0.0069028016200553,0.0,0.0,0.0,0.0,1.0258036734561171,1.2516922116468037,0.7579113818126554,1.0258036734561171,1.2516922116468037
20230710,-0.0017171950819615,-0.0005157444435452,0.0041365046535677,-0.0017171950819615,-0.0005157444435452,0.0,0.0,0.0,0.0,1.024042168433,1.251046658343618,0.7610464857705154,1.024042168433,1.251046658343618
20230711,0.0043186608499312,0.0083130954842265,0.0066941297631308,0.0043186608499312,0.0083130954842265,0.0,0.0,0.0,0.0,1.0284646592544904,1.261446728669651,0.7661410297020379,1.0284646592544904,1.261446728669651
20230712,-0.0110002850691722,-0.0121742955292315,-0.0048593350383632,-0.0110002850691722,-0.0121742955292315,0.0,0.0,0.0,0.0,1.017151254819122,1.2460895034004442,0.7624180937520791,1.017151254819122,1.2460895034004442
20230713,0.004349791212421,0.0073018033425646,0.0161912104857364,0.004349791212421,0.0073018033425646,0.0,0.0,0.0,0.0,1.0215756504090372,1.2551882039015083,0.774762565586153,1.0215756504090372,1.2551882039015083
20230714,-0.0053550417362516,0.0007096215325133,-0.0005058168942843,-0.0053550417362516,0.0007096215325133,0.0,0.0,0.0,0.0,1.0161050701643584,1.2560789124783536,0.7743706775914204,1.0161050701643584,1.2560789124783536
20230717,0.00635223527595,-0.0021716559712078,-0.0070850202429151,0.00635223527595,-0.0021716559712078,0.0,0.0,0.0,0.0,1.022559608635128,1.2533511412077618,0.7688842456651653,1.022559608635128,1.2533511412077618
20230718,0.0142650131445689,0.004192017086302,-0.0015290519877675,0.0142650131445689,0.004192017086302,0.0,0.0,0.0,0.0,1.0371464348934134,1.2586052106068408,0.7677085816809679,1.0371464348934134,1.2586052106068408
20230719,0.0086748948848124,0.0010245299119819,-0.0005104645227157,0.0086748948848124,0.0010245299119819,0.0,0.0,0.0,0.0,1.0461435711962717,1.2598946892924838,0.7673166936862353,1.0461435711962717,1.2598946892924838
20230720,-0.0057851228374063,-0.0073236356248197,-0.0071501532175688,-0.0057851228374063,-0.0073236356248197,0.0,0.0,0.0,0.0,1.0400915021313384,1.2506676796624603,0.7618302617599804,1.0400915021313384,1.2506676796624603
20230721,0.0084489423076195,-0.0012909360577695,0.0005144032921811,0.0084489423076195,-0.0012909360577695,0.0,0.0,0.0,0.0,1.0488791752274913,1.249053147658497,0.7622221497547129,1.0488791752274913,1.249053147658497
20230724,0.0052234816473073,-0.0018907524342338,-0.0043701799485861,0.0052234816473073,-0.0018907524342338,0.0,0.0,0.0,0.0,1.054357976349535,1.2466914973790744,0.7588911017994867,1.054357976349535,1.2466914973790744
20230725,0.0031064083015328,0.0160293465302031,0.0289181513038987,0.0031064083015328,0.0160293465302031,0.0,0.0,0.0,0.0,1.0576332427200545,1.2666751474068212,0.7808368295045067,1.0576332427200545,1.2666751474068212
20230726,0.0123162226859531,-0.0017042089927967,-0.002258469259724,0.0123162226859531,-0.0017042089927967,0.0,0.0,0.0,0.0,1.0706592892574613,1.2645164682296584,0.7790733335282105,1.0706592892574613,1.2645164682296584
20230727,-0.0015296115392102,-0.0038190224567565,-0.0010060362173036,-0.0015296115392102,-0.0038190224567565,0.0,0.0,0.0,0.0,1.0690215964540506,1.2596872514405508,0.7782895575387457,1.0690215964540506,1.2596872514405508
20230728,0.022663557462594,0.0100234047709285,0.02416918429003,0.022663557462594,0.0100234047709285,0.0,0.0,0.0,0.0,1.0932494288340409,1.2723136066465177,0.7971001812859057,1.0932494288340409,1.2723136066465177
20230731,0.0264324237044044,0.0108401169953144,0.0039331366764994,0.0264324237044044,0.0108401169953144,0.0,0.0,0.0,0.0,1.1221466609515804,1.2861056349972966,0.8002352852437655,1.1221466609515804,1.2861056349972966
20230801,-0.0174965733787744,-0.0067842020739722,-0.0044074436826639,-0.0174965733787744,-0.0067842020739722,0.0,0.0,0.0,0.0,1.1025129395564943,1.2773804344810005,0.7967082932911732,1.1025129395564943,1.2773804344810005
20230802,-0.0066691383179137,-0.0022733392192751,-0.0071323167732414,-0.0066691383179137,-0.0022733392192751,0.0,0.0,0.0,0.0,1.0951601282653025,1.2744765154413602,0.791025917367552,1.0951601282653025,1.2744765154413602
20230803,0.0033592652220244,-0.0028474681979968,0.0089175130047065,0.0033592652220244,-0.0028474681979968,0.0,0.0,0.0,0.0,1.098839061596732,1.2708474840945472,0.7980799012727371,1.098839061596732,1.2708474840945472
20230804,-0.0071405220080281,-0.0047878973085702,0.0051559047385218,-0.0071405220080281,-0.0047878973085702,0.0,0.0,0.0,0.0,1.0909927770941197,1.2647627968458477,0.8021947252174283,1.0909927770941197,1.2647627968458477
20230807,-0.0115018089437165,-0.0051680784791273,-0.0075720566682951,-0.0115018089437165,-0.0051680784791273,0.0,0.0,0.0,0.0,1.0784443866130085,1.2582264034542678,0.7961204612990745,1.0784443866130085,1.2582264034542678
20230808,-0.0184910518902024,-0.0010064950107245,-0.0036918533103618,-0.0184910518902024,-0.0010064950107245,0.0,0.0,0.0,0.0,1.0585028154994498,1.2569600048568292,0.7931813013385808,1.0585028154994498,1.2569600048568292
20230809,-0.0130884075269301,-0.0089270145191663,-0.0019762845849802,-0.0130884075269301,-0.0089270145191663,0.0,0.0,0.0,0.0,1.04464869928179,1.245739104643461,0.7916137493596508,1.04464869928179,1.245739104643461
20230810,0.0016894863696874,0.0025672440090328,0.0012376237623761,0.0016894863696874,0.0025672440090328,0.0,0.0,0.0,0.0,1.0464136190203384,1.2489372208966747,0.792593469346482,1.0464136190203384,1.2489372208966747
20230811,-0.0204737404984906,-0.0170920432666209,-0.0234857849196538,-0.0204737404984906,-0.0170920432666209,0.0,0.0,0.0,0.0,1.0249896181304294,1.2275903318798154,0.7739787895966883,1.0249896181304294,1.2275903318798154
20230814,-0.009130769811386,0.0047588169630677,-0.0068354430379746,-0.009130769811386,0.0047588169630677,0.0,0.0,0.0,0.0,1.01563067386822,1.2334322095748629,0.7686883016677997,1.01563067386822,1.2334322095748629
20230815,-0.0035254686924122,-0.0064118848569429,-0.0010196278358399,-0.0035254686924122,-0.0064118848569429,0.0,0.0,0.0,0.0,1.012050099724444,1.2255235842682242,0.7679045256783347,1.012050099724444,1.2255235842682242
20230816,-0.0044527822478175,-0.0069782038418994,-0.0076550140341923,-0.0044527822478175,-0.0069782038418994,0.0,0.0,0.0,0.0,1.007543661006489,1.2169716308841454,0.7620262057573473,1.007543661006489,1.2169716308841454
20230817,0.0079699849268479,0.0150014883111266,0.003342761635382,0.0079699849268479,0.0150014883111266,0.0,0.0,0.0,0.0,1.0155737687978519,1.2352280165798266,0.7645734777231087,1.0155737687978519,1.2352280165798266
20230818,-0.0282187843340283,-0.0134480641478969,-0.0128139415684266,-0.0282187843340283,-0.0134480641478969,0.0,0.0,0.0,0.0,0.986915511640849,1.2186165909755817,0.7547762778547961,0.986915511640849,1.2186165909755817
20230821,-0.0030190016146308,-0.0030534916493241,-0.0134994807892003,-0.0030190016146308,-0.0030534916493241,0.0,0.0,0.0,0.0,0.9839360121177011,1.21489555539131,0.7445871899917511,0.9839360121177011,1.21489555539131
20230822,-0.0057746195516836,0.0015361634163185,0.0060526315789475,-0.0057746195516836,0.0015361634163185,0.0,0.0,0.0,0.0,0.9782541559845207,1.2167618334981498,0.749093901931175,0.9782541559845207,1.2167618334981498
20230823,-0.0236372248587528,-0.0158192731652593,-0.0143866073764061,-0.0236372248587528,-0.0158192731652593,0.0,0.0,0.0,0.0,0.9551309425305052,1.1975135456769808,0.7383169820760311,0.9551309425305052,1.1975135456769808
20230824,-0.0015165226234001,-0.0030435244630601,0.0061040339702762,-0.0015165226234001,-0.0030435244630601,0.0,0.0,0.0,0.0,0.9536824648478482,1.193868883905867,0.7428236940154551,0.9536824648478482,1.193868883905867
20230825,-0.0206613604144044,-0.01652850484126,-0.0018464785017145,-0.0206613604144044,-0.01652850484126,0.0,0.0,0.0,0.0,0.9339780877207293,1.1741360162783994,0.7414520860338915,0.9339780877207293,1.1741360162783994
20230828,0.0075607779719685,0.0113028450720371,0.0140063424947147,0.0075607779719685,0.0113028450720371,0.0,0.0,0.0,0.0,0.9410396886726694,1.187407093763893,0.7518371178943029,0.9410396886726694,1.187407093763893
20230829,0.0352812718039201,0.0333719032121136,0.0057336460776646,0.0352812718039201,0.0333719032121136,0.0,0.0,0.0,0.0,0.9742407657070062,1.2270331283703586,0.7561478858363603,0.9742407657070062,1.2270331283703586
20230830,0.0109466369982867,0.0076527756179589,-0.0002591344908006,0.0109466369982867,0.0076527756179589,0.0,0.0,0.0,0.0,0.9849054257181337,1.2364233375775793,0.7559519418389941,0.9849054257181337,1.2364233375775793
20230831,-0.0119540997360702,-0.0070308521224375,-0.0049248315189217,-0.0119540997360702,-0.0070308521224375,0.0,0.0,0.0,0.0,0.9731317680285024,1.2277302279303408,0.7522290058890354,0.9731317680285024,1.2277302279303408
20230901,0.0186605481371895,0.0032771790337036,0.0059911435269603,0.0186605481371895,0.0032771790337036,0.0,0.0,0.0,0.0,0.9912909402296267,1.2317537196923583,0.7567357178284594,0.9912909402296267,1.2317537196923583
20230904,0.0162544231203146,0.0180787175316616,0.0150181253236663,0.0162544231203146,0.0180787175316616,0.0,0.0,0.0,0.0,1.0074038026074534,1.25402224725925,0.7681004696757018,1.0074038026074534,1.25402224725925
20230905,-0.0173555959105279,-0.0076879975898722,-0.0068877551020408,-0.0173555959105279,-0.0076879975898722,0.0,0.0,0.0,0.0,0.9899197092906692,1.2443813272446747,0.762809981746813,0.9899197092906692,1.2443813272446747
20230906,-0.0023299623618903,0.0039255709278365,-0.0025687130747495,-0.0023299623618903,0.0039255709278365,0.0,0.0,0.0,0.0,0.9876132336267285,1.249266234406049,0.7608505417731506,0.9876132336267285,1.249266234406049
20230907,-0.0160539870775686,-0.0161935032884438,-0.0136492402781354,-0.0160539870775686,-0.0161935032884438,0.0,0.0,0.0,0.0,0.9717581035364493,1.2290362375310528,0.7504655099127393,0.9717581035364493,1.2290362375310528
20230908,0.0027518004405203,0.0002885329015445,-0.0054830287206267,0.0027518004405203,0.0002885329015445,0.0,0.0,0.0,0.0,0.97443218791384,1.229390854922771,0.746350685968048,0.97443218791384,1.229390854922771
20230911,0.0078902607949412,0.0077789914852286,0.0073510107639802,0.0078902607949412,0.0077789914852286,0.0,0.0,0.0,0.0,0.9821207120034653,1.2389542759152332,0.7518371178943032,0.9821207120034653,1.2389542759152332
20230912,-0.0032757473321754,0.0002232851192074,-0.0013031013812876,-0.0032757473321754,0.0002232851192074,0.0,0.0,0.0,0.0,0.9789035327012457,1.2392309159684236,0.7508573979074717,0.9789035327012457,1.2392309159684236
20230913,-0.0078780543729654,-0.0099890189386718,-0.0065240083507306,-0.0078780543729654,-0.0099890189386718,0.0,0.0,0.0,0.0,0.9711916774447374,1.2268522148794274,0.7459587979733155,0.9711916774447374,1.2268522148794274
20230914,-0.0049805381870432,-0.0083192033705928,-0.0007880220646178,-0.0049805381870432,-0.0083192033705928,0.0,0.0,0.0,0.0,0.9663546202082853,1.2166457817981833,0.7453709659812168,0.9663546202082853,1.2166457817981833
20230915,-0.0048763001872166,0.0019659017256501,-0.0044689800210305,-0.0048763001872166,0.0019659017256501,0.0,0.0,0.0,0.0,0.961642384992846,1.2190375878401254,0.7420399180259906,0.961642384992846,1.2190375878401254
20230918,0.0143106237496698,0.0106957338729585,0.0034327964087668,0.0143106237496698,0.0106957338729585,0.0,0.0,0.0,0.0,0.9754040873462138,1.2320760894607967,0.7445871899917518,0.9754040873462138,1.2320760894607967
20230919,-0.0175557813025297,-0.0098587706642829,-0.0013157894736841,-0.0175557813025297,-0.0098587706642829,0.0,0.0,0.0,0.0,0.9582801065071701,1.2199293338538562,0.7436074700049207,0.9582801065071701,1.2199293338538562
20230920,-0.0080620992996683,-0.0079536648293229,-0.0047430830039525,-0.0080620992996683,-0.0079536648293229,0.0,0.0,0.0,0.0,0.9505543571316126,1.2102264248169234,0.7400804780523281,0.9505543571316126,1.2102264248169234
20230921,-0.0131812298168691,-0.00980926182439,-0.0092666137145882,-0.0131812298168691,-0.00980926182439,0.0,0.0,0.0,0.0,0.9380248816968346,1.1983549969490987,0.7332224381445095,0.9380248816968346,1.1983549969490987
20230922,0.0227384740486586,0.0165174461158848,0.0200427578834847,0.0227384740486586,0.0165174461158848,0.0,0.0,0.0,0.0,0.9593541361262943,1.2181487610389068,0.7479182379469783,0.9593541361262943,1.2181487610389068
20230925,-0.0116244000843356,-0.0065818445520309,-0.0073356038773905,-0.0116244000843356,-0.0065818445520309,0.0,0.0,0.0,0.0,0.9482022198254001,1.2101310952524997,0.7424318060207233,0.9482022198254001,1.2101310952524997
20230926,-0.0063148406790698,-0.0047598890408764,-0.0055423594615994,-0.0063148406790698,-0.0047598890408764,0.0,0.0,0.0,0.0,0.9422144738756624,1.2043710055141836,0.738316982076032,0.9422144738756624,1.2043710055141836
20230927,0.006005095141954,0.0041118976424352,0.0026539278131636,0.006005095141954,0.0041118976424352,0.0,0.0,0.0,0.0,0.9478725614354118,1.2093232558123748,0.7402764220496947,0.9478725614354118,1.2093232558123748
20230928,0.0150554744358572,0.0141239237825427,-0.003705664372684,0.0150554744358572,0.0141239237825427,0.0,0.0,0.0,0.0,0.9621432325525532,1.2264036453059253,0.7375332060865671,0.9621432325525532,1.2264036453059253
20231009,-0.0130904665294762,-0.0036158822203538,-0.0026567481402762,-0.0130904665294762,-0.0036158822203538,0.0,0.0,0.0,0.0,0.949548328770262,1.2219691141698865,0.7355737661129047,0.949548328770262,1.2219691141698865
20231010,-0.0041457039254397,-0.0046935344277485,-0.0071923281832712,-0.0041457039254397,-0.0046935344277485,0.0,0.0,0.0,0.0,0.9456117825362844,1.216233760062885,0.730283278184016,0.9456117825362844,1.216233760062885
20231011,0.00876833201584,0.0028759234014721,0.0021464985242822,0.00876833201584,0.0028759234014721,0.0,0.0,0.0,0.0,0.9539032206036528,1.2197315551951102,0.7318508301629459,0.9539032206036528,1.2197315551951102
20231012,0.0025421262234492,0.0102532730490403,0.0096385542168675,0.0025421262234492,0.0102532730490403,0.0,0.0,0.0,0.0,0.9563281629953821,1.2322377958770563,0.738904814068131,0.9563281629953821,1.2322377958770563
20231013,-0.0144717932222269,-0.0038955069364605,-0.009281357730045,-0.0144717932222269,-0.0038955069364605,0.0,0.0,0.0,0.0,0.9424883795679209,1.2274376049958484,0.7320467741603123,0.9424883795679209,1.2274376049958484
20231016,0.0013453143503404,0.0021804712947326,-0.0115096359743042,0.0013453143503404,0.0021804712947326,0.0,0.0,0.0,0.0,0.9437563227099827,1.2301139974596174,0.7236211822735634,0.9437563227099827,1.2301139974596174
20231017,-0.0013583027202482,0.0003287304340649,0.0032493907392363,-0.0013583027202482,0.0003287304340649,0.0,0.0,0.0,0.0,0.9424744159295942,1.2305183733679517,0.7259725102419584,0.9424744159295942,1.2305183733679517
20231018,-0.0106852779220257,-0.0147072902418639,-0.0075573549257759,-0.0106852779220257,-0.0147072902418639,0.0,0.0,0.0,0.0,0.9324038148609877,1.212420782502883,0.7204860783157034,0.9324038148609877,1.212420782502883
20231019,-0.0156881868668447,-0.0088814506590386,-0.0209409844982322,-0.0156881868668447,-0.0088814506590386,0.0,0.0,0.0,0.0,0.9177760895780896,1.2016527271450907,0.7053983905185022,0.9177760895780896,1.2016527271450907
20231020,-0.0078753341943856,0.0036694446116924,-0.0050000000000001,-0.0078753341943856,0.0036694446116924,0.0,0.0,0.0,0.0,0.9105482961570458,1.206062125269839,0.7018713985659096,0.9105482961570458,1.206062125269839
20231023,-0.0242782197569472,-0.0142066422084855,-0.0106085985482969,-0.0242782197569472,-0.0142066422084855,0.0,0.0,0.0,0.0,0.8884418045236312,1.1889280321749247,0.6944255266659922,0.8884418045236312,1.1889280321749247
20231024,0.0277221858306744,0.0290741696166445,0.0014108352144468,0.0277221858306744,0.0290741696166445,0.0,0.0,0.0,0.0,0.9130713533283751,1.223495127444362,0.6954052466528234,0.9130713533283751,1.223495127444362
20231025,0.0156440258504621,0.0191401496109088,0.0056353902507748,0.0156440258504621,0.0191401496109088,0.0,0.0,0.0,0.0,0.9273554651831607,1.2469130072318648,0.6993241266001484,0.9273554651831607,1.2469130072318648
20231026,0.012007673640048,0.0070811818317117,0.0036424768842813,0.012007673640048,0.0070811818317117,0.0,0.0,0.0,0.0,0.938490846957395,1.2557426249644001,0.7018713985659096,0.938490846957395,1.2557426249644001
20231027,0.0255391840286039,0.017585284944558,0.015075376884422,0.0255391840286039,0.017585284944558,0.0,0.0,0.0,0.0,0.9624591374070003,1.2778252168414261,0.7124523744236871,0.9624591374070003,1.2778252168414261
20231030,-0.0097793945956607,0.0111881848766808,0.0044004400440045,-0.0097793945956607,0.0111881848766808,0.0,0.0,0.0,0.0,0.953046869720098,1.292121761607533,0.7155874783815472,0.953046869720098,1.292121761607533
20231031,-0.0007528773889457,0.0004120798844827,-0.0021905805038334,-0.0007528773889457,0.0004120798844827,0.0,0.0,0.0,0.0,0.9523293422812803,1.2926542189937937,0.7140199264026174,0.9523293422812803,1.2926542189937937
20231101,0.0070497623839422,-0.0052042816436657,-0.0005488474204171,0.0070497623839422,-0.0052042816436657,0.0,0.0,0.0,0.0,0.9590430378556194,1.2859268823702772,0.7136280384078849,0.9590430378556194,1.2859268823702772
20231102,-0.0089062530901141,0.0017431392664496,-0.0046677649643053,-0.0089062530901141,0.0017431392664496,0.0,0.0,0.0,0.0,0.9505015578361654,1.2881684320127198,0.7102969904526587,0.9505015578361654,1.2881684320127198
20231103,0.0093628676998913,0.0104503444995475,0.0077241379310344,0.0093628676998913,0.0104503444995475,0.0,0.0,0.0,0.0,0.9594009781707261,1.3016302359006946,0.7157834223789137,0.9594009781707261,1.3016302359006946
20231106,0.0100706534829282,0.0294929324556741,0.013139885026006,0.0100706534829282,0.0294929324556741,0.0,0.0,0.0,0.0,0.9690627729730659,1.3400191285303769,0.7251887342524937,0.9690627729730659,1.3400191285303769
20231107,0.0033672258265168,0.021215055603147,-0.0029721696838693,0.0033672258265168,0.021215055603147,0.0,0.0,0.0,0.0,0.9723258261697367,1.3684477088514293,0.723033350281465,0.9723258261697367,1.3684477088514293
20231108,0.0038598361248342,0.002749504661735,-0.0029810298102982,0.0038598361248342,0.002749504661735,0.0,0.0,0.0,0.0,0.9760788445186959,1.3722102622062569,0.7208779663104361,0.9760788445186959,1.3722102622062569
20231109,-0.0059086990130982,-0.0265279125004142,0.0008154389779833,-0.0059086990130982,-0.0265279125004142,0.0,0.0,0.0,0.0,0.9703114884133822,1.3358083884382788,0.721465798302535,0.9703114884133822,1.3358083884382788
20231110,0.0139805076425604,-0.0061052468752565,-0.0073329712112982,0.0139805076425604,-0.0061052468752565,0.0,0.0,0.0,0.0,0.9838769355928095,1.3276529484488246,0.7161753103736462,0.9838769355928095,1.3276529484488246
20231113,0.022181943744573,0.0051043739900581,-0.0013679890560875,0.022181943744573,0.0051043739900581,0.0,0.0,0.0,0.0,1.0057012384297122,1.3344297856267107,0.715195590386815,1.0057012384297122,1.3344297856267107
20231114,0.0232148633420462,0.0054907112796729,0.0,0.0232148633420462,0.0054907112796729,0.0,0.0,0.0,0.0,1.0290484552427845,1.3417567543025828,0.715195590386815,1.0290484552427845,1.3417567543025828
20231115,0.0144018905615049,0.0069519874821492,0.0068493150684931,0.0144018905615049,0.0069519874821492,0.0,0.0,0.0,0.0,1.0438686984776768,1.3510846304625834,0.7200941903209713,1.0438686984776768,1.3510846304625834
20231116,-0.0017517044731533,-0.0043440017356245,-0.009795918367347,-0.0017517044731533,-0.0043440017356245,0.0,0.0,0.0,0.0,1.0420401490091689,1.3452155164828783,0.7130402064157862,1.0420401490091689,1.3452155164828783
20231117,0.0188431530555138,0.0071560167205917,-0.0013740038472107,0.0188431530555138,0.0071560167205917,0.0,0.0,0.0,0.0,1.061675471026939,1.3548419012116293,0.712060486428955,1.061675471026939,1.3548419012116293
20231120,0.0221483725487083,0.0124530351305224,0.0030269675288938,0.0221483725487083,0.0124530351305224,0.0,0.0,0.0,0.0,1.0851898548850691,1.3717137950037213,0.7142158703999838,1.0851898548850691,1.3717137950037213
20231121,0.002028777807844,0.0052729455395616,0.0013717421124828,0.002028777807844,0.0052729455395616,0.0,0.0,0.0,0.0,1.0873914639799576,1.3789467671406415,0.715195590386815,1.0873914639799576,1.3789467671406415
20231122,-0.0114659508731676,-0.0125819382221441,-0.0106849315068491,-0.0114659508731676,-0.0125819382221441,0.0,0.0,0.0,0.0,1.0749234868740616,1.3615969441048525,0.7075537744895314,1.0749234868740616,1.3615969441048525
20231123,0.0134475674506495,0.0091921186690156,0.0052617003600108,0.0134475674506495,0.0091921186690156,0.0,0.0,0.0,0.0,1.089378592968088,1.3741129047944334,0.7112767104394899,1.089378592968088,1.3741129047944334
20231124,-0.0104352924827478,-0.0133248481551572,-0.0068870523415978,-0.0104352924827478,-0.0133248481551572,0.0,0.0,0.0,0.0,1.0780106087260217,1.3558030589900056,0.7063781105053336,1.0780106087260217,1.3558030589900056
20231127,-0.012563910033634,-0.0085211178010242,-0.0066574202496533,-0.012563910033634,-0.0085211178010242,0.0,0.0,0.0,0.0,1.064466580422685,1.3442501014093629,0.7016754545685435,1.064466580422685,1.3442501014093629
20231128,0.0031720465610695,0.0056484463647034,0.001117006422787,0.0031720465610695,0.0056484463647034,0.0,0.0,0.0,0.0,1.067843117978488,1.3518430260079206,0.7024592305580086,1.067843117978488,1.3518430260079206
20231129,0.0065498482121467,-0.0068360511717857,-0.007531380753138,0.0065498482121467,-0.0068360511717857,0.0,0.0,0.0,0.0,1.0748373283156325,1.3426017579059089,0.69716874262912,1.0748373283156325,1.3426017579059089
20231130,-0.0026773356196767,-0.0060777762106569,0.0011242270938729,-0.0026773356196767,-0.0060777762106569,0.0,0.0,0.0,0.0,1.071959628051175,1.3344417248813223,0.697952518618585,1.071959628051175,1.3344417248813223
20231201,-0.0005705175132759,0.0085098746546737,-0.0039303761931497,-0.0005705175132759,0.0085098746546737,0.0,0.0,0.0,0.0,1.071348056309847,1.3457976566940288,0.6952093026554576,1.071348056309847,1.3457976566940288
20231204,-0.0090498522000854,0.0022657882895824,-0.0067643742953777,-0.0090498522000854,0.0022657882895824,0.0,0.0,0.0,0.0,1.0616525147453941,1.3488469492647137,0.6905066467186676,1.0616525147453941,1.3488469492647137
20231205,-0.0163177424189321,-0.015349139266138,-0.0187287173666287,-0.0163177424189321,-0.015349139266138,0.0,0.0,0.0,0.0,1.0443287424713672,1.3281433095917443,0.6775743428924951,1.0443287424713672,1.3281433095917443
20231206,-0.003679682464858,0.0074802429085542,0.0014459224985541,-0.003679682464858,0.0074802429085542,0.0,0.0,0.0,0.0,1.0404859443101482,1.3380781441648615,0.6785540628793264,1.0404859443101482,1.3380781441648615
20231207,-0.0123364633153282,-0.0060632672077319,-0.0025989026855328,-0.0123364633153282,-0.0060632672077319,0.0,0.0,0.0,0.0,1.0276500276280514,1.329965018831964,0.6767905669030302,1.0276500276280514,1.329965018831964
20231208,-0.02592030006787,-0.0110859560554626,0.0020266357845974,-0.02592030006787,-0.0110859560554626,0.0,0.0,0.0,0.0,1.0010130305471774,1.3152210850778905,0.6781621748845938,1.0010130305471774,1.3152210850778905
20231211,0.0070043348862418,0.0139790744340451,0.0069344120196472,0.0070043348862418,0.0139790744340451,0.0,0.0,0.0,0.0,1.0080244610386218,1.3336066585234199,0.6828648308213837,1.0080244610386218,1.3336066585234199
20231212,0.0083366442110247,0.0056923928378561,0.0022955523672885,0.0083366442110247,0.0056923928378561,0.0,0.0,0.0,0.0,1.0164280023263106,1.3411980715149157,0.6844323828003138,1.0164280023263106,1.3411980715149157
20231213,-0.0136475389234382,-0.0073111486868733,-0.0166046378471229,-0.0136475389234382,-0.0073111486868733,0.0,0.0,0.0,0.0,1.0025562616016896,1.3313923729955224,0.6730676309530712,1.0025562616016896,1.3313923729955224
20231214,-0.0020506317763006,1.3584814683143562e-05,-0.0046579330422124,-0.0020506317763006,1.3584814683143562e-05,0.0,0.0,0.0,0.0,1.00050038787412,1.33141045971418,0.6699325269952112,1.00050038787412,1.33141045971418
20231215,7.059257404167874e-05,-0.0019317132479108,-0.0020473822755191,7.059257404167874e-05,-0.0019317132479108,0.0,0.0,0.0,0.0,1.0005710157718297,1.3288385564907432,0.6685609190136474,1.0005710157718297,1.3288385564907432
20231218,-0.0161875658474307,-0.0023628951664518,-0.0041031652989447,-0.0161875658474307,-0.0023628951664518,0.0,0.0,0.0,0.0,0.9843742065689925,1.3256986502886163,0.66581770305052,0.9843742065689925,1.3256986502886163
20231219,0.0015581091547512,-5.864906602192079e-05,0.0005885815185402,0.0015581091547512,-5.864906602192079e-05,0.0,0.0,0.0,0.0,0.9859079690319487,1.3256208993009504,0.6662095910452525,0.9859079690319487,1.3256208993009504
20231220,-0.0123282470069033,-0.0083525453468127,-0.0091176470588234,-0.0123282470069033,-0.0083525453468127,0.0,0.0,0.0,0.0,0.9737534520636485,1.3145485906268566,0.6601353271268987,0.9737534520636485,1.3145485906268566
20231221,0.0108949797200223,0.0139134214647914,0.0092015434847134,0.0108949797200223,0.0139134214647914,0.0,0.0,0.0,0.0,0.9843624761761838,1.3328384592041955,0.6662095910452525,0.9843624761761838,1.3328384592041955
20231222,-0.0176563267554637,-0.0106330256209773,0.0017647058823531,-0.0176563267554637,-0.0106330256209773,0.0,0.0,0.0,0.0,0.9669822506509997,1.3186663537188534,0.6673852550294501,0.9669822506509997,1.3186663537188534
20231225,-0.0011685734696355,0.007781373789322,0.0026423957721666,-0.0011685734696355,0.007781373789322,0.0,0.0,0.0,0.0,0.9658522608472806,1.328927389520542,0.6691487510057463,0.9658522608472806,1.328927389520542
20231226,-0.0128525370120409,-0.0035993632495687,-0.0058565153733528,-0.0128525370120409,-0.0035993632495687,0.0,0.0,0.0,0.0,0.9534386089165775,1.3241440971133565,0.6652298710584214,0.9534386089165775,1.3241440971133565
20231227,0.0135531088721119,-0.0046510380847974,0.0029455081001472,0.0135531088721119,-0.0046510380847974,0.0,0.0,0.0,0.0,0.9663606661860988,1.3179854524879226,0.6671893110320839,0.9663606661860988,1.3179854524879226
20231228,0.0152666888416651,0.0118689165772578,0.024669603524229,0.0152666888416651,0.0118689165772578,0.0,0.0,0.0,0.0,0.9811137937855862,1.3336285118735411,0.6836486068108489,0.9811137937855862,1.3336285118735411
20231229,0.0129395949999135,0.0116460190703258,0.00286615075953,0.0129395949999135,0.0116460190703258,0.0,0.0,0.0,0.0,0.9938090089260004,1.3491599749555507,0.6856080467845115,0.9938090089260004,1.3491599749555507
20240102,0.0035768244578608,-0.0003921207056136,-0.0131466133180909,0.0035768244578608,-0.0003921207056136,0.0,0.0,0.0,0.0,0.9973636892955694,1.3486309413941855,0.676594622905664,0.9973636892955694,1.3486309413941855
20240103,-0.008451802346552,-0.0075117951328708,-0.002896032435563,-0.008451802346552,-0.0075117951328708,0.0,0.0,0.0,0.0,0.9889341685260153,1.3385003020525816,0.6746351829320016,0.9889341685260153,1.3385003020525816
20240104,0.0028915202150023,-0.0042048565187693,-0.0087133313970376,0.0028915202150023,-0.0042048565187693,0.0,0.0,0.0,0.0,0.9917936916656149,1.3328721003321211,0.668756863011014,0.9917936916656149,1.3328721003321211
20240105,-0.0253196344831635,-0.022699530770683,-0.0049809551714035,-0.0253196344831635,-0.022699530770683,0.0,0.0,0.0,0.0,0.9666818379099341,1.3026165290772473,0.6654258150557877,0.9666818379099341,1.3026165290772473
20240108,-0.0097326650737023,-0.0146173173211387,-0.0138398115429915,-0.0097326650737023,-0.0146173173211387,0.0,0.0,0.0,0.0,0.9572734473487258,1.283575769923965,0.6562164471795741,0.9572734473487258,1.283575769923965
20240109,0.0118805589184669,0.0054271599953626,0.0023887727679903,0.0118805589184669,0.0054271599953626,0.0,0.0,0.0,0.0,0.9686463909410363,1.290541940993513,0.6577839991585039,0.9686463909410363,1.290541940993513
20240110,0.0153753857375007,-0.0087758578365027,-0.0047661602621388,0.0153753857375007,-0.0087758578365027,0.0,0.0,0.0,0.0,0.9835397028449927,1.2792163283873097,0.654648895200644,0.9835397028449927,1.2792163283873097
20240111,0.0089527201832249,0.0177468122806836,0.0056869200838072,0.0089527201832249,0.0177468122806836,0.0,0.0,0.0,0.0,0.9923450585936561,1.3019183404335846,0.6583718311506027,0.9923450585936561,1.3019183404335846
20240112,-0.0122834877145569,-0.0082170436067706,-0.0032738095238094,-0.0122834877145569,-0.0082170436067706,0.0,0.0,0.0,0.0,0.9801556002578197,1.2912204206577875,0.6562164471795741,0.9801556002578197,1.2912204206577875
20240115,0.0100095185234622,-0.0004539093114444,-0.0011943863839951,0.0100095185234622,-0.0004539093114444,0.0,0.0,0.0,0.0,0.9899664858944754,1.2906343236857238,0.6554326711901092,0.9899664858944754,1.2906343236857238
20240116,0.003848573836573,-0.0064026651892959,0.0065769805680118,0.003848573836573,-0.0064026651892959,0.0,0.0,0.0,0.0,0.993776445011173,1.2823708242293508,0.6597434391321666,0.993776445011173,1.2823708242293508
20240117,-0.0327569008434855,-0.0235783096491756,-0.0222750222750223,-0.0327569008434855,-0.0235783096491756,0.0,0.0,0.0,0.0,0.9612234085413505,1.2521346878506026,0.6450476393296978,0.9612234085413505,1.2521346878506026
20240118,-0.0137196155661231,-0.0094722977047932,0.0139489671931953,-0.0137196155661231,-0.0094722977047932,0.0,0.0,0.0,0.0,0.9480357929030047,1.2402740953207834,0.6540453876887559,0.9480357929030047,1.2402740953207834
20240119,-0.0100639184204873,-0.0148143028783897,0.0021419828641371,-0.0100639184204873,-0.0148143028783897,0.0,0.0,0.0,0.0,0.9384948380235268,1.2219002992204806,0.6554463417015531,0.9384948380235268,1.2219002992204806
20240122,-0.0587556470200498,-0.059095382681305,-0.0210687022900762,-0.0587556470200498,-0.059095382681305,0.0,0.0,0.0,0.0,0.8833529665904777,1.1496916334396452,0.6416369378611235,0.8833529665904777,1.1496916334396452
20240123,-0.0124988128820854,0.0023384994135715,0.0068621334996881,-0.0124988128820854,0.0023384994135715,0.0,0.0,0.0,0.0,0.8723121031522283,1.152380186650232,0.6460399361870577,0.8723121031522283,1.152380186650232
20240124,0.0305226452024225,0.0164385335056005,0.015799256505576,0.0305226452024225,0.0164385335056005,0.0,0.0,0.0,0.0,0.8989373759825228,1.1713236269596718,0.6562468868517229,0.8989373759825228,1.1713236269596718
20240125,0.0275040206188358,0.0337059747124875,0.0170783775541323,0.0275040206188358,0.0337059747124875,0.0,0.0,0.0,0.0,0.9236617681065882,1.2108042315101137,0.6674545189541006,0.9236617681065882,1.2108042315101137
20240126,-0.0046425852790685,-0.0035305616458024,-0.001799100449775,-0.0046425852790685,-0.0035305616458024,0.0,0.0,0.0,0.0,0.9193735895791382,1.2065294125297688,0.6662537012288459,0.9193735895791382,1.2065294125297688
20240129,-0.0369538584898872,-0.0285732507747541,-0.0090117152297987,-0.0369538584898872,-0.0285732507747541,0.0,0.0,0.0,0.0,0.8853991880504911,1.1720549450584388,0.6602496126025721,0.8853991880504911,1.1720549450584388
20240130,-0.0354549146007589,-0.0356255897222397,-0.0169748408608668,-0.0354549146007589,-0.0356255897222397,0.0,0.0,0.0,0.0,0.8540074354505797,1.1302997964538646,0.6490419805001945,0.8540074354505797,1.1302997964538646
20240131,-0.0578732025382797,-0.048600452639994,-0.0064754856614246,-0.0578732025382797,-0.048600452639994,0.0,0.0,0.0,0.0,0.8045832901695514,1.0753667147273136,0.6448391184618028,0.8045832901695514,1.0753667147273136
20240201,-0.0184018424204937,-0.0146519646094152,-0.0012414649286157,-0.0184018424204937,-0.0146519646094152,0.0,0.0,0.0,0.0,0.789777475249689,1.059610479680986,0.644038573311633,0.789777475249689,1.059610479680986
20240202,-0.0307941422617143,-0.0388591125324912,-0.0093225605966438,-0.0307941422617143,-0.0388591125324912,0.0,0.0,0.0,0.0,0.7654569553217525,1.0184349568104556,0.6380344846853592,0.7654569553217525,1.0184349568104556
20240205,-0.0874635082360824,-0.0826009148067346,0.0062735257214554,-0.0874635082360824,-0.0826009148067346,0.0,0.0,0.0,0.0,0.6985074046056019,0.9343112977067547,0.6420372104362083,0.6985074046056019,0.9343112977067547
20240206,-0.0053934993768983,0.021070247669572,0.0321072319201993,-0.0053934993768983,0.021070247669572,0.0,0.0,0.0,0.0,0.6947400053541027,0.9539974681499154,0.6626512480530815,0.6947400053541027,0.9539974681499154
20240207,-0.0232486270207627,-0.0206278896826103,0.0087586831772878,-0.0232486270207627,-0.0206278896826103,0.0,0.0,0.0,0.0,0.6785882540932225,0.9343185136194294,0.6684552003918128,0.6785882540932225,0.9343185136194294
20240208,0.0669483616075188,0.0664744124589114,0.0065868263473054,0.0669483616075188,0.0664744124589114,0.0,0.0,0.0,0.0,0.7240186259108705,0.9964267878617644,0.672858198717747,0.7240186259108705,0.9964267878617644
20240219,0.0359091643892926,0.034960818896848,0.0080309339678761,0.0359091643892926,0.034960818896848,0.0,0.0,0.0,0.0,0.7500175297696137,1.0312626843361676,0.6782618784813933,0.7500175297696137,1.0312626843361676
20240220,0.0231308922045589,0.0159390854040308,0.0035408675125407,0.0231308922045589,0.0159390854040308,0.0,0.0,0.0,0.0,0.7673661044022442,1.047700068335792,0.6806635139319029,0.7673661044022442,1.047700068335792
20240221,0.0363766829518186,0.0190330472466329,0.0141134960305793,0.0363766829518186,0.0190330472466329,0.0,0.0,0.0,0.0,0.7952803378900568,1.0676409932367277,0.6902700557339411,0.7952803378900568,1.0676409932367277
20240222,0.0171683461928429,0.024557526299011,0.0075384169324441,0.0171683461928429,0.024557526299011,0.0,0.0,0.0,0.0,0.8089339860513144,1.093859615006041,0.695473599210045,0.8089339860513144,1.093859615006041
20240223,0.021966459152653,0.0273808645272792,0.0008633093525181,0.021966459152653,0.0273808645272792,0.0,0.0,0.0,0.0,0.8267034014131033,1.1238104369363833,0.6960740080726725,0.8267034014131033,1.1238104369363833
20240226,0.0167723504426016,0.0163198873906838,-0.0100632547441057,0.0167723504426016,0.0163198873906838,0.0,0.0,0.0,0.0,0.8405691605736946,1.1421508967156602,0.6890692380086865,0.8405691605736946,1.1421508967156602
20240227,0.0329649429364323,0.0275263391691411,0.0119082195759512,0.0329649429364323,0.0275263391691411,0.0,0.0,0.0,0.0,0.8682784749861312,1.173590129680994,0.6972748257979273,0.8682784749861312,1.173590129680994
20240228,-0.062204592266915,-0.0661293577531474,-0.0103329506314581,-0.062204592266915,-0.0661293577531474,0.0,0.0,0.0,0.0,0.8142675664754802,1.095981368139757,0.6900699194463987,0.8142675664754802,1.095981368139757
20240229,0.0376763378695016,0.0382522277327048,0.0159512761020881,0.0376763378695016,0.0382522277327048,0.0,0.0,0.0,0.0,0.8449461864261871,1.1379050970246405,0.7010774152612339,0.8449461864261871,1.1379050970246405
20240301,0.0069920656289489,0.0091784345932284,0.0077076791321724,0.0069920656289489,0.0091784345932284,0.0,0.0,0.0,0.0,0.8508541056146091,1.1483492845309824,0.7064810950248803,0.8508541056146091,1.1483492845309824
20240304,0.0080179367219503,0.0047902457296006,-0.0008498583569404,0.0080179367219503,0.0047902457296006,0.0,0.0,0.0,0.0,0.8576761999930387,1.1538501597872968,0.705880686162253,0.8576761999930387,1.1538501597872968
20240305,-0.001190701408736,-0.0135848117751383,0.0082222852282392,-0.001190701408736,-0.0135848117751383,0.0,0.0,0.0,0.0,0.8566549637334676,1.1381753225498732,0.7116846385009842,0.8566549637334676,1.1381753225498732
20240306,-0.0040737075136189,0.0057814340982484,-0.0039370078740158,-0.0040737075136189,0.0057814340982484,0.0,0.0,0.0,0.0,0.8531652019711277,1.144755608169448,0.7088827304753896,0.8531652019711277,1.144755608169448
20240307,-0.0076091001045292,-0.0083132219918434,-0.0053642010163746,-0.0076091001045292,-0.0083132219918434,0.0,0.0,0.0,0.0,0.8466733825436284,1.1352390006723279,0.7050801410120832,0.8466733825436284,1.1352390006723279
20240308,0.0086022745884113,0.0097589053746127,0.0028384899233604,0.0086022745884113,0.0097589053746127,0.0,0.0,0.0,0.0,0.8539566994669677,1.146317690657459,0.7070815038875076,0.8539566994669677,1.146317690657459
20240311,0.0200169629485806,0.0196424052256235,0.0135861873761677,0.0200169629485806,0.0196424052256235,0.0,0.0,0.0,0.0,0.8710503190798903,1.1688341272546536,0.7166880456895458,0.8710503190798903,1.1688341272546536
20240312,0.0173934918803181,0.0139212363317219,0.0013962580284836,0.0173934918803181,0.0139212363317219,0.0,0.0,0.0,0.0,0.8862009257321548,1.1851057433727474,0.7176887271272581,0.8862009257321548,1.1851057433727474
20240313,0.0057032072997904,-0.0007111439286763,-0.0058561070831009,0.0057032072997904,-0.0007111439286763,0.0,0.0,0.0,0.0,0.8912551133208715,1.1842629626185084,0.7134858650888665,0.8912551133208715,1.1842629626185084
20240314,-0.000132180617628,-0.0032247744487061,-0.0036465638148666,-0.000132180617628,-0.0032247744487061,0.0,0.0,0.0,0.0,0.8911373066695286,1.1804439816761072,0.7108840933508146,0.8911373066695286,1.1804439816761072
20240315,0.0271746532275853,0.0142913564479394,0.0025337837837835,0.0271746532275853,0.0142913564479394,0.0,0.0,0.0,0.0,0.9153536539564374,1.1973141273850654,0.7126853199386965,0.9153536539564374,1.1973141273850654
20240318,0.0115723377189758,0.01633504105715,0.0087054198258915,0.0115723377189758,0.01633504105715,0.0,0.0,0.0,0.0,0.9259464355723198,1.216872302814206,0.7188895448525128,0.9259464355723198,1.216872302814206
20240319,0.0045913368658605,-0.0021108835313269,-0.006403118040089,0.0045913368658605,-0.0021108835313269,0.0,0.0,0.0,0.0,0.9301977675777752,1.2143036271104677,0.7142864102390363,0.9301977675777752,1.2143036271104677
20240320,0.0150143239664107,0.0113396526818148,0.0008405715886803,0.0150143239664107,0.0113396526818148,0.0,0.0,0.0,0.0,0.9441640582130199,1.2280734084921683,0.7148868191016636,0.9441640582130199,1.2280734084921683
20240321,-0.0037599199431538,0.0016953047825731,-0.0005599104143336,-0.0037599199431538,0.0016953047825731,0.0,0.0,0.0,0.0,0.9406140769409357,1.230155367214936,0.7144865465265788,0.9406140769409357,1.230155367214936
20240322,-0.021034919770003,-0.0142975549371581,-0.0086834733893557,-0.021034919770003,-0.0142975549371581,0.0,0.0,0.0,0.0,0.9208283352979476,1.2125671532709403,0.7082823216127626,0.9208283352979476,1.2125671532709403
20240325,-0.0221372295281657,-0.0236249032839162,-0.0053687482339643,-0.0221372295281657,-0.0236249032839162,0.0,0.0,0.0,0.0,0.9004437470834182,1.1839203715496607,0.704479732149456,0.9004437470834182,1.1839203715496607
20240326,0.0090679740494447,0.0034575104232221,0.003125,0.0090679740494447,0.0034575104232221,0.0,0.0,0.0,0.0,0.9086089476149554,1.1880137885745587,0.7066812313124231,0.9086089476149554,1.1880137885745587
20240327,-0.0247609554584186,-0.0350887353262285,-0.010761823845936,-0.0247609554584186,-0.0350887353262285,0.0,0.0,0.0,0.0,0.8861109219339408,1.1463278871833562,0.6990760523858096,0.8861109219339408,1.1463278871833562
20240328,0.0132942005914614,0.0227216884281085,0.0048668766103634,0.0132942005914614,0.0227216884281085,0.0,0.0,0.0,0.0,0.8978910582764154,1.1723743922723884,0.7024783692740313,0.8978910582764154,1.1723743922723884
20240329,0.0066865211675414,0.0113808102588674,0.0045584045584046,0.0066865211675414,0.0113808102588674,0.0,0.0,0.0,0.0,0.9038948258437267,1.1857169627831956,0.7056805498747106,0.9038948258437267,1.1857169627831956
20240401,0.0224841954196702,0.0205494101601124,0.0164492342597843,0.0224841954196702,0.0205494101601124,0.0,0.0,0.0,0.0,0.9242181737468258,1.2100827469852302,0.7172884545521732,0.9242181737468258,1.2100827469852302
20240402,-0.0037275349098944,0.0002362459494982,-0.0033482142857141,-0.0037275349098944,0.0002362459494982,0.0,0.0,0.0,0.0,0.9207731182398257,1.2103686241327631,0.7148868191016639,0.9207731182398257,1.2103686241327631
20240403,0.0010260705026905,-0.0087497204649243,-0.003919372900336,0.0010260705026905,-0.0087497204649243,0.0,0.0,0.0,0.0,0.9217178963761219,1.1997782370120864,0.7120849110760694,0.9217178963761219,1.1997782370120864
20240408,-0.0229905056055157,-0.0219166805241036,-0.0081506464305789,-0.0229905056055157,-0.0219166805241036,0.0,0.0,0.0,0.0,0.9005271359127824,1.1734830806917202,0.7062809587373381,0.9005271359127824,1.1734830806917202
20240409,0.0048580727806095,0.0175465262468063,-0.0017001983564747,0.0048580727806095,0.0175465262468063,0.0,0.0,0.0,0.0,0.9049019622799607,1.1940736323672605,0.7050801410120835,0.9049019622799607,1.1940736323672605
20240410,-0.0246587956686801,-0.0236777717740352,-0.0073800738007381,-0.0246587956686801,-0.0236777717740352,0.0,0.0,0.0,0.0,0.8825881696919115,1.1658006294186753,0.6998765975359794,0.8825881696919115,1.1658006294186753
20240411,0.0024476667362764,-0.0019206334337884,-0.0008578781812981,0.0024476667362764,-0.0019206334337884,0.0,0.0,0.0,0.0,0.8847484513966976,1.1635615537526822,0.6992761886733522,0.8847484513966976,1.1635615537526822
20240412,-0.0042581701176019,-0.0040290061856694,-0.0080137378362908,-0.0042581701176019,-0.0040290061856694,0.0,0.0,0.0,0.0,0.8809810419793656,1.1588735570552056,0.6936723726221633,0.8809810419793656,1.1588735570552056
20240415,-0.0502527389778284,-0.0380027163003755,0.0210617426428159,-0.0502527389778284,-0.0380027163003755,0.0,0.0,0.0,0.0,0.8367093316323612,1.1148332140384296,0.7082823216127628,0.8367093316323612,1.1148332140384296
20240416,-0.0712497801549395,-0.0705163797081828,-0.0090421022887822,-0.0712497801549395,-0.0705163797081828,0.0,0.0,0.0,0.0,0.7770939756999691,1.0362192118060018,0.701877960411404,0.7770939756999691,1.0362192118060018
20240417,0.0660268440612872,0.0629065453207867,0.013116623895067,0.0660268440612872,0.0629065453207867,0.0,0.0,0.0,0.0,0.8284030384544766,1.101404182615746,0.7110842296383572,0.8284030384544766,1.101404182615746
20240418,0.004073731598528,-0.0018785025695384,0.001688713763017,0.004073731598528,-0.0018785025695384,0.0,0.0,0.0,0.0,0.8317777300885452,1.0993351920286019,0.7122850473636119,0.8317777300885452,1.0993351920286019
20240419,-0.0081286220907533,-0.0018030462907376,-0.0078673784771001,-0.0081286220907533,-0.0018030462907376,0.0,0.0,0.0,0.0,0.8250165232571508,1.0973530397883373,0.7066812313124232,0.8250165232571508,1.0973530397883373
20240422,-0.0015058521458115,-0.0068754543039251,-0.0019824412347777,-0.0015058521458115,-0.0068754543039251,0.0,0.0,0.0,0.0,0.8237741703552741,1.0898082391079993,0.705280277299626,0.8237741703552741,1.0898082391079993
20240423,0.0134867927472248,0.0076965806528849,-0.0070942111237229,0.0134867927472248,0.0076965806528849,0.0,0.0,0.0,0.0,0.8348842418613728,1.0981960361164724,0.7002768701110645,0.8348842418613728,1.0981960361164724
20240424,0.0144439798975174,0.0171520554790702,0.0040011431837667,0.0144439798975174,0.0171520554790702,0.0,0.0,0.0,0.0,0.8469432930675724,1.1170323554548371,0.703078778136659,0.8469432930675724,1.1170323554548371
20240425,0.0050079034881518,0.0046584450545722,0.0028465698832909,0.0050079034881518,0.0046584450545722,0.0,0.0,0.0,0.0,0.8511847033391924,1.1222359893069027,0.7050801410120837,0.8511847033391924,1.1222359893069027
20240426,0.0156208847767938,0.0133970932798172,0.0141924496168035,0.0156208847767938,0.0133970932798172,0.0,0.0,0.0,0.0,0.8644809615138234,1.1372706895376155,0.7150869553892064,0.8644809615138234,1.1372706895376155
20240429,0.0333811519855494,0.0287560272654432,0.0120347047299189,0.0333811519855494,0.0287560272654432,0.0,0.0,0.0,0.0,0.8933383318787301,1.1699740764941486,0.7236928157535323,0.8933383318787301,1.1699740764941486
20240430,-0.0032253624702626,-0.0055188957677956,-0.0049778761061948,-0.0032253624702626,-0.0055188957677956,0.0,0.0,0.0,0.0,0.8904569919498415,1.1635171115149545,0.7200903625777679,0.8904569919498415,1.1635171115149545
20240506,0.040530850336051,0.0265189191739611,0.0138966092273487,0.040530850336051,0.0265189191739611,0.0,0.0,0.0,0.0,0.9265479710212507,1.1943723277527405,0.730097176954891,0.9265479710212507,1.1943723277527405
20240507,0.0122232260177083,0.0084211125126112,0.0005482456140348,0.0122232260177083,0.0084211125126112,0.0,0.0,0.0,0.0,0.9378733762872924,1.2044302715066957,0.7304974495299758,0.9378733762872924,1.2044302715066957
20240508,-0.0095545721418705,-0.0172400400930319,-0.0079452054794519,-0.0095545721418705,-0.0172400400930319,0.0,0.0,0.0,0.0,0.9289123974536158,1.1836658453366589,0.7246934971912445,0.9289123974536158,1.1836658453366589
20240509,0.0090694612390292,0.0134320579228311,0.0096658381662526,0.0090694612390292,0.0134320579228311,0.0,0.0,0.0,0.0,0.937337132436775,1.1995649135324977,0.7316982672552308,0.937337132436775,1.1995649135324977
20240510,-0.0125787608770989,-0.0065727525448576,0.0005470459518599,-0.0125787608770989,-0.0065727525448576,0.0,0.0,0.0,0.0,0.9255465927866272,1.191680470194355,0.7320985398303157,0.9255465927866272,1.191680470194355
20240513,-0.0124738512368563,-0.0166112249397291,-0.0008201202843084,-0.0124738512368563,-0.0166112249397291,0.0,0.0,0.0,0.0,0.9140014622754277,1.1718851978476745,0.7314981309676882,0.9140014622754277,1.1718851978476745
20240514,0.0143246936906557,0.0129811856009208,-0.001641586867305,0.0143246936906557,0.0129811856009208,0.0,0.0,0.0,0.0,0.9270942532553347,1.187097657103907,0.7302973132424335,0.9270942532553347,1.187097657103907
20240515,-0.0114191459794058,-0.0054425985066517,-0.0071252397917236,-0.0114191459794058,-0.0054425985066517,0.0,0.0,0.0,0.0,0.9165076286407438,1.1806367611681035,0.7250937697663297,0.9165076286407438,1.1806367611681035
20240516,0.0077635732718959,0.0052969837864778,0.0033121722329558,0.0077635732718959,0.0052969837864778,0.0,0.0,0.0,0.0,0.9236230027699477,1.1868905749497305,0.727495405216839,0.9236230027699477,1.1868905749497305
20240517,0.0088480905082695,0.0140386921795707,0.0112792297111417,0.0088480905082695,0.0140386921795707,0.0,0.0,0.0,0.0,0.9317953026939758,1.2035529663822835,0.7357009930060798,0.9317953026939758,1.2035529663822835
20240520,0.0003123478851281,0.0039963779100292,0.0021762785636563,0.0003123478851281,0.0039963779100292,0.0,0.0,0.0,0.0,0.9320863469861446,1.2083628188706836,0.7373020833064197,0.9320863469861446,1.2083628188706836
20240521,-0.007926869700965,-0.0088128484703837,-0.0032573289902281,-0.007926869700965,-0.0088128484703837,0.0,0.0,0.0,0.0,0.924697819963537,1.1977137004507306,0.73490044785591,0.924697819963537,1.1977137004507306
20240522,0.0021526521156513,0.0020741937469656,0.0021786492374726,0.0021526521156513,0.0020741937469656,0.0,0.0,0.0,0.0,0.9266883726820198,1.2001979907188605,0.7365015381562496,0.9266883726820198,1.2001979907188605
20240523,-0.0275570439244863,-0.0223890384240481,-0.0100543478260869,-0.0275570439244863,-0.0223890384240481,0.0,0.0,0.0,0.0,0.9011515804917106,1.1733267117881907,0.7290964955171787,0.9011515804917106,1.1733267117881907
20240524,-0.008532580669833,-0.0129514381459722,-0.0112544606093879,-0.008532580669833,-0.0129514381459722,0.0,0.0,0.0,0.0,0.8934624319354176,1.158130443455449,0.7208909077279378,0.8934624319354176,1.158130443455449
20240527,-0.0009924130464094,0.0098631247412338,0.008328706274292,-0.0009924130464094,0.0098631247412338,0.0,0.0,0.0,0.0,0.8925757481614882,1.1695532284858703,0.7268949963542116,0.8925757481614882,1.1695532284858703
20240528,-0.0096660683793333,-0.0119828149157824,-0.0063325991189426,-0.0096660683793333,-0.0119828149157824,0.0,0.0,0.0,0.0,0.8839480499460247,1.1555386886147685,0.7222918617407352,0.8839480499460247,1.1555386886147685
20240529,-0.0003422740920401,0.0042735978919391,0.000277085065115,-0.0003422740920401,0.0042735978919391,0.0,0.0,0.0,0.0,0.8836454974298188,1.1604769963184867,0.7224919980282777,0.8836454974298188,1.1604769963184867
20240530,-0.0086991437220885,-0.0061712225407387,-0.0038781163434902,-0.0086991437220885,-0.0061712225407387,0.0,0.0,0.0,0.0,0.8759585382483005,1.1533154345207974,0.7196900900026834,0.8759585382483005,1.1533154345207974
20240531,0.0021252006295616,0.0048466422142977,-0.0038932146829812,0.0021252006295616,0.0048466422142977,0.0,0.0,0.0,0.0,0.8778201258852556,1.158905141792147,0.7168881819770888,0.8778201258852556,1.158905141792147
20240603,-0.0130454591838718,-0.0162850077764343,0.0013958682300392,-0.0130454591838718,-0.0162850077764343,0.0,0.0,0.0,0.0,0.8663685592622383,1.1400323625459121,0.7178888634148012,0.8663685592622383,1.1400323625459121
20240604,-0.0062190336466436,-0.0055518689776789,0.0069696124895455,-0.0062190336466436,-0.0055518689776789,0.0,0.0,0.0,0.0,0.8609805840417923,1.1337030522387435,0.7228922706033626,0.8609805840417923,1.1337030522387435
20240605,-0.019577214741351,-0.0205836056072661,-0.0035991140642304,-0.019577214741351,-0.0205836056072661,0.0,0.0,0.0,0.0,0.8441249822598724,1.1103673557357074,0.7202904988653106,0.8441249822598724,1.1103673557357074
20240606,-0.0399568118471268,-0.0361629034706986,0.0,-0.0399568118471268,-0.0361629034706986,0.0,0.0,0.0,0.0,0.8103964391682554,1.0702132482332223,0.7202904988653106,0.8103964391682554,1.0702132482332223
20240607,0.0272178269212508,0.0202370069417227,-0.0063906640733537,0.0272178269212508,0.0202370069417227,0.0,0.0,0.0,0.0,0.832453669187135,1.0918711611668415,0.7156873642518341,0.832453669187135,1.0918711611668415
20240611,-0.0051763593343783,0.0035199450008753,-0.0069910514541386,-0.0051763593343783,0.0035199450008753,0.0,0.0,0.0,0.0,0.8281445898662008,1.0957144876021907,0.7106839570632727,0.8281445898662008,1.0957144876021907
20240612,0.012826691505445,0.0130062954893337,-0.0011264432554209,0.012826691505445,0.0130062954893337,0.0,0.0,0.0,0.0,0.8387669450423177,1.1099656739998887,0.709883411913103,0.8387669450423177,1.1099656739998887
20240613,-0.0060353087189098,-0.0062643375862474,-0.0036650690724556,-0.0060353087189098,-0.0062643375862474,0.0,0.0,0.0,0.0,0.8337047275857705,1.1030124743088068,0.707281640175051,0.8337047275857705,1.1030124743088068
20240614,0.007321382651177,-0.0007723921744695,0.0056593095642329,0.007321382651177,-0.0007723921744695,0.0,0.0,0.0,0.0,0.8398085989145213,1.1021605161053085,0.7112843659259,0.8398085989145213,1.1021605161053085
20240617,-0.0113388154296631,-0.0038685752776873,-0.0028137310073156,-0.0113388154296631,-0.0038685752776873,0.0,0.0,0.0,0.0,0.8302861642151856,1.0978967251806606,0.7092830030504755,0.8302861642151856,1.0978967251806606
20240618,0.0102836023972255,0.012942417796273,0.0031038374717833,0.0102836023972255,0.012942417796273,0.0,0.0,0.0,0.0,0.8388244970038921,1.1121061632951086,0.7114845022134426,0.8388244970038921,1.1121061632951086
20240619,-0.0078202989246447,-0.0050874604536482,-0.0028129395218002,-0.0078202989246447,-0.0050874604536482,0.0,0.0,0.0,0.0,0.8322646386920068,1.1064483671690863,0.7094831393380181,0.8322646386920068,1.1064483671690863
20240620,-0.0244306605754978,-0.0227977535418404,-0.0064880112834978,-0.0244306605754978,-0.0227977535418404,0.0,0.0,0.0,0.0,0.811931863795133,1.0812238299875938,0.7048800047245416,0.811931863795133,1.0812238299875938
20240621,0.0072747633322634,-0.0001484503321682,-0.0017035775127768,0.0072747633322634,-0.0001484503321682,0.0,0.0,0.0,0.0,0.8178384759461662,1.081063321950884,0.7036791869992869,0.8178384759461662,1.081063321950884
20240624,-0.0301293615877099,-0.036644173845147,-0.0048350398179749,-0.0301293615877099,-0.036644173845147,0.0,0.0,0.0,0.0,0.7931975247840426,1.0414486496437039,0.7002768701110651,0.7931975247840426,1.0414486496437039
20240625,0.0033087323302165,0.0029384489044725,-0.0060017147756501,0.0033087323302165,0.0029384489044725,0.0,0.0,0.0,0.0,0.7958220030785433,1.0445088932873139,0.6960740080726735,0.7958220030785433,1.0445088932873139
20240626,0.0234500393275933,0.02525061982629,0.0060379528464635,0.0234500393275933,0.02525061982629,0.0,0.0,0.0,0.0,0.8144840603484993,1.0708833902568908,0.7002768701110652,0.8144840603484993,1.0708833902568908
20240627,-0.0181277138032735,-0.0194478556167553,-0.0054301228922549,-0.0181277138032735,-0.0194478556167553,0.0,0.0,0.0,0.0,0.7997193264051735,1.0500570047007933,0.6964742806477585,0.7997193264051735,1.0500570047007933
20240628,0.0005283523577131,0.0047353057974196,0.0020114942528737,0.0005283523577131,0.0047353057974196,0.0,0.0,0.0,0.0,0.8001418599967884,1.055029345722774,0.6978752346605558,0.8001418599967884,1.055029345722774
20240701,0.0094346847602119,0.0087947898489763,0.0040149125322626,0.0094346847602119,0.0087947898489763,0.0,0.0,0.0,0.0,0.8076909462093077,1.0643081071029086,0.7006771426861501,0.8076909462093077,1.0643081071029086
20240702,0.0027720716553442,-0.0014510751149706,-0.001428163381891,0.0027720716553442,-0.0014510751149706,0.0,0.0,0.0,0.0,0.8099299233875725,1.0627637160940302,0.6996764612484377,0.8099299233875725,1.0627637160940302
20240703,-0.0079115062401258,-0.0113390248287618,-0.001716247139588,-0.0079115062401258,-0.0113390248287618,0.0,0.0,0.0,0.0,0.8035221577446271,1.050713011930133,0.698475643523183,0.8035221577446271,1.050713011930133
20240704,-0.0271244985899831,-0.0258871200511493,-0.0042979942693409,-0.0271244985899831,-0.0258871200511493,0.0,0.0,0.0,0.0,0.7817270221098628,1.023513078050993,0.6954735992100463,0.7817270221098628,1.023513078050993
20240705,0.0050095895143019,0.0117466735210633,-0.004892086330935,0.0050095895143019,0.0117466735210633,0.0,0.0,0.0,0.0,0.7856431536028707,1.0355359520233967,0.6920712823218247,0.7856431536028707,1.0355359520233967
20240708,-0.0328163903668851,-0.0304083227546314,-0.0069404279930597,-0.0328163903668851,-0.0304083227546314,0.0,0.0,0.0,0.0,0.7598611811851682,1.0040470405702446,0.6872680114208055,0.7598611811851682,1.0040470405702446
20240709,0.0151571548640879,0.0190788060611556,0.0107746068724519,0.0151571548640879,0.0190788060611556,0.0,0.0,0.0,0.0,0.7713785147836005,1.0232030593335615,0.6946730540598764,0.7713785147836005,1.0232030593335615
20240710,-0.005163366085548,-0.0056455759828398,-0.0023048112935752,-0.005163366085548,-0.0056455759828398,0.0,0.0,0.0,0.0,0.7673956051212465,1.0174264887162197,0.6930719637595368,0.7673956051212465,1.0174264887162197
20240711,0.0319132689500318,0.0311165079673046,0.0132832803927229,0.0319132689500318,0.0311165079673046,0.0,0.0,0.0,0.0,0.7918857074585532,1.0490852481585047,0.70227823298649,0.7918857074585532,1.0490852481585047
20240712,-0.0021800292198142,-0.0018665573040138,0.0028498147620403,-0.0021800292198142,-0.0018665573040138,0.0,0.0,0.0,0.0,0.7901593734775404,1.0471270704260214,0.7042795958619145,0.7901593734775404,1.0471270704260214
20240715,-0.0249463244717469,-0.0118561896089452,0.0019892014776925,-0.0249463244717469,-0.0118561896089452,0.0,0.0,0.0,0.0,0.7704478013623774,1.0347121333343912,0.7056805498747117,0.7704478013623774,1.0347121333343912
20240716,0.0008717603440185,0.0018279522618539,0.0070901871809416,0.0008717603440185,0.0018279522618539,0.0,0.0,0.0,0.0,0.7711194472027414,1.0366035377188874,0.7106839570632733,0.7711194472027414,1.0366035377188874
20240717,-0.0052502287694089,-0.0120826603929129,0.0014080540692762,-0.0052502287694089,-0.0120826603929129,0.0,0.0,0.0,0.0,0.7670708936963868,1.0240786092105378,0.7116846385009855,0.7670708936963868,1.0240786092105378
20240718,0.0065060829700665,-0.0006882792733336,0.0059055118110233,0.0065060829700665,-0.0006882792733336,0.0,0.0,0.0,0.0,0.7720615205746986,1.023373757129554,0.715887500539377,0.7720615205746986,1.023373757129554
20240719,-0.0015090596292697,0.0053016478872798,0.0064299692479734,-0.0015090596292697,0.0053016478872798,0.0,0.0,0.0,0.0,0.7708964337026867,1.0287993244469376,0.7204906351528537,0.7708964337026867,1.0287993244469376
20240722,-0.0009230124486469,0.0042466849196809,-0.0080555555555554,-0.0009230124486469,0.0042466849196809,0.0,0.0,0.0,0.0,0.7701848866977616,1.0331683110234444,0.7146866828141225,0.7701848866977616,1.0331683110234444
20240723,-0.0175797279199941,-0.0161508598530493,-0.019602352282274,-0.0175797279199941,-0.0161508598530493,0.0,0.0,0.0,0.0,0.7566452459415235,1.0164817544274931,0.7006771426861502,0.7566452459415235,1.0164817544274931
20240724,-0.0228850770892815,-0.0190880255561804,-0.0062839188803197,-0.0228850770892815,-0.0190880255561804,0.0,0.0,0.0,0.0,0.7393293611589135,0.99707912472159,0.6962741443602163,0.7393293611589135,0.99707912472159
20240725,0.011429360713859,0.0076573080696742,-0.0057487783845934,0.011429360713859,0.0076573080696742,0.0,0.0,0.0,0.0,0.7477794231139455,1.0047140667494243,0.692271418609367,0.7477794231139455,1.0047140667494243
20240726,0.0271252364834203,0.0165707666430302,0.0043365134431916,0.0271252364834203,0.0165707666430302,0.0,0.0,0.0,0.0,0.7680631168033468,1.021362949092499,0.6952734629225039,0.7680631168033468,1.021362949092499
20240729,0.0010181240898441,-7.439007881377937e-05,-0.0057570523891766,0.0010181240898441,-7.439007881377937e-05,0.0,0.0,0.0,0.0,0.7688451003650851,1.0212869698222184,0.6912707371716549,0.7688451003650851,1.0212869698222184
20240730,-0.0009105573413773,0.0039953274392351,-0.0066589461493922,-0.0009105573413773,0.0039953274392351,0.0,0.0,0.0,0.0,0.7681450228145656,1.0253673456760823,0.6866676025581782,0.7681450228145656,1.0253673456760823
20240731,0.0336579299946775,0.0337408981639871,0.0224424366074031,0.0336579299946775,0.0337408981639871,0.0,0.0,0.0,0.0,0.7939991942182183,1.0599641608672168,0.7020780966989476,0.7939991942182183,1.0599641608672168
20240801,0.0032520807860935,-0.0014573136818179,-0.0071265678449258,0.0032520807860935,-0.0014573136818179,0.0,0.0,0.0,0.0,0.796581343741909,1.0584194605933483,0.6970746895103862,0.796581343741909,1.0584194605933483
20240802,-0.0159510312051794,-0.0108036427881224,-0.0103359173126615,-0.0159510312051794,-0.0108036427881224,0.0,0.0,0.0,0.0,0.7838750498704181,1.0469846748211007,0.6898697831588577,0.7838750498704181,1.0469846748211007
20240805,-0.0292219316353367,-0.0233723007192426,-0.0113141862489122,-0.0292219316353367,-0.0233723007192426,0.0,0.0,0.0,0.0,0.7609687067524586,1.0225142341527436,0.6820644679447017,0.7609687067524586,1.0225142341527436
20240806,0.0187550270945703,0.0160489082324631,0.0,0.0187550270945703,0.0160489082324631,0.0,0.0,0.0,0.0,0.775240695465721,1.038924471263048,0.6820644679447017,0.775240695465721,1.038924471263048
20240807,0.00670478439553,-0.0038336876737837,-0.0020539906103285,0.00670478439553,-0.0038336876737837,0.0,0.0,0.0,0.0,0.7804385171834594,1.0349415593235747,0.6806635139319045,0.7804385171834594,1.0349415593235747
20240808,0.0013561274981576,-0.0037859270791388,0.001176124669215,0.0013561274981576,-0.0037859270791388,0.0,0.0,0.0,0.0,0.7814968913172331,1.0310233460488054,0.6814640590820744,0.7814968913172331,1.0310233460488054
20240809,-0.0131634320179952,-0.0055181904114175,-0.00352422907489,-0.0131634320179952,-0.0055181904114175,0.0,0.0,0.0,0.0,0.7712097101161042,1.0253339629066913,0.6790624236315648,0.7712097101161042,1.0253339629066913
20240812,-0.0098743500154983,-0.0053849737829427,-0.0011788977306218,-0.0098743500154983,-0.0053849737829427,0.0,0.0,0.0,0.0,0.7635945155030668,1.019812566397678,0.678261878481395,0.7635945155030668,1.019812566397678
20240813,0.0086014775467164,0.0101549472167218,0.0014753614635587,0.0086014775467164,0.0101549472167218,0.0,0.0,0.0,0.0,0.7701625565829623,1.030168709180396,0.6792625599191073,0.7701625565829623,1.030168709180396
20240814,-0.0080514769999043,-0.0032371602746578,-0.007071302298173,-0.0080514769999043,-0.0032371602746578,0.0,0.0,0.0,0.0,0.763961610472447,1.0268338879588417,0.6744592890180885,0.763961610472447,1.0268338879588417
20240815,0.0051273097504914,0.0065382312384007,0.0112759643916913,0.0051273097504914,0.0065382312384007,0.0,0.0,0.0,0.0,0.7678786782868235,1.0335475653617427,0.6820644679447019,0.7678786782868235,1.0335475653617427
20240816,-0.0135202807532581,-0.0104017813999612,0.0005868544600942,-0.0135202807532581,-0.0104017813999612,0.0,0.0,0.0,0.0,0.7574967429719449,1.0227968295203878,0.682464740519787,0.7574967429719449,1.0227968295203878
20240819,-0.0062907049705864,-0.0050029153875851,0.0026392961876831,-0.0062907049705864,-0.0050029153875851,0.0,0.0,0.0,0.0,0.7527315544457284,1.0176798635236068,0.6842659671076691,0.7527315544457284,1.0176798635236068
20240820,-0.0141211141006007,-0.0168251785726826,-0.0046797309154722,-0.0141211141006007,-0.0168251785726826,0.0,0.0,0.0,0.0,0.7421021462782778,1.0005572180899989,0.6810637865069898,0.7421021462782778,1.0005572180899989
20240821,-0.0048693814066979,-0.0014392869337123,-0.0044078754040552,-0.0048693814066979,-0.0014392869337123,0.0,0.0,0.0,0.0,0.7384885678853197,0.9991171291595704,0.678061742193853,0.7384885678853197,0.9991171291595704
20240822,-0.0100207880725925,-0.0122140945317371,-0.0026564344746163,-0.0100207880725925,-0.0122140945317371,0.0,0.0,0.0,0.0,0.7310883304525085,0.9869138180957376,0.6762605156059708,0.7310883304525085,0.9869138180957376
20240823,0.0114593178444256,-0.0055895471130303,0.0041432376442733,0.0114593178444256,-0.0055895471130303,0.0,0.0,0.0,0.0,0.7394661040035142,0.9813974168129909,0.6790624236315652,0.7394661040035142,0.9813974168129909
20240826,0.0107444309737251,0.012175188063762,0.0002947244326556,0.0107444309737251,0.012175188063762,0.0,0.0,0.0,0.0,0.7474112465153894,0.9933461149279792,0.6792625599191078,0.7474112465153894,0.9933461149279792
20240827,-0.0205208816141311,-0.0156266929944183,-0.0050088391278727,-0.0205208816141311,-0.0156266929944183,0.0,0.0,0.0,0.0,0.7320737088085769,0.9778234001528014,0.675860243030886,0.7320737088085769,0.9778234001528014
20240828,-0.0018593240370235,0.0025135566922714,-0.0059224163458689,-0.0018593240370235,0.0025135566922714,0.0,0.0,0.0,0.0,0.7307125465649162,0.9802812147041151,0.671857517280037,0.7307125465649162,0.9802812147041151
20240829,0.0106065572668722,0.014462957822239,-0.0029788501638366,0.0106065572668722,0.014462957822239,0.0,0.0,0.0,0.0,0.738462891035679,0.994458980566314,0.6698561544046124,0.738462891035679,0.994458980566314
20240830,0.0168120478959636,0.0178259417112837,0.0134448760083656,0.0168120478959636,0.0178259417112837,0.0,0.0,0.0,0.0,0.7508779645291627,1.0121861483881516,0.6788622873440231,0.7508779645291627,1.0121861483881516
20240902,-0.0139595685712538,-0.0152038844762974,-0.0176886792452829,-0.0139595685712538,-0.0152038844762974,0.0,0.0,0.0,0.0,0.7403960320946743,0.9967969871195497,0.6668541100914755,0.7403960320946743,0.9967969871195497
20240903,0.0031377237294719,0.0105637034252167,0.0036014405762303,0.0031377237294719,0.0105637034252167,0.0,0.0,0.0,0.0,0.7427191902937845,1.00732685486663,0.669255745541985,0.7427191902937845,1.00732685486663
20240904,-0.0108531283720116,-0.0073455092354272,-0.00627990430622,-0.0108531283720116,-0.0073455092354272,0.0,0.0,0.0,0.0,0.7346583635771696,0.9999275261511135,0.6650528835035934,0.7346583635771696,0.9999275261511135
20240905,0.0097743116018234,0.0086385093879849,0.0021065302437557,0.0097743116018234,0.0086385093879849,0.0,0.0,0.0,0.0,0.7418391433436585,1.0085654094730743,0.6664538375163906,0.7418391433436585,1.0085654094730743
20240906,-0.0139489658417581,-0.0169450841773092,-0.0084084084084085,-0.0139489658417581,-0.0169450841773092,0.0,0.0,0.0,0.0,0.7314912544730787,0.9914751837112307,0.6608500214652017,0.7314912544730787,0.9914751837112307
20240909,-0.002134151653119,-0.0040759514466401,-0.0124167171411264,-0.002134151653119,-0.0040759514466401,0.0,0.0,0.0,0.0,0.7299301412031028,0.9874339790018751,0.6526444336759609,0.7299301412031028,0.9874339790018751
20240910,0.0028865203000376,0.0039270282133546,0.0,0.0028865203000376,0.0039270282133546,0.0,0.0,0.0,0.0,0.732037099373295,0.9913116600962404,0.6526444336759609,0.732037099373295,0.9913116600962404
20240911,-0.009511068564117,-0.0054098324123404,-0.0021465808034346,-0.009511068564117,-0.0054098324123404,0.0,0.0,0.0,0.0,0.7250746443296783,0.9859488301467207,0.6512434796631636,0.7250746443296783,0.9859488301467207
20240912,-0.0025210047914277,-0.0034045393918418,-0.0033804548248309,-0.0025210047914277,-0.0034045393918418,0.0,0.0,0.0,0.0,0.7232467276771805,0.9825921285161459,0.6490419805001967,0.7232467276771805,0.9825921285161459
20240913,-0.0155167686384401,-0.01227634164218,-0.0046253469010174,-0.0155167686384401,-0.01227634164218,0.0,0.0,0.0,0.0,0.7120242755353048,0.9705294918515648,0.6460399361870599,0.7120242755353048,0.9705294918515648
20240918,-0.0097779296024229,-0.0065832118795694,0.0030978934324659,-0.0097779296024229,-0.0065832118795694,0.0,0.0,0.0,0.0,0.7050621522939045,0.9641402905713351,0.6480412990624845,0.7050621522939045,0.9641402905713351
20240919,0.0392615420653872,0.0261574916160465,0.0083384805435453,0.0392615420653872,0.0261574916160465,0.0,0.0,0.0,0.0,0.732743979644904,0.9893597821386475,0.653444978826131,0.732743979644904,0.9893597821386475
20240920,-0.0025253682165771,-0.0021212159836795,0.0027565084226646,-0.0025253682165771,-0.0021212159836795,0.0,0.0,0.0,0.0,0.7308935312878205,0.9872611363551653,0.6552462054140131,0.7308935312878205,0.9872611363551653
20240923,-0.0009066718872508,0.0022991776989333,0.0027489309712889,-0.0009066718872508,0.0022991776989333,0.0,0.0,0.0,0.0,0.7302308506704284,0.9895310251428968,0.6570474320018953,0.7302308506704284,0.9895310251428968
20240924,0.0365231811585817,0.0329187015333868,0.0438623210478221,0.0365231811585817,0.0329187015333868,0.0,0.0,0.0,0.0,0.7569012043170497,1.022105101617602,0.6858670574080096,0.7569012043170497,1.022105101617602
20240925,0.0088003039028824,0.0111638901333274,0.0137146192004669,0.0088003039028824,0.0111638901333274,0.0,0.0,0.0,0.0,0.7635621649394974,1.0335157706767741,0.6952734629225052,0.7635621649394974,1.0335157706767741
20240926,0.0492848978088978,0.0340766129519396,0.0477835348301669,0.0492848978088978,0.0340766129519396,0.0,0.0,0.0,0.0,0.8011942482092812,1.0687344875738523,0.7284960866545536,0.8011942482092812,1.0687344875738523
20240927,0.0459862297963434,0.0472645493043508,0.0629120879120879,0.0459862297963434,0.0472645493043508,0.0,0.0,0.0,0.0,0.8380381510189417,1.1192477414550468,0.7743272965017769,0.8380381510189417,1.1192477414550468
20240930,0.1055175442340756,0.1060138477671973,0.0940811579219436,0.1055175442340756,0.1060138477671973,0.0,0.0,0.0,0.0,0.9264658786889259,1.2379035011314414,0.8471769051672322,0.9264658786889259,1.2379035011314414
20241008,0.0664148061702929,0.0708368885054384,0.0422867942357667,0.0664148061702929,0.0708368885054384,0.0,0.0,0.0,0.0,0.9879969304454411,1.3255927334215813,0.8830013006373326,0.9879969304454411,1.3255927334215813
20241009,-0.101624447439259,-0.0935096648185705,-0.0883952855847687,-0.101624447439259,-0.0935096648185705,0.0,0.0,0.0,0.0,0.8875922883172391,1.2016370012333966,0.8049481484957733,0.8875922883172391,1.2016370012333966
20241010,0.0114985612401377,0.0037822217738514,0.0159124813525608,0.0114985612401377,0.0037822217738514,0.0,0.0,0.0,0.0,0.8977983226007289,1.206181858863727,0.8177568708984907,0.8977983226007289,1.206181858863727
20241011,-0.0267400913119559,-0.0320146101197825,-0.0266764561918747,-0.0267400913119559,-0.0320146101197825,0.0,0.0,0.0,0.0,0.8737911134746645,1.1675664169186504,0.7959420155563626,0.8737911134746645,1.1675664169186504
20241014,0.0177260065049106,0.0291767359658508,0.0158410862459139,0.0177260065049106,0.0291767359658508,0.0,0.0,0.0,0.0,0.8892799404360494,1.2016321939876804,0.8085506016715375,0.8892799404360494,1.2016321939876804
20241015,-0.0129689826933659,-0.0123182521084679,-0.026980198019802,-0.0129689826933659,-0.0123182521084679,0.0,0.0,0.0,0.0,0.8777468842789768,1.1868301856804888,0.7867357463294093,0.8777468842789768,1.1868301856804888
20241016,-0.0023841561992278,0.0081566458845026,-0.0063597049096921,-0.0023841561992278,0.0081566458845026,0.0,0.0,0.0,0.0,0.8756541986034703,1.196510739230123,0.7817323391408479,0.8756541986034703,1.196510739230123
20241017,-0.0062417048579732,-0.0072713249171332,-0.0110087045570915,-0.0062417048579732,-0.0072713249171332,0.0,0.0,0.0,0.0,0.8701886235381424,1.1878105208783416,0.7731264787765223,0.8701886235381424,1.1878105208783416
20241018,0.0326236300286186,0.0290803676524638,0.0396065234273879,0.0326236300286186,0.0290803676524638,0.0,0.0,0.0,0.0,0.8985773352475637,1.2223524875269483,0.8037473307705185,0.8985773352475637,1.2223524875269483
20241021,0.0257012133212177,0.0148673137103787,0.0,0.0257012133212177,0.0148673137103787,0.0,0.0,0.0,0.0,0.9216718630263727,1.2405255854236732,0.8037473307705185,0.9216718630263727,1.2405255854236732
20241022,0.0134606472747222,0.0156575091205019,0.0059760956175298,0.0134606472747222,0.0156575091205019,0.0,0.0,0.0,0.0,0.9340781628776069,1.2599491260916602,0.8085506016715376,0.9340781628776069,1.2599491260916602
20241023,-0.001681864950455,0.0057248515735578,0.0037128712871286,-0.001681864950455,0.0057248515735578,0.0,0.0,0.0,0.0,0.9325071695544777,1.2671621478287687,0.8115526459846744,0.9325071695544777,1.2671621478287687
20241024,0.0051975723255474,-0.0029974632550824,-0.0108508014796545,0.0051975723255474,-0.0029974632550824,0.0,0.0,0.0,0.0,0.9373539430123284,1.2633638758524206,0.8027466493328064,0.9373539430123284,1.2633638758524206
20241025,0.0236622825081277,0.0259481864433958,0.0072301171777611,0.0236622825081277,0.0259481864433958,0.0,0.0,0.0,0.0,0.9595338768219935,1.2961458772488903,0.8085506016715377,0.9595338768219935,1.2961458772488903
20241028,0.0372991468063474,0.023815625403744,0.0014851485148514,0.0372991468063474,0.023815625403744,0.0,0.0,0.0,0.0,0.9953236717592409,1.3270144019300572,0.8097514193967924,0.9953236717592409,1.3270144019300572
20241029,-0.0063689206179077,-0.0176641591666976,-0.0081562036579336,-0.0063689206179077,-0.0176641591666976,0.0,0.0,0.0,0.0,0.9889845343046818,1.3035738083178645,0.8031469219078914,0.9889845343046818,1.3035738083178645
20241030,-0.0026884816766383,-0.0006258442318776,-0.0104659855469723,-0.0026884816766383,-0.0006258442318776,0.0,0.0,0.0,0.0,0.986325667505725,1.302757974169102,0.7947411978311081,0.986325667505725,1.302757974169102
20241031,0.0127835987274083,0.0119037882148238,0.0,0.0127835987274083,0.0119037882148238,0.0,0.0,0.0,0.0,0.9989344590536614,1.318265729188784,0.7947411978311081,0.9989344590536614,1.318265729188784
20241101,-0.035109303146726,-0.0306381198865937,0.0020146058927221,-0.035109303146726,-0.0306381198865937,0.0,0.0,0.0,0.0,0.9638625663070357,1.2778765457355101,0.7963422881314477,0.9638625663070357,1.2778765457355101
20241104,0.0298188010561722,0.0197549682029233,0.0133199296305606,0.0298188010561722,0.0197549682029233,0.0,0.0,0.0,0.0,0.9926037924172367,1.3031209562637764,0.8069495113711982,0.9926037924172367,1.3031209562637764
20241105,0.0246591693806361,0.0267868165830267,0.0260416666666665,0.0246591693806361,0.0267868165830267,0.0,0.0,0.0,0.0,1.0170805774623153,1.3380274183047127,0.8279638215631564,1.0170805774623153,1.3380274183047127
20241106,0.021451311727278,0.0064858962803968,-0.0062847474014985,0.021451311727278,0.0064858962803968,0.0,0.0,0.0,0.0,1.0388982899812194,1.3467057253601642,0.8227602780870525,1.0388982899812194,1.3467057253601642
20241107,0.03649618891163,0.0223198166325618,0.0333252250060813,0.03649618891163,0.0223198166325618,0.0,0.0,0.0,0.0,1.0768141182323432,1.376763950208224,0.8501789494803697,1.0768141182323432,1.376763950208224
20241108,0.0104504853319948,-0.0030879386285679,-0.0127118644067798,0.0104504853319948,-0.0030879386285679,0.0,0.0,0.0,0.0,1.0880673483802152,1.3725125876239563,0.8393715899530767,1.0880673483802152,1.3725125876239563
20241111,0.010697124486485,0.0214820513488927,0.0050071530758226,0.010697124486485,0.0214820513488927,0.0,0.0,0.0,0.0,1.0997065402555182,1.4019969735082958,0.8435744519914684,1.0997065402555182,1.4019969735082958
20241112,-0.0086236725763096,-0.0100466474915963,-0.0109134045077106,-0.0086236725763096,-0.0100466474915963,0.0,0.0,0.0,0.0,1.0902230311223284,1.387911604131173,0.8343681827645152,1.0902230311223284,1.387911604131173
20241113,-0.0087890255815229,0.0024276729451573,0.0062365075557688,-0.0087890255815229,0.0024276729451573,0.0,0.0,0.0,0.0,1.0806410330122287,1.3912809995827922,0.8395717262406193,1.0806410330122287,1.3912809995827922
20241114,-0.0275756048095815,-0.0309922842207332,-0.0169249106078667,-0.0275756048095815,-0.0309922842207332,0.0,0.0,0.0,0.0,1.0508417029448656,1.3481620234128164,0.8253620498251044,1.0508417029448656,1.3481620234128164
20241115,-0.0263533186985286,-0.0175283071038431,-0.0167313288069834,-0.0263533186985286,-0.0175283071038431,0.0,0.0,0.0,0.0,1.023148536645455,1.3245310254406981,0.8115526459846748,1.023148536645455,1.3245310254406981
20241118,-0.0278826653130257,-0.0255090236814316,-0.0041923551171392,-0.0278826653130257,-0.0255090236814316,0.0,0.0,0.0,0.0,0.9946204284326576,1.2907435321459404,0.8081503290964531,0.9946204284326576,1.2907435321459404
20241119,0.0268617331471713,0.0244468569623271,0.004952947003467,0.0268617331471713,0.0244468569623271,0.0,0.0,0.0,0.0,1.0213376569639407,1.322298154651361,0.8121530548473023,1.0213376569639407,1.322298154651361
20241120,0.02912942493933,0.0228823178422778,0.0024642681123705,0.02912942493933,0.0228823178422778,0.0,0.0,0.0,0.0,1.051088635580183,1.352555401308351,0.8141544177227268,1.051088635580183,1.352555401308351
20241121,0.0073756661835871,0.0049870243741584,0.0012291052114064,0.0073756661835871,0.0049870243741584,0.0,0.0,0.0,0.0,1.0588411144855845,1.3593006280620752,0.8151550991604394,1.0588411144855845,1.3593006280620752
20241122,-0.0304872203807247,-0.0316673670875724,-0.0294623127915544,-0.0304872203807247,-0.0316673670875724,0.0,0.0,0.0,0.0,1.0265599920800903,1.3162551560908657,0.791138744655344,1.0265599920800903,1.3162551560908657
20241125,0.0260191533107694,0.0165345633032272,-0.0055653933721223,0.0260191533107694,0.0165345633032272,0.0,0.0,0.0,0.0,1.0532702138967245,1.3380188602924494,0.78673574632941,1.0532702138967245,1.3380188602924494
20241126,-0.0073721719899237,-0.0055293525027838,-0.0020351055711014,-0.0073721719899237,-0.0055293525027838,0.0,0.0,0.0,0.0,1.0455053247280142,1.3306204823585195,0.7851346560290704,1.0455053247280142,1.3306204823585195
20241127,0.0062197414174234,0.015656750709422,0.0163140453734387,0.0062197414174234,0.015656750709422,0.0,0.0,0.0,0.0,1.0520080974983617,1.3514536755396578,0.7979433784317879,1.0520080974983617,1.3514536755396578
20241128,0.005814166720259,0.0105587402273986,-0.0072736393278153,0.005814166720259,0.0105587402273986,0.0,0.0,0.0,0.0,1.0581246479682795,1.365723323829044,0.7921394260930565,1.0581246479682795,1.365723323829044
20241129,0.0375607326201347,0.0195341511183205,0.0108640727640223,0.0375607326201347,0.0195341511183205,0.0,0.0,0.0,0.0,1.09786858494939,1.3924015696225356,0.8007452864573824,1.09786858494939,1.3924015696225356
20241202,0.0393767338590722,0.0282023000101659,0.0074981254686328,0.0393767338590722,0.0282023000101659,0.0,0.0,0.0,0.0,1.1410990640311784,1.4316704964236562,0.8067493750836562,1.1410990640311784,1.4316704964236562
20241203,-0.0063734197158693,0.0008948737011074,0.0009923096005952,-0.0063734197158693,0.0008948737011074,0.0,0.0,0.0,0.0,1.133826360758722,1.4329516606995572,0.8075499202338259,1.133826360758722,1.4329516606995572
20241204,-0.0234704760255257,-0.0171743037922872,-0.0052044609665425,-0.0234704760255257,-0.0171743037922872,0.0,0.0,0.0,0.0,1.1072149163414253,1.4083417135590404,0.8033470581954344,1.1072149163414253,1.4083417135590404
20241205,0.0243069801003796,0.0099930837716282,-0.0017438963627306,0.0243069801003796,0.0099930837716282,0.0,0.0,0.0,0.0,1.13412796727978,1.4224153902817143,0.801946104182637,1.13412796727978,1.4224153902817143
20241206,0.0030143419018012,0.0117629332592308,0.0124781632143751,0.0030143419018012,0.0117629332592308,0.0,0.0,0.0,0.0,1.137546616733556,1.439147167584501,0.8119529185597603,1.137546616733556,1.439147167584501
20241209,-0.0069717724998607,-0.0038117131148297,-0.0007394626571357,-0.0069717724998607,-0.0038117131148297,0.0,0.0,0.0,0.0,1.1296159005137034,1.4336615514516489,0.811352509697133,1.1296159005137034,1.4336615514516489
20241210,0.0246141078637501,0.0050317086310437,0.0076467686235814,0.0246141078637501,0.0050317086310437,0.0,0.0,0.0,0.0,1.157420388133555,1.4408753186540835,0.8175567346109491,1.157420388133555,1.4408753186540835
20241211,0.0292432913299174,0.0191101082046777,-0.0024479804161566,0.0292432913299174,0.0191101082046777,0.0,0.0,0.0,0.0,1.1912671697349306,1.4684106019030123,0.8155553717355246,1.1912671697349306,1.4684106019030123
20241212,0.0463653360699164,0.0114637317238146,0.0103067484662577,0.0463653360699164,0.0114637317238146,0.0,0.0,0.0,0.0,1.2465006724087488,1.4852440671036335,0.823961095812308,1.2465006724087488,1.4852440671036335
20241213,-0.0214422559273026,-0.0146392168924975,-0.0235608452756862,-0.0214422559273026,-0.0146392168924975,0.0,0.0,0.0,0.0,1.2197728859774055,1.4635012570670083,0.8045478759206893,1.2197728859774055,1.4635012570670083
20241216,-0.0226918383344929,-0.0037588241426156,-0.0059701492537312,-0.0226918383344929,-0.0037588241426156,0.0,0.0,0.0,0.0,1.1920939968440083,1.4580002132091965,0.7997446050196704,1.1920939968440083,1.4580002132091965
20241217,-0.0461817623258644,-0.0380135888114413,0.0027527527527526,-0.0461817623258644,-0.0380135888114413,0.0,0.0,0.0,0.0,1.1370409952116687,1.4025763926172683,0.8019461041826373,1.1370409952116687,1.4025763926172683
20241218,0.0091679242431993,0.0061033035655034,0.0042425754928876,0.0091679242431993,0.0061033035655034,0.0,0.0,0.0,0.0,1.1474653009171811,1.41113674211522,0.8053484210708594,1.1474653009171811,1.41113674211522
20241219,-0.0031164496954222,0.0003705886612669,0.0014910536779324,-0.0031164496954222,0.0003705886612669,0.0,0.0,0.0,0.0,1.14388928302963,1.411659693391345,0.8065492387961142,1.14388928302963,1.411659693391345
20241220,0.0051429838419032,0.0134226477702274,-0.0029776674937966,0.0051429838419032,0.0134226477702274,0.0,0.0,0.0,0.0,1.1497722871291778,1.4306079042271644,0.8041476033456046,1.1497722871291778,1.4306079042271644
20241223,-0.0536339764399074,-0.0435284691595195,0.0009955201592835,-0.0536339764399074,-0.0435284691595195,0.0,0.0,0.0,0.0,1.088105427370033,1.3683357321886476,0.8049481484957747,1.088105427370033,1.3683357321886476
20241224,0.0005165482176222,0.0122384283857713,0.0116857284932867,0.0005165482176222,0.0122384283857713,0.0,0.0,0.0,0.0,1.088667486289126,1.3850820110547302,0.8143545540102701,1.088667486289126,1.3850820110547302
20241225,-0.0164849497910535,-0.0190675148216995,0.0007372818874418,-0.0164849497910535,-0.0190675148216995,0.0,0.0,0.0,0.0,1.0707208574384972,1.3586719392796747,0.8149549628728977,1.0707208574384972,1.3586719392796747
20241226,0.0167894248804875,0.0149848422275968,0.00024557956778,0.0167894248804875,0.0149848422275968,0.0,0.0,0.0,0.0,1.088697644842432,1.3790314239288437,0.8151550991604403,1.088697644842432,1.3790314239288437
20241227,0.0058663645560628,0.0058359536141314,-0.0014731156395778,0.0058663645560628,0.0058359536141314,0.0,0.0,0.0,0.0,1.0950843421184047,1.387079387351322,0.8139542814351854,1.0950843421184047,1.387079387351322
20241230,-0.0133013003863391,-0.0130257039949554,0.0046717482173592,-0.0133013003863391,-0.0130257039949554,0.0,0.0,0.0,0.0,1.080518296335511,1.3690117018341796,0.8177568708984922,1.080518296335511,1.3690117018341796
20241231,-0.0171432457369244,-0.0231799275417621,-0.0156632403328438,-0.0171432457369244,-0.0231799275417621,0.0,0.0,0.0,0.0,1.0619947056581887,1.337278109781839,0.8049481484957748,1.0619947056581887,1.337278109781839
20250102,0.003769499019693,-0.0152033711455909,-0.0280954748881155,0.003769499019693,-0.0152033711455909,0.0,0.0,0.0,0.0,1.0659978936600865,1.3169469743539515,0.7823327480034767,1.0659978936600865,1.3169469743539515
20250103,-0.0520608273556547,-0.0439127964599922,-0.0102327961115372,-0.0520608273556547,-0.0439127964599922,0.0,0.0,0.0,0.0,1.0105011613567572,1.2591161499205439,0.7743272965017786,1.0105011613567572,1.2591161499205439
20250106,-0.011535311252566,-0.0018784413595422,-0.0041354355130523,-0.011535311252566,-0.0018784413595422,0.0,0.0,0.0,0.0,0.9988447159394276,1.2567509740680656,0.7711251159010993,0.9988447159394276,1.2567509740680656
20250107,0.0274895106411259,0.0239662796010947,0.007007526602647,0.0274895106411259,0.0239662796010947,0.0,0.0,0.0,0.0,1.026302468387077,1.286870619301529,0.7765287956647455,1.026302468387077,1.286870619301529
20250108,0.0175954149145042,-0.0040305793769396,-0.0015463917525773,0.0175954149145042,-0.0040305793769396,0.0,0.0,0.0,0.0,1.0443606861461272,1.2816837851225826,0.7753279779394908,1.0443606861461272,1.2816837851225826
20250109,0.0218019575630792,0.003966822693429,-0.0020650490449147,0.0218019575630792,0.003966822693429,0.0,0.0,0.0,0.0,1.0671297935060333,1.286767997447207,0.7737268876391512,1.0671297935060333,1.286767997447207
20250110,-0.0409707486122184,-0.0271332705885125,-0.011122607346094,-0.0409707486122184,-0.0271332705885125,0.0,0.0,0.0,0.0,1.023408686999689,1.2518537731878336,0.7651210272748254,1.023408686999689,1.2518537731878336
20250113,-0.0026166027067346,-0.0012427118111134,-0.0039236201935652,-0.0026166027067346,-0.0012427118111134,0.0,0.0,0.0,0.0,1.02073083305919,1.2502980797181062,0.7621189829616886,1.02073083305919,1.2502980797181062
20250114,0.0363900643069737,0.0464369202422981,0.0257352941176469,0.0363900643069737,0.0464369202422981,0.0,0.0,0.0,0.0,1.0578752937143248,1.3083580719250745,0.7817323391408496,1.0578752937143248,1.3083580719250745
20250115,-0.0088848592742494,-0.0031836373665542,-0.0058883768561187,-0.0088848592742494,-0.0031836373665542,0.0,0.0,0.0,0.0,1.0484762205999678,1.304192734278461,0.7771292045273731,1.0484762205999678,1.304192734278461
20250116,0.0044843001939578,0.003464592001908,0.000515065670873,0.0044843001939578,0.003464592001908,0.0,0.0,0.0,0.0,1.0531779027193644,1.3087112299945887,0.777529477102458,1.0531779027193644,1.3087112299945887
20250117,-0.0077678153248541,-0.0005402713150665,0.0033462033462032,-0.0077678153248541,-0.0005402713150665,0.0,0.0,0.0,0.0,1.0449970112668232,1.3080041708573171,0.78013124884051,1.0449970112668232,1.3080041708573171
20250120,0.0101274431685806,0.0130692184853166,0.0048742945100048,0.0101274431685806,0.0130692184853166,0.0,0.0,0.0,0.0,1.0555801591097644,1.3250987631459568,0.7839338383038166,1.0555801591097644,1.3250987631459568
20250121,-0.0003394703368963,-0.0025768248134165,0.0012764871074804,-0.0003394703368963,-0.0025768248134165,0.0,0.0,0.0,0.0,1.0552218209575304,1.3216842157728548,0.7849345197415291,1.0552218209575304,1.3216842157728548
20250122,-0.0176939045666602,-0.0127103342598159,-0.0091789903110658,-0.0176939045666602,-0.0127103342598159,0.0,0.0,0.0,0.0,1.0365508267608505,1.304885167604459,0.7777296133900005,1.0365508267608505,1.304885167604459
20250123,-0.0071341714325424,0.0011381654801864,0.0028306742151311,-0.0071341714325424,0.0011381654801864,0.0,0.0,0.0,0.0,1.029155895464195,1.3063703428578335,0.7799311125529674,1.029155895464195,1.3063703428578335
20250124,0.0129355595894817,0.0142316416521678,0.0082114447010521,0.0129355595894817,0.0142316416521678,0.0,0.0,0.0,0.0,1.0424686028768386,1.3249621374424057,0.7863354737543262,1.0424686028768386,1.3249621374424057
20250127,-0.006887414687235,-0.0093791589222518,-0.0055993891575463,-0.006887414687235,-0.0093791589222518,0.0,0.0,0.0,0.0,1.0352886893104034,1.312535106989367,0.7819324754283922,1.0352886893104034,1.312535106989367
20250205,-0.0105783396871918,0.0093853920838787,-0.0051190171487075,-0.0105783396871918,0.0093853920838787,0.0,0.0,0.0,0.0,1.0243370538805705,1.3248537635923179,0.7779297496775429,1.0243370538805705,1.3248537635923179
20250206,0.0198037073316023,0.0202747046608635,0.0115770517108308,0.0198037073316023,0.0202747046608635,0.0,0.0,0.0,0.0,1.044622725104537,1.3517147823679856,0.7869358826169536,1.044622725104537,1.3517147823679856
20250207,0.0113941568457752,0.012197923688569,0.0142421159715158,0.0113941568457752,0.012197923688569,0.0,0.0,0.0,0.0,1.0565253202790392,1.368202896132021,0.7981435147193314,1.0565253202790392,1.368202896132021
20250210,0.0245157193675244,0.0160737005636292,0.0010030090270811,0.0245157193675244,0.0160737005636292,0.0,0.0,0.0,0.0,1.0824267985356841,1.3901949797947373,0.7989440598695012,1.0824267985356841,1.3901949797947373
20250211,-0.0079415477800308,-0.0002790037654612,-0.0040080160320642,-0.0079415477800308,-0.0002790037654612,0.0,0.0,0.0,0.0,1.0738306543967273,1.3898071101606493,0.7957418792688218,1.0738306543967273,1.3898071101606493
20250212,0.0031104729090936,0.0091232824541296,0.0095573440643865,0.0031104729090936,0.0091232824541296,0.0,0.0,0.0,0.0,1.0771707755561826,1.4024867129834024,0.8033470581954355,1.0771707755561826,1.4024867129834024
20250213,-0.011443521479263,-0.0106143863418546,-0.0024912805181867,-0.011443521479263,-0.0106143863418546,0.0,0.0,0.0,0.0,1.064844148649271,1.3876001771724789,0.8013456953200107,1.064844148649271,1.3876001771724789
20250214,-0.0096631994071785,-0.0039974870476072,0.0074925074925076,-0.0096631994071785,-0.0039974870476072,0.0,0.0,0.0,0.0,1.0545543473033059,1.3820532634369744,0.8073497839462845,1.0545543473033059,1.3820532634369744
20250217,0.0197064228569066,0.011104187612427,0.0017352503718395,0.0197064228569066,0.011104187612427,0.0,0.0,0.0,0.0,1.0753358411968539,1.3973998421645455,0.8087507379590819,1.0753358411968539,1.3973998421645455
20250218,-0.0327360103877982,-0.0211063963866363,-0.0071764414748826,-0.0327360103877982,-0.0211063963866363,0.0,0.0,0.0,0.0,1.040133635929062,1.3679057671851977,0.8029467856203505,1.040133635929062,1.3679057671851977
20250219,0.0160789094847915,0.0205888490842802,0.005234297108674,0.0160789094847915,0.0205888490842802,0.0,0.0,0.0,0.0,1.0568578505132524,1.3960693725872904,0.8071496476587422,1.0568578505132524,1.3960693725872904
20250220,0.0113408878208789,0.009341785319071,-0.002975452516737,0.0113408878208789,0.009341785319071,0.0,0.0,0.0,0.0,1.0688435568385384,1.4091111529565308,0.8047480122082326,1.0688435568385384,1.4091111529565308
20250221,-0.0023542369911194,0.0017760796400005,0.0134294951504601,-0.0023542369911194,0.0017760796400005,0.0,0.0,0.0,0.0,1.0663272457993096,1.4116138465857946,0.8155553717355254,1.0663272457993096,1.4116138465857946
20250224,0.0094519029706255,0.0080182434726576,-0.0031901840490796,0.0094519029706255,0.0080182434726576,0.0,0.0,0.0,0.0,1.076406067461539,1.4229325100970944,0.8129535999974735,1.076406067461539,1.4229325100970944
20250225,-0.0058100858834433,-0.00186202013801,-0.0100935499753817,-0.0058100858834433,-0.00186202013801,0.0,0.0,0.0,0.0,1.070152055764128,1.4202829811082647,0.8047480122082326,1.070152055764128,1.4202829811082647
20250226,0.0121780520265994,0.0138814158989681,0.0082069137030591,0.0121780520265994,0.0138814158989681,0.0,0.0,0.0,0.0,1.0831844231755958,1.4399985198632548,0.8113525096971339,1.0831844231755958,1.4399985198632548
20250227,0.0285208571209418,0.0046546423841076,0.0032067094227921,0.0285208571209418,0.0046546423841076,0.0,0.0,0.0,0.0,1.1140777713446168,1.4467011980068625,0.8139542814351858,1.1140777713446168,1.4467011980068625
20250228,-0.0264736585366967,-0.0265643559093062,-0.0179493484140643,-0.0264736585366967,-0.0265643559093062,0.0,0.0,0.0,0.0,1.0845840568427154,1.4082705124885886,0.7993443324445864,1.0845840568427154,1.4082705124885886
20250303,0.0002147218447913,0.0030617189833215,-0.0032548823234852,0.0002147218447913,0.0030617189833215,0.0,0.0,0.0,0.0,1.084816940732232,1.4125822410503268,0.7967425607065344,1.084816940732232,1.4125822410503268
20250304,0.0079263815801339,0.0124100877390408,-0.0010047726701833,0.0079263815801339,0.0124100877390408,0.0,0.0,0.0,0.0,1.093415613749069,1.4301125106003723,0.7959420155563646,1.093415613749069,1.4301125106003723
20250305,-0.0007238678025951,0.0037986914091116,0.0042745788282625,-0.0007238678025951,0.0037986914091116,0.0,0.0,0.0,0.0,1.092624125391421,1.435545066708453,0.7993443324445865,1.092624125391421,1.435545066708453
20250306,0.008131647313636,0.0120555811277889,0.013770655983976,0.008131647313636,0.0120555811277889,0.0,0.0,0.0,0.0,1.101508959425474,1.4528513967227539,0.8103518282594219,1.101508959425474,1.4528513967227539
20250307,-0.0117909471825087,-0.0052677584106358,-0.0024697456162017,-0.0117909471825087,-0.0052677584106358,0.0,0.0,0.0,0.0,1.0885211254638283,1.4451981265582636,0.8083504653839971,1.0885211254638283,1.4451981265582636
20250310,0.0025122870641378,0.0055988884954213,-0.0039613765783609,0.0025122870641378,0.0055988884954213,0.0,0.0,0.0,0.0,1.091255803006372,1.453289629722655,0.8051482847833178,1.091255803006372,1.453289629722655
20250311,0.0071657610237362,0.0042392951586039,0.0029828486204324,0.0071657610237362,0.0042392951586039,0.0,0.0,0.0,0.0,1.099075481306481,1.4594505534139874,0.8075499202338272,1.099075481306481,1.4594505534139874
20250312,0.0021112167913572,0.0029393232676881,-0.0024783147459724,0.0021112167913572,0.0029393232676881,0.0,0.0,0.0,0.0,1.1013958679175841,1.4637403503836777,0.8055485573584029,1.1013958679175841,1.4637403503836777
20250313,-0.0149465533828389,-0.0134719469797173,-0.0049689440993792,-0.0149465533828389,-0.0134719469797173,0.0,0.0,0.0,0.0,1.0849337957821157,1.444020917991236,0.8015458316075534,1.0849337957821157,1.444020917991236
20250314,0.0418627643051539,0.0165273231674808,0.0252184769038701,0.0418627643051539,0.0165273231674808,0.0,0.0,0.0,0.0,1.1303521235616383,1.4678867183634794,0.821759596649342,1.1303521235616383,1.4678867183634794
20250317,0.0114411421815356,0.005634443947227,-0.0029225523623964,0.0114411421815356,0.005634443947227,0.0,0.0,0.0,0.0,1.1432846429225079,1.4761574437989773,0.8193579611988325,1.1432846429225079,1.4761574437989773
20250318,-0.0019115828919819,0.0053465820821524,0.0021983390327307,-0.0019115828919819,0.0053465820821524,0.0,0.0,0.0,0.0,1.1410991595584317,1.4840498407384286,0.8211591877867146,1.1410991595584317,1.4840498407384286
20250319,-0.0085881373023513,-0.0030966542384532,0.0014623446258836,-0.0085881373023513,-0.0030966542384532,0.0,0.0,0.0,0.0,1.1312992433005462,1.47945425150903,0.8223600055119695,1.1312992433005462,1.47945425150903
20250320,-0.0038626893638697,-0.0006723786503372,-0.0080311511316623,-0.0038626893638697,-0.0006723786503372,0.0,0.0,0.0,0.0,1.1269293857460954,1.4784594980561647,0.8157555080230683,1.1269293857460954,1.4784594980561647
20250321,-0.0149294830942902,-0.0093089942530144,-0.0161923454367025,-0.0149294830942902,-0.0093089942530144,0.0,0.0,0.0,0.0,1.1101049125331401,1.4646965270854455,0.802546513045266,1.1101049125331401,1.4646965270854455
20250324,-0.0190607324065513,-0.0168697587129913,0.0042394014962594,-0.0190607324065513,-0.0168697587129913,0.0,0.0,0.0,0.0,1.088945499852148,1.4399874500857577,0.8059488299334879,1.088945499852148,1.4399874500857577
20250325,-0.0032872902358564,-0.0031324907616342,0.0004966476285075,-0.0032872902358564,-0.0031324907616342,0.0,0.0,0.0,0.0,1.0853658199431042,1.4354767027014947,0.8063491025085728,1.0853658199431042,1.4354767027014947
20250326,0.0074501115831548,0.0128004027140188,-0.0039712087366591,0.0074501115831548,0.0128004027140188,0.0,0.0,0.0,0.0,1.0934519164102228,1.4538513825826656,0.8031469219078935,1.0934519164102228,1.4538513825826656
20250327,-0.004992413988639,-0.0017426381540473,0.0034886618489906,-0.004992413988639,-0.0017426381540473,0.0,0.0,0.0,0.0,1.0879929517668323,1.4513178456930627,0.8059488299334878,1.0879929517668323,1.4513178456930627
20250328,-0.0214850944930197,-0.0152549384373836,-0.0047181524708219,-0.0214850944930197,-0.0152549384373836,0.0,0.0,0.0,0.0,1.0646173203903824,1.4291780813039388,0.8021462404701811,1.0646173203903824,1.4291780813039388
20250331,-0.0136275645643277,-0.0120387587529327,-0.0059880239520957,-0.0136275645643277,-0.0120387587529327,0.0,0.0,0.0,0.0,1.0501091791204609,1.4119725511681414,0.7973429695691622,1.0501091791204609,1.4119725511681414
20250401,0.0133057816493622,0.0089417512224269,-0.0005020080321285,0.0133057816493622,0.0089417512224269,0.0,0.0,0.0,0.0,1.0640817025658287,1.4245980584535822,0.7969426969940773,1.0640817025658287,1.4245980584535822
20250402,0.0084991794414731,0.001911912695089,-0.0007533902561527,0.0084991794414731,0.001911912695089,0.0,0.0,0.0,0.0,1.0731255238963238,1.4273217655669388,0.7963422881314498,1.0731255238963238,1.4273217655669388
20250403,0.007314174861265,-0.0035875762380135,-0.005026388539834,0.007314174861265,-0.0035875762380135,0.0,0.0,0.0,0.0,1.0809745516261882,1.4222011399167913,0.7923395623806008,1.0809745516261882,1.4222011399167913
20250407,-0.0644262924951714,-0.1121514993887957,-0.0666835059358424,-0.0644262924951714,-0.1121514993887957,0.0,0.0,0.0,0.0,1.0113313689832826,1.2626991496426687,0.7395035824693912,1.0113313689832826,1.2626991496426687
20250408,0.0164473655154959,0.0022516952464658,0.0094722598105547,0.0164473655154959,0.0022516952464658,0.0,0.0,0.0,0.0,1.0279651056662376,1.2655423633156355,0.7465083525333773,1.0279651056662376,1.2655423633156355
20250409,0.0323943735178856,0.0290308984313623,0.0096514745308311,0.0323943735178856,0.0290308984313623,0.0,0.0,0.0,0.0,1.0612653912625423,1.302282195125638,0.7537132588849059,1.0612653912625423,1.302282195125638
20250410,0.0477540993664489,0.0282135194766421,0.0167286245353159,0.0477540993664489,0.0282135194766421,0.0,0.0,0.0,0.0,1.111945164211067,1.3390241592018997,0.7663218450000809,1.111945164211067,1.3390241592018997
20250411,-0.0229556171067247,0.0054850075808367,0.0028728127448418,-0.0229556171067247,0.0054850075808367,0.0,0.0,0.0,0.0,1.0864197767777637,1.3463687168660456,0.7685233441630479,1.0864197767777637,1.3463687168660456
20250414,0.0176657714136056,0.0168206970935708,0.0020833333333334,0.0176657714136056,0.0168206970935708,0.0,0.0,0.0,0.0,1.10561222021354,1.369015577228709,0.7701244344633876,1.10561222021354,1.369015577228709
20250415,-0.0131665432640497,0.0003419158071871,0.0007796257796257,-0.0131665432640497,0.0003419158071871,0.0,0.0,0.0,0.0,1.0910551290828365,1.3694836652948488,0.770724843326015,1.0910551290828365,1.3694836652948488
20250416,-0.0124402218909285,-0.0148691416267103,0.002337055310309,-0.0124402218909285,-0.0148691416267103,0.0,0.0,0.0,0.0,1.0774821611818104,1.3491206187201135,0.7725260699138972,1.0774821611818104,1.3491206187201135
20250417,0.0086126560981973,0.007413421636913,0.0007772020725389,0.0086126560981973,0.007413421636913,0.0,0.0,0.0,0.0,1.0867621444880118,1.3591222187057386,0.7731264787765246,1.0867621444880118,1.3591222187057386
20250418,-0.0105467513661704,-0.0019903422971365,0.0025886616619208,-0.0105467513661704,-0.0019903422971365,0.0,0.0,0.0,0.0,1.0753003343559304,1.3564171002668706,0.7751278416519493,1.0753003343559304,1.3564171002668706
20250421,0.0169090950122483,0.0141392298386159,0.0005163955589981,0.0169090950122483,0.0141392298386159,0.0,0.0,0.0,0.0,1.0934826898762573,1.3755957934045726,0.7755281142270342,1.0934826898762573,1.3755957934045726
20250422,0.0079042968870232,0.0038017839998384,0.0007741935483871,0.0079042968870232,0.0038017839998384,0.0,0.0,0.0,0.0,1.1021259016978597,1.380825511482183,0.7761285230896616,1.1021259016978597,1.380825511482183
20250423,-0.0113320450297215,0.0097123955058309,0.0010314595152141,-0.0113320450297215,0.0097123955058309,0.0,0.0,0.0,0.0,1.0896365613513972,1.3942366349742392,0.7769290682398315,1.0896365613513972,1.3942366349742392
20250424,-0.0038250173898149,-0.0088327723303825,0.0,-0.0038250173898149,-0.0088327723303825,0.0,0.0,0.0,0.0,1.08546868255565,1.3819216602028332,0.7769290682398315,1.08546868255565,1.3819216602028332
20250425,-0.0003470791972936,0.0033186954835487,0.0,-0.0003470791972936,0.0033186954835487,0.0,0.0,0.0,0.0,1.0850919389566214,1.3865078373751665,0.7769290682398315,1.0850919389566214,1.3865078373751665
20250428,-0.0204516051579563,-0.0146385848731628,-0.001545595054096,-0.0204516051579563,-0.0146385848731628,0.0,0.0,0.0,0.0,1.0629000670609994,1.3662113247204446,0.7757282505145766,1.0629000670609994,1.3662113247204446
20250429,0.0071325667499777,0.011939017078438,-0.0018059855521154,0.0071325667499777,0.011939017078438,0.0,0.0,0.0,0.0,1.0704812727378679,1.3825225450590373,0.7743272965017796,1.0704812727378679,1.3825225450590373
20250430,0.008989159874081,0.0069827866619554,-0.0007753941586974,0.008989159874081,0.0069827866619554,0.0,0.0,0.0,0.0,1.0801040000407183,1.3921764050465282,0.7737268876391521,1.0801040000407183,1.3921764050465282
20250506,0.0276124415932921,0.0297282220123108,0.0095706156233832,0.0276124415932921,0.0297282220123108,0.0,0.0,0.0,0.0,1.1099283086565237,1.433563334296052,0.781131930278223,1.1099283086565237,1.433563334296052
20250507,0.0107479072389025,0.0102866535457525,0.0061491160645659,0.0107479072389025,0.0102866535457525,0.0,0.0,0.0,0.0,1.121857715159796,1.4483099036518492,0.7859352011792422,1.121857715159796,1.4483099036518492
20250508,0.0060271637231469,0.0097490006924127,0.0058568882098293,0.0060271637231469,0.0097490006924127,0.0,0.0,0.0,0.0,1.1286193352831395,1.4624294779053795,0.7905383357927187,1.1286193352831395,1.4624294779053795
20250509,-0.0127246432105228,-0.0098586700709508,-0.0012658227848102,-0.0127246432105228,-0.0098586700709508,0.0,0.0,0.0,0.0,1.1142580569211642,1.4480118681806775,0.7895376543550063,1.1142580569211642,1.4480118681806775
20250512,0.0062848218147874,0.0132523178731606,0.011406844106464,0.0062848218147874,0.0132523178731606,0.0,0.0,0.0,0.0,1.1212609702646048,1.4672013817419167,0.7985437872944172,1.1212609702646048,1.4672013817419167
20250513,-0.0004581530937725,-0.0037835451365505,0.0010025062656642,-0.0004581530937725,-0.0037835451365505,0.0,0.0,0.0,0.0,1.1207472610821516,1.4616501590896869,0.7993443324445871,1.1207472610821516,1.4616501590896869
20250514,0.0043163247672378,0.0034529790479125,0.0127691537305958,0.0043163247672378,0.0034529790479125,0.0,0.0,0.0,0.0,1.1255847702429744,1.4666972064644015,0.8095512831092526,1.1255847702429744,1.4666972064644015
20250515,-0.0026411812790317,-0.0073651085606064,-0.0084054388133496,-0.0026411812790317,-0.0073651085606064,0.0,0.0,0.0,0.0,1.1226118968198455,1.455894822313253,0.802746649332809,1.1226118968198455,1.455894822313253
20250516,0.0060243687002819,0.0049666107914076,-0.0054849164796809,0.0060243687002819,0.0049666107914076,0.0,0.0,0.0,0.0,1.1293749247936111,1.4631256852489087,0.7983436510068749,1.1293749247936111,1.4631256852489087
20250519,0.0144907004888458,0.010703596826849,-0.0015041363750313,0.0144907004888458,0.010703596826849,0.0,0.0,0.0,0.0,1.145740358568408,1.4787863926908202,0.7971428332816202,1.145740358568408,1.4787863926908202
20250520,0.0185069613643026,0.0120635251785513,0.0050213406979664,0.0185069613643026,0.0120635251785513,0.0,0.0,0.0,0.0,1.1669445311179556,1.496625769572745,0.8011455590324694,1.1669445311179556,1.496625769572745
20250521,-0.003824234453011,-0.0059454181003121,0.0039970022483137,-0.003824234453011,-0.0059454181003121,0.0,0.0,0.0,0.0,1.1624818616373014,1.4877277036329335,0.8043477396331488,1.1624818616373014,1.4877277036329335
20250522,-0.0214128086675933,-0.0136680884592336,-0.0004976362279174,-0.0214128086675933,-0.0136680884592336,0.0,0.0,0.0,0.0,1.1375898599545142,1.467393309776426,0.8039474670580639,1.1375898599545142,1.467393309776426
20250523,-0.0169349819841804,-0.0084065441337275,-0.0072193178989294,-0.0169349819841804,-0.0084065441337275,0.0,0.0,0.0,0.0,1.1183247961707983,1.4550576031562539,0.7981435147193326,1.1183247961707983,1.4550576031562539
20250526,0.0103718678862127,0.0084161546614008,-0.0052657973921765,0.0103718678862127,0.0084161546614008,0.0,0.0,0.0,0.0,1.1299239132105576,1.467303592985664,0.793940652680941,1.1299239132105576,1.467303592985664
20250527,0.011618563961778,0.0090741024340977,-0.0052936728006049,0.011618563961778,0.0090741024340977,0.0,0.0,0.0,0.0,1.143052006468137,1.4806180560903355,0.7897377906425495,1.143052006468137,1.4806180560903355
20250528,-0.0024301662869913,-0.0048887821309344,-0.0010136847440446,-0.0024301662869913,-0.0048887821309344,0.0,0.0,0.0,0.0,1.1402742000177404,1.4733796369949823,0.7889372454923796,1.1402742000177404,1.4733796369949823
20250529,0.0061444566324269,0.0127191114108478,0.0060882800608828,0.0061444566324269,0.0127191114108478,0.0,0.0,0.0,0.0,1.1472805653888247,1.492119716748396,0.7937405163933987,1.1472805653888247,1.492119716748396
20250530,-0.0142736288388568,-0.0151767196643185,-0.0017650025214321,-0.0142736288388568,-0.0151767196643185,0.0,0.0,0.0,0.0,1.130904708424431,1.469474234101703,0.7923395623806015,1.130904708424431,1.469474234101703
20250603,0.0067432831801794,0.0118709176233549,-0.0005051780752717,0.0067432831801794,0.0118709176233549,0.0,0.0,0.0,0.0,1.1385307191231353,1.486918241684367,0.7919392898055164,1.1385307191231353,1.486918241684367
20250604,0.0170818451235416,0.0113572971210979,0.0042961839777611,0.0170818451235416,0.0113572971210979,0.0,0.0,0.0,0.0,1.157978924535591,1.503805613949957,0.7953416066937384,1.157978924535591,1.503805613949957
20250605,-0.0055614668279016,-0.0015578505815739,0.0025163563160544,-0.0055614668279016,-0.0015578505815739,0.0,0.0,0.0,0.0,1.151538863159377,1.501462909499691,0.7973429695691631,1.151538863159377,1.501462909499691
20250606,-0.0042991923192313,0.0012596439662356,0.0005020080321285,-0.0042991923192313,0.0012596439662356,0.0,0.0,0.0,0.0,1.1465881761235859,1.5033542181941688,0.797743242144248,1.1465881761235859,1.5033542181941688
20250609,0.0065776219353388,0.0122413397808014,0.0022579026593076,0.0065776219353388,0.0122413397808014,0.0,0.0,0.0,0.0,1.1541299996616565,1.5217572879899848,0.7995444687321303,1.1541299996616565,1.5217572879899848
20250610,-0.0115999392612638,-0.0063739701532166,-0.0057571964956196,-0.0115999392612638,-0.0063739701532166,0.0,0.0,0.0,0.0,1.140742161765979,1.5120576524558969,0.7949413341186536,1.140742161765979,1.5120576524558969
20250611,0.0041095557065343,0.0046567521374126,0.0080563947633431,0.0041095557065343,0.0046567521374126,0.0,0.0,0.0,0.0,1.1454301052265485,1.519098930160862,0.8013456953200122,1.1454301052265485,1.519098930160862
20250612,-0.0006058137551804,-0.0002036771275725,0.0004995004995007,-0.0006058137551804,-0.0002036771275725,0.0,0.0,0.0,0.0,1.1447361879132045,1.5187895244542684,0.8017459678950973,1.1447361879132045,1.5187895244542684
20250613,-0.0294227185040995,-0.0168780606960699,-0.0064902646030952,-0.0294227185040995,-0.0168780606960699,0.0,0.0,0.0,0.0,1.1110549372947784,1.493155302675974,0.7965424244189935,1.1110549372947784,1.493155302675974
20250616,0.0067273800015534,0.0099512558449084,0.0025125628140703,0.0067273800015534,0.0099512558449084,0.0,0.0,0.0,0.0,1.1185294260605625,1.5080140731090843,0.798543787294418,1.1185294260605625,1.5080140731090843
20250617,0.0106934884998606,0.0006903609311596,-0.0002506265664161,0.0106934884998606,0.0006903609311596,0.0,0.0,0.0,0.0,1.1304904076148967,1.5090551471087978,0.7983436510068755,1.1304904076148967,1.5090551471087978
20250618,-0.0127571953103822,-0.002762350467446,0.0007318104585589,-0.0127571953103822,-0.002762350467446,0.0,0.0,0.0,0.0,1.11606852068844,1.50488660791778,0.7989278872402066,1.11606852068844,1.50488660791778
20250619,-0.0200614624885105,-0.0132871413103616,-0.0079405737704916,-0.0200614624885105,-0.0132871413103616,0.0,0.0,0.0,0.0,1.0936785539260414,1.4848909669023058,0.7925839414142727,1.0936785539260414,1.4848909669023058
20250620,-0.0137366584503359,-0.0052419914826162,0.0012909888974954,-0.0137366584503359,-0.0052419914826162,0.0,0.0,0.0,0.0,1.078655065176302,1.4771071811011902,0.7936071584829717,1.078655065176302,1.4771071811011902
20250623,0.0119268494554641,0.0170160649444685,0.0033522434244455,0.0119268494554641,0.0170160649444685,0.0,0.0,0.0,0.0,1.0915200217530336,1.5022417328247486,0.7962675228615891,1.0915200217530336,1.5022417328247486
20250624,0.0316718175068794,0.0203797828277428,0.0115651503469544,0.0316718175068794,0.0203797828277428,0.0,0.0,0.0,0.0,1.1260904446871007,1.532857093094489,0.8054764764798804,1.1260904446871007,1.532857093094489
20250625,0.0105393208603161,0.0106068959051019,0.0165142276422765,0.0105393208603161,0.0106068959051019,0.0,0.0,0.0,0.0,1.1379586732013942,1.5491159487183395,0.8187782983729679,1.1379586732013942,1.5491159487183395
20250626,-0.0056993594976614,-0.0005185821129784,-0.0037490627343165,-0.0056993594976614,-0.0005185821129784,0.0,0.0,0.0,0.0,1.1314730376293376,1.5483126048964047,0.8157086471668707,1.1314730376293376,1.5483126048964047
20250627,0.0137877501110346,0.0166692483477113,-0.0057701956848972,0.0137877501110346,0.0166692483477113,0.0,0.0,0.0,0.0,1.1470735051295442,1.5741218122273146,0.8110018486508551,1.1470735051295442,1.5741218122273146
20250630,0.0130750592228113,0.0100663605084521,0.0047943477163765,0.0130750592228113,0.0100663605084521,0.0,0.0,0.0,0.0,1.1620715591420308,1.5899674898734126,0.8148900735119115,1.1620715591420308,1.5899674898734126
20250701,0.0081663667306865,0.0009536090409587,0.0015067805123052,0.0081663667306865,0.0009536090409587,0.0,0.0,0.0,0.0,1.1715614616612853,1.5914836972465864,0.8161179339943502,1.1715614616612853,1.5914836972465864
20250702,-0.0005049553743985,-0.0042474062181277,0.0010030090270813,-0.0005049553743985,-0.0042474062181277,0.0,0.0,0.0,0.0,1.1709698754047813,1.5847240194948524,0.8169365076493095,1.1709698754047813,1.5847240194948524
20250703,-0.0003059207426499,0.00870001054731,0.0057615230460921,-0.0003059207426499,0.00870001054731,0.0,0.0,0.0,0.0,1.1706116514308769,1.5985111351790333,0.821643306165325,1.1706116514308769,1.5985111351790333
20250704,-0.0060497967817372,-0.0127174671775884,0.0042341220423414,-0.0060497967817372,-0.0127174671775884,0.0,0.0,0.0,0.0,1.1635296888293862,1.5781821222843844,0.8251222441989019,1.1635296888293862,1.5781821222843844
20250707,0.0047753552408795,0.0090610230982791,-0.0044642857142858,0.0047753552408795,0.0090610230982791,0.0,0.0,0.0,0.0,1.1690859564268565,1.5924820669476942,0.8214386627515853,1.1690859564268565,1.5924820669476942
20250708,0.0047621017237421,0.0086075177880136,0.0084703537618335,0.0047621017237421,0.0086075177880136,0.0,0.0,0.0,0.0,1.1746532626751596,1.606189384666039,0.8283965388187388,1.1746532626751596,1.606189384666039
20250709,-0.0035976884752293,-0.0040579629273308,-0.0007411067193675,-0.0035976884752293,-0.0040579629273308,0.0,0.0,0.0,0.0,1.1704272261696427,1.599671527688792,0.8277826085775195,1.1704272261696427,1.599671527688792
20250710,0.0063274749691887,0.001859731770823,0.0049443757725586,0.0063274749691887,0.001859731770823,0.0,0.0,0.0,0.0,1.177833075146488,1.6026464876517161,0.8318754768523157,1.177833075146488,1.6026464876517161
20250711,-0.0075089794418835,0.0014324371247869,0.0034440344403441,-0.0075089794418835,0.0014324371247869,0.0,0.0,0.0,0.0,1.1689887507992427,1.6049421779785378,0.8347404846446728,1.1689887507992427,1.6049421779785378
20250714,0.0058936125083644,0.008111143137757,-0.0002451581269917,0.0058936125083644,0.008111143137757,0.0,0.0,0.0,0.0,1.1758783175230905,1.6179600937119452,0.8345358412309332,1.1758783175230905,1.6179600937119452
20250715,-0.0158511983995101,-0.0115278074050425,0.0,-0.0158511983995101,-0.0115278074050425,0.0,0.0,0.0,0.0,1.1572392370183497,1.5993085613625895,0.8345358412309332,1.1572392370183497,1.5993085613625895
20250716,0.0112083072818781,0.006533359594238,-0.0022069641981363,0.0112083072818781,0.006533359594238,0.0,0.0,0.0,0.0,1.1702099299854976,1.6097574192961148,0.832694050507275,1.1702099299854976,1.6097574192961148
20250717,0.0102433346415328,0.0061913618855423,0.008110100761858,0.0102433346415328,0.0061913618855423,0.0,0.0,0.0,0.0,1.1821967818991836,1.6197240100269137,0.8394472831606886,1.1821967818991836,1.6197240100269137
20250718,0.0026389503951915,0.0033120117686976,0.0073135056070208,0.0026389503951915,0.0033120117686976,0.0,0.0,0.0,0.0,1.1853165405639707,1.6250885550101648,0.8455865855728827,1.1853165405639707,1.6250885550101648
20250721,0.0067860128292082,0.0158941499519422,0.006050338818974,0.0067860128292082,0.0158941499519422,0.0,0.0,0.0,0.0,1.1933601138149104,1.6509179561886815,0.8507026709163781,1.1933601138149104,1.6509179561886815
20250722,0.0038329438673451,0.0058388340146066,0.0105845561703148,0.0038329438673451,0.0058388340146066,0.0,0.0,0.0,0.0,1.1979341961446914,1.6605573921066006,0.8597069811209294,1.1979341961446914,1.6605573921066006
20250723,-0.0074074586773992,-0.0096529969338782,-0.0004760771244941,-0.0074074586773992,-0.0096529969338782,0.0,0.0,0.0,0.0,1.1890605480885061,1.6445280366920667,0.8592976942934498,1.1890605480885061,1.6445280366920667
20250724,0.0218291945678091,0.0148215024530563,0.0061919504643963,0.0218291945678091,0.0148215024530563,0.0,0.0,0.0,0.0,1.215016782145636,1.668902413022018,0.8646184230506848,1.215016782145636,1.668902413022018
20250725,0.0046544871345792,-0.0001870461529969,-0.0052071005917159,0.0046544871345792,-0.0001870461529969,0.0,0.0,0.0,0.0,1.2206720621264306,1.668590251245935,0.8601162679484091,1.2206720621264306,1.668590251245935
20250728,0.0013025868824368,0.0009237064179736,0.0026171782060435,0.0013025868824368,0.0009237064179736,0.0,0.0,0.0,0.0,1.2222620935423136,1.670131538769979,0.8623673454995472,1.2222620935423136,1.670131538769979
20250729,-0.001273091925078,0.0001328373698977,0.0049833887043189,-0.001273091925078,0.0001328373698977,0.0,0.0,0.0,0.0,1.220706041540696,1.6703533946509725,0.8666648571880832,1.220706041540696,1.6703533946509725
20250730,0.0039314700356089,-0.0013762282290013,-0.0007083825265643,0.0039314700356089,-0.0013762282290013,0.0,0.0,0.0,0.0,1.2255052107653002,1.6680546071568458,0.8660509269468637,1.2255052107653002,1.6680546071568458
20250731,-0.0202997905989737,-0.0130249472658738,-0.0181947069943289,-0.0202997905989737,-0.0130249472658738,0.0,0.0,0.0,0.0,1.2006277116088135,1.6463282838620301,0.8502933840888985,1.2006277116088135,1.6463282838620301
20250801,0.0106344529835857,0.0051949361027939,-0.0052948255114321,0.0106344529835857,0.0051949361027939,0.0,0.0,0.0,0.0,1.2133957305587078,1.6548808541009157,0.8457912289866227,1.2133957305587078,1.6548808541009157
20250804,0.0057078060089799,0.0140352588345752,0.0045971449310429,0.0057078060089799,0.0140352588345752,0.0,0.0,0.0,0.0,1.2203215580008613,1.6781075352286048,0.8496794538476792,1.2203215580008613,1.6781075352286048
20250805,0.0085680616249317,0.0120194612956553,0.0074662813102117,0.0085680616249317,0.0120194612956553,0.0,0.0,0.0,0.0,1.2307773483120454,1.6982774837982324,0.8560233996736131,1.2307773483120454,1.6982774837982324
20250806,0.0102083727646799,0.0114321158722329,0.002629691608893,0.0102083727646799,0.0114321158722329,0.0,0.0,0.0,0.0,1.243341582273939,1.7176923887762177,0.8582744772247508,1.243341582273939,1.7176923887762177
20250807,0.0067370959031481,0.0022831370123743,-0.0002384358607535,0.0067370959031481,0.0022831370123743,0.0,0.0,0.0,0.0,1.2517180937540906,1.7216141158449063,0.858069833811011,1.2517180937540906,1.7216141158449063
20250808,-0.0002218070796778,-0.0017594069559196,-0.0023849272597185,-0.0002218070796778,-0.0017594069559196,0.0,0.0,0.0,0.0,1.2514404538191353,1.7185850959940794,0.856023399673613,1.2514404538191353,1.7185850959940794
20250811,0.0097454611574817,0.0169380546999099,0.004542194597179,0.0097454611574817,0.0169380546999099,0.0,0.0,0.0,0.0,1.2636363181527308,1.7476945843564768,0.8599116245346693,1.2636363181527308,1.7476945843564768
20250812,0.0034159759546538,-0.0021699241873904,0.0061875297477391,0.0034159759546538,-0.0021699241873904,0.0,0.0,0.0,0.0,1.2679528694309676,1.7439022196057106,0.8652323532919043,1.2679528694309676,1.7439022196057106
20250813,-0.002907853599758,0.0038453805360803,0.0082781456953642,-0.002907853599758,0.0038453805360803,0.0,0.0,0.0,0.0,1.2642658481152693,1.7506081872578096,0.8723948727727975,1.2642658481152693,1.7506081872578096
20250814,-0.0051398855024444,-0.0142616927257209,-0.0016420361247946,-0.0051398855024444,-0.0142616927257209,0.0,0.0,0.0,0.0,1.257767666411306,1.7256415512080077,0.8709623688766189,1.257767666411306,1.7256415512080077
20250815,0.012477857603131,0.0174335231792005,0.0091635338345865,0.012477857603131,0.0174335231792005,0.0,0.0,0.0,0.0,1.2734619122506088,1.755725563189984,0.8789434620124715,1.2734619122506088,1.755725563189984
20250818,0.0090115487110652,0.0142281315445503,0.0074505238649591,0.0090115487110652,0.0142281315445503,0.0,0.0,0.0,0.0,1.2849377763045413,1.7807062574591808,0.8854920512521453,1.2849377763045413,1.7807062574591808
20250819,0.0072831735474556,0.0071579720229565,-0.0050843540559278,0.0072831735474556,0.0071579720229565,0.0,0.0,0.0,0.0,1.2942962011270491,1.793452503031177,0.8809898961498696,1.2942962011270491,1.793452503031177
20250820,0.0065047816827031,0.0075780815641818,0.0137049941927991,0.0065047816827031,0.0075780815641818,0.0,0.0,0.0,0.0,1.3027153153481326,1.807043432380633,0.8930638575605182,1.3027153153481326,1.807043432380633
20250821,-0.0069343172576553,-0.0057850582061178,0.0032080659945004,-0.0069343172576553,-0.0057850582061178,0.0,0.0,0.0,0.0,1.2936818740551022,1.796589580943328,0.8959288653528754,1.2936818740551022,1.796589580943328
20250822,-0.0002743380803061,0.0040256344649169,0.0230698949291914,-0.0002743380803061,0.0040256344649169,0.0,0.0,0.0,0.0,1.293326967853247,1.8038219938796844,0.9165978501405959,1.293326967853247,1.8038219938796844
20250825,0.0090181918115714,0.011034455966841,0.0192007144451888,0.0090181918115714,0.011034455966841,0.0,0.0,0.0,0.0,1.3049904385244258,1.823726188243169,0.9341971837222195,1.3049904385244258,1.823726188243169
20250826,0.0036947863050045,0.0051733050232535,-0.0052573932092004,0.0036947863050045,0.0051733050232535,0.0,0.0,0.0,0.0,1.3098120993248477,1.8331608800938461,0.9292857417924641,1.3098120993248477,1.8331608800938461
20250827,-0.0216074529176716,-0.0255987699372036,-0.0145342435586875,-0.0216074529176716,-0.0255987699372036,0.0,0.0,0.0,0.0,1.2815103960576895,1.7862342164664422,0.915779276485637,1.2815103960576895,1.7862342164664422
20250828,-0.005976678804379,-0.0001994338053898,0.0187709497206705,-0.005976678804379,-0.0001994338053898,0.0,0.0,0.0,0.0,1.2738512200359802,1.7858779809793348,0.9329693232397809,1.2738512200359802,1.7858779809793348
20250829,0.0059748673716837,-0.0006388639360687,0.009212546611099,0.0059748673716837,-0.0006388639360687,0.0,0.0,0.0,0.0,1.2814623121269526,1.784737047943068,0.9415643466168528,1.2814623121269526,1.784737047943068
20250901,0.009971929912642,0.0097323703893599,0.003260160834601,0.009971929912642,0.0097323703893599,0.0,0.0,0.0,0.0,1.2942409644891746,1.8021067699412627,0.9446339978229498,1.2942409644891746,1.8021067699412627
20250902,-0.0113696775586617,-0.0122712211942513,-0.0056325823223569,-0.0113696775586617,-0.0122712211942513,0.0,0.0,0.0,0.0,1.2795258620397214,1.7799927191516558,0.9393132690657149,1.2795258620397214,1.7799927191516558
20250903,-0.0232440582511413,-0.0170700060373853,-0.0089324618736382,-0.0232440582511413,-0.0170700060373853,0.0,0.0,0.0,0.0,1.2497844883686284,1.7496082326892353,0.930922889102383,1.2497844883686284,1.7496082326892353
20250904,0.012349570051221,-0.0051064029014403,-0.0204440536381621,0.012349570051221,-0.0051064029014403,0.0,0.0,0.0,0.0,1.2652187894566662,1.7406740281334472,0.911891051624581,1.2652187894566662,1.7406740281334472
20250905,0.0102717350120826,0.0211568372975778,0.0219928186714541,0.0102717350120826,0.0211568372975778,0.0,0.0,0.0,0.0,1.278214781594273,1.777501185334786,0.9319461061710821,1.278214781594273,1.777501185334786
20250908,0.0089969681759753,0.0124030075449468,0.0002195871761088,0.0089969681759753,0.0124030075449468,0.0,0.0,0.0,0.0,1.289714839306338,1.7995475459476453,0.9321507495848218,1.289714839306338,1.7995475459476453
20250909,-0.0080376788650017,-0.0046170143736662,-0.0059275521405048,-0.0080376788650017,-0.0046170143736662,0.0,0.0,0.0,0.0,1.2793485256005663,1.7912390090619092,0.9266253774138472,1.2793485256005663,1.7912390090619092
20250910,0.006114794386378,0.002264788872276,0.002208480565371,0.006114794386378,0.002264788872276,0.0,0.0,0.0,0.0,1.2871714787831297,1.7952957872372193,0.9286718115512453,1.2871714787831297,1.7952957872372193
20250911,0.0040099711104959,0.0122184850052136,0.0268840899074482,0.0040099711104959,0.0122184850052136,0.0,0.0,0.0,0.0,1.2923329992273043,1.8172315818935003,0.9536383080275019,1.2923329992273043,1.8172315818935003
20250912,-0.0113611547513744,0.0024685079528093,-0.0083690987124461,-0.0113611547513744,0.0024685079528093,0.0,0.0,0.0,0.0,1.277650604032775,1.8217174325055006,0.9456572148916498,1.277650604032775,1.8217174325055006
20250915,0.0019834860059447,0.0017401148727687,0.001731227007141,0.0019834860059447,0.0017401148727687,0.0,0.0,0.0,0.0,1.2801848061263608,1.8248874301037854,0.9472943622015679,1.2801848061263608,1.8248874301037854
20250916,0.0097642713508105,0.0141201409473311,-0.0019442644199609,0.0097642713508105,0.0141201409473311,0.0,0.0,0.0,0.0,1.2926848779525635,1.8506550978298635,0.9454525714779098,1.2926848779525635,1.8506550978298635
20250917,0.0014514849690623,-0.0008052215299912,0.0071428571428571,0.0014514849690623,-0.0008052215299912,0.0,0.0,0.0,0.0,1.2945611906226457,1.849164910500503,0.9522058041313235,1.2945611906226457,1.849164910500503
20250918,-0.0091185175874091,-0.0108895873879165,-0.0126799914033954,-0.0091185175874091,-0.0108895873879165,0.0,0.0,0.0,0.0,1.2827567116379759,1.829028267612939,0.9401318427206752,1.2827567116379759,1.829028267612939
20250919,-0.0003124330695874,0.002284114421598,0.0021767522855897,-0.0003124330695874,0.002284114421598,0.0,0.0,0.0,0.0,1.282355936021025,1.833205977456504,0.9421782768580731,1.282355936021025,1.833205977456504
20250922,0.003505421081333,0.0101865667512105,0.0032580364900085,0.003505421081333,0.0101865667512105,0.0,0.0,0.0,0.0,1.2868511335529256,1.8518800525145827,0.9452479280641701,1.2868511335529256,1.8518800525145827
20250923,-0.009893487010346,-0.0081749344979715,0.0006494912318684,-0.009893487010346,-0.0081749344979715,0.0,0.0,0.0,0.0,1.2741196885788708,1.836741054387176,0.9458618583053896,1.2741196885788708,1.836741054387176
20250924,0.0022321337609973,0.0082586882889252,0.0088706187797491,0.0022321337609973,0.0082586882889252,0.0,0.0,0.0,0.0,1.2769636941512992,1.8519101262228317,0.9542522382687219,1.2769636941512992,1.8519101262228317
20250925,-0.0112200930197229,-0.0060105762354447,0.0068625348488098,-0.0112200930197229,-0.0060105762354447,0.0,0.0,0.0,0.0,1.2626360427201127,1.8407790792279775,0.9608008275083958,1.2626360427201127,1.8407790792279775
20250926,0.0020741961241627,-0.0086588541568063,-0.0093716719914803,0.0020741961241627,-0.0086588541568063,0.0,0.0,0.0,0.0,1.2652549975061507,1.8248400416460422,0.9517965173038443,1.2652549975061507,1.8248400416460422
20250929,0.0131643954811817,0.0103193556098316,0.0165555794452805,0.0131643954811817,0.0103193556098316,0.0,0.0,0.0,0.0,1.2819113146778633,1.8436712149668475,0.9675540601618094,1.2819113146778633,1.8436712149668475
20250930,-0.0040822282871029,0.0015248342134399,0.0027495769881555,-0.0040822282871029,0.0015248342134399,0.0,0.0,0.0,0.0,1.2766782600475282,1.8464825079137634,0.9702144245404268,1.2766782600475282,1.8464825079137634
20251009,0.0036248595733077,0.0098876092381424,0.0158194473739718,0.0036248595733077,0.0098876092381424,0.0,0.0,0.0,0.0,1.2813060394604954,1.8647398054170798,0.9855626805709126,1.2813060394604954,1.8647398054170798
20251010,0.0155021183086552,0.0046324384749941,-0.020141196013289,0.0155021183086552,0.0046324384749941,0.0,0.0,0.0,0.0,1.3011689972738065,1.873378097837547,0.9657122694381512,1.3011689972738065,1.873378097837547
20251013,-0.0167036571483906,-0.0049102241618864,-0.0057215511760966,-0.0167036571483906,-0.0049102241618864,0.0,0.0,0.0,0.0,1.2794347164512296,1.8641793914371962,0.9601868972671764,1.2794347164512296,1.8641793914371962
20251014,0.0162928755666054,-0.0057766977198473,-0.0100170502983804,0.0162928755666054,-0.0057766977198473,0.0,0.0,0.0,0.0,1.3002803870819646,1.8534105905972946,0.9505686568214053,1.3002803870819646,1.8534105905972946
20251015,0.0166740400800752,0.0087170249249563,0.0131324004305706,0.0166740400800752,0.0087170249249563,0.0,0.0,0.0,0.0,1.3219613143715048,1.8695668169117095,0.9630519050595338,1.3219613143715048,1.8695668169117095
20251016,-0.0054898194749773,-0.0048520011953958,0.0031874203144921,-0.0054898194749773,-0.0048520011953958,0.0,0.0,0.0,0.0,1.3147039854027016,1.8604956764811815,0.9661215562656309,1.3147039854027016,1.8604956764811815
20251017,-0.0115859391813972,-0.0270339454551381,-0.0205464943867825,-0.0115859391813972,-0.0270339454551381,0.0,0.0,0.0,0.0,1.2994719049862855,1.8101991378436688,0.9462711451328696,1.2994719049862855,1.8101991378436688
20251020,0.0150927084725965,0.0106875968949212,0.0034602076124568,0.0150927084725965,0.0106875968949212,0.0,0.0,0.0,0.0,1.319084455616573,1.8295458165284757,0.9495454397527066,1.319084455616573,1.8295458165284757
20251021,0.0076477009349421,0.0195061135245435,0.0150862068965518,0.0076477009349421,0.0195061135245435,0.0,0.0,0.0,0.0,1.3291724190410594,1.8652331449240338,0.9638704787144932,1.3291724190410594,1.8652331449240338
20251022,0.0022611308128203,-0.004998616490698,-0.003184713375796,0.0022611308128203,-0.004998616490698,0.0,0.0,0.0,0.0,1.3321778517533038,1.85590955976682,0.9608008275083962,1.3321778517533038,1.85590955976682
20251023,-0.0129065260335599,0.0002439762325487,0.0038338658146963,-0.0129065260335599,0.0002439762325487,0.0,0.0,0.0,0.0,1.3149840636283179,1.8563623575891632,0.9644844089557126,1.3149840636283179,1.8563623575891632
20251024,0.0082764952004172,0.0065286733784532,0.0120942075111394,0.0082764952004172,0.0065286733784532,0.0,0.0,0.0,0.0,1.325867522919563,1.8684819410939184,0.9761490835388817,1.325867522919563,1.8684819410939184
20251027,0.0065626721400862,0.0068729380261251,0.0117400419287212,0.0065626721400862,0.0068729380261251,0.0,0.0,0.0,0.0,1.3345687567736721,1.881323901677991,0.987609114708311,1.3345687567736721,1.881323901677991
20251028,-0.0007118058635511,0.0012572566026814,-0.0049730625777042,-0.0007118058635511,0.0012572566026814,0.0,0.0,0.0,0.0,1.3336188029072884,1.883689208575158,0.9826976727785555,1.3336188029072884,1.883689208575158
20251029,-0.0040232198185126,0.0018929251882194,0.0124947938359016,-0.0040232198185126,0.0018929251882194,0.0,0.0,0.0,0.0,1.3282533613090908,1.8872548913248468,0.9949762776029439,1.3282533613090908,1.8872548913248468
20251030,-0.0213555732004216,-0.0103410776421537,-0.0080213903743313,-0.0213555732004216,-0.0103410776421537,0.0,0.0,0.0,0.0,1.2998877494229484,1.8677386419631221,0.9869951844670918,1.2998877494229484,1.8677386419631221
20251031,0.0199680283985154,0.0103582429794027,-0.0138917686087497,0.0199680283985154,0.0103582429794027,0.0,0.0,0.0,0.0,1.325843944918308,1.8870851326385958,0.9732840757465246,1.325843944918308,1.8870851326385958
20251103,0.0182530194523398,0.0103056372202621,0.001471825063078,0.0182530194523398,0.0103056372202621,0.0,0.0,0.0,0.0,1.3500446002356687,1.9065327474193194,0.9747165796427032,1.3500446002356687,1.9065327474193194
20251104,0.0090695907089637,0.0034675175476298,-0.0071383581776192,0.0090695907089637,0.0034675175476298,0.0,0.0,0.0,0.0,1.3622889521986528,1.9131436831761266,0.9677587035755497,1.3622889521986528,1.9131436831761266
20251105,0.0155462026252871,0.003356576298313,0.0012687671812223,0.0155462026252871,0.003356576298313,0.0,0.0,0.0,0.0,1.383467372283723,1.9195652959183427,0.9689865640579887,1.383467372283723,1.9195652959183427
20251106,0.0005658954245587,-0.0041453067814143,0.0147835269271381,0.0005658954245587,-0.0041453067814143,0.0,0.0,0.0,0.0,1.3842502701397246,1.9116081088798047,0.983311603019775,1.3842502701397246,1.9116081088798047
20251107,0.0084016407469387,0.0018597604103527,-0.0020811654526534,0.0084016407469387,0.0018597604103527,0.0,0.0,0.0,0.0,1.3958802436132913,1.9151632419608087,0.9812651688823771,1.3958802436132913,1.9151632419608087
20251110,0.0129014191958268,0.0049792198892744,0.0025026068821691,0.0129014191958268,0.0049792198892744,0.0,0.0,0.0,0.0,1.4138890797833192,1.924699260866387,0.983720889847255,1.4138890797833192,1.924699260866387
20251111,0.006462142862951,0.0103448202951676,-0.0091533180778032,0.006462142862951,0.0103448202951676,0.0,0.0,0.0,0.0,1.4230258330092453,1.944609928842292,0.9747165796427035,1.4230258330092453,1.944609928842292
20251112,-0.0122492880985858,-0.0086153948951545,0.0004199034222127,-0.0122492880985858,-0.0086153948951545,0.0,0.0,0.0,0.0,1.405594779608985,1.9278563463882774,0.9751258664701831,1.405594779608985,1.9278563463882774
20251113,0.0181195051181859,0.01648270232931,0.0098635886673663,0.0181195051181859,0.01648270232931,0.0,0.0,0.0,0.0,1.4310634614122053,1.9596326286794663,0.9847441069159542,1.4310634614122053,1.9596326286794663
20251114,0.0074164346876898,-0.0057029837008533,-0.0147547797173734,0.0074164346876898,-0.0057029837008533,0.0,0.0,0.0,0.0,1.4416768501077082,1.948456875738447,0.9702144245404277,1.4416768501077082,1.948456875738447
20251117,-0.001902726389972,0.0058132906418888,-0.0065387049145748,-0.001902726389972,0.0058132906418888,0.0,0.0,0.0,0.0,1.4389337335191965,1.9597838218603014,0.9638704787144939,1.4389337335191965,1.9597838218603014
20251118,-0.0056044246737378,-0.0134975675403334,-0.0057324840764332,-0.0056044246737378,-0.0134975675403334,0.0,0.0,0.0,0.0,1.430869337799188,1.9333315073602892,0.958345106543519,1.430869337799188,1.9333315073602892
20251119,-0.0164468770898651,-0.0122779426643798,0.0029895366218237,-0.0164468770898651,-0.0122779426643798,0.0,0.0,0.0,0.0,1.4073360056687478,1.9095941739616806,0.9612101143358764,1.4073360056687478,1.9095941739616806
20251120,-0.0126899058296682,-0.0085418529613899,-0.0044709388971685,-0.0126899058296682,-0.0085418529613899,0.0,0.0,0.0,0.0,1.38947704428611,1.8932827013117732,0.9569126026473403,1.38947704428611,1.8932827013117732
20251121,-0.0341306744781657,-0.0390334784004222,-0.0239520958083833,-0.0341306744781657,-0.0390334784004222,0.0,0.0,0.0,0.0,1.342053255592697,1.8193812918842271,0.9339925403084818,1.342053255592697,1.8193812918842271
20251124,0.0073386479090605,0.0137821608746095,-0.0015337423312882,0.0073386479090605,0.0137821608746095,0.0,0.0,0.0,0.0,1.3519021119107002,1.8444562975412306,0.9325600364123032,1.3519021119107002,1.8444562975412306
20251125,0.0140078142752749,0.0146830306113657,0.0087777046302393,0.0140078142752749,0.0146830306113657,0.0,0.0,0.0,0.0,1.370839305612697,1.8715385058193548,0.9407457729618957,1.370839305612697,1.8715385058193548
20251126,-0.0100082276257201,-0.0056461443578699,0.0063084620404612,-0.0100082276257201,-0.0056461443578699,0.0,0.0,0.0,0.0,1.3571196338038412,1.8609715292441866,0.9466804319603501,1.3571196338038412,1.8609715292441866
20251127,0.0035253872277518,0.0032403544728525,-0.0008646779074796,0.0035253872277518,0.0032403544728525,0.0,0.0,0.0,0.0,1.3619040060273846,1.8670017366628242,0.9458618583053908,1.3619040060273846,1.8670017366628242
20251128,0.0229841804074734,0.0134701883332034,0.0028126352228472,0.0229841804074734,0.0134701883332034,0.0,0.0,0.0,0.0,1.3932062533995786,1.89215060167409,0.9485222226840083,1.3932062533995786,1.89215060167409
20251201,-0.0082307697836974,0.0077148689675828,0.0112189859762676,-0.0082307697836974,0.0077148689675828,0.0,0.0,0.0,0.0,1.3817390934666391,1.9067482956329387,0.9591636801984784,1.3817390934666391,1.9067482956329387
20251202,0.0229784264382466,0.0001535958366896,-0.0044804779176446,0.0229784264382466,0.0001535958366896,0.0,0.0,0.0,0.0,1.413489283582712,1.907041164232763,0.9548661685099424,1.413489283582712,1.907041164232763
20251203,0.0010667424705325,-0.0069951805335742,-0.0045006429489927,0.0010667424705325,-0.0069951805335742,0.0,0.0,0.0,0.0,1.414997112633152,1.8937010670039973,0.9505686568214066,1.414997112633152,1.8937010670039973
20251204,-0.0301502374593803,-0.0121430363677419,0.0025834230355221,-0.0301502374593803,-0.0121430363677419,0.0,0.0,0.0,0.0,1.372334613682925,1.870705786077736,0.9530243777862843,1.372334613682925,1.870705786077736
20251205,0.0159797792613563,0.011256152870046,0.008803951041443,0.0159797792613563,0.011256152870046,0.0,0.0,0.0,0.0,1.3942642178822968,1.8917627363807068,0.9614147577496165,1.3942642178822968,1.8917627363807068
20251208,0.0004479288588997,0.0099387388672972,0.0072371221796507,0.0004479288588997,0.0099387388672972,0.0,0.0,0.0,0.0,1.3948887490624176,1.910564472216478,0.9683726338167699,1.3948887490624176,1.910564472216478
20251209,-0.00243376065644,-0.0095038569260049,-0.0050718512256973,-0.00243376065644,-0.0095038569260049,0.0,0.0,0.0,0.0,1.3914939237048387,1.8924067408246246,0.9634611918870145,1.3914939237048387,1.8924067408246246
20251210,-0.0012305320008787,0.0045519954461549,-0.0012744265080714,-0.0012305320008787,0.0045519954461549,0.0,0.0,0.0,0.0,1.3897816459026915,1.901020967691131,0.9622333314045757,1.3897816459026915,1.901020967691131
20251211,-0.0310493832675487,-0.0209652977637885,-0.0072309655465759,-0.0310493832675487,-0.0209652977637885,0.0,0.0,0.0,0.0,1.3466297829208542,1.861165497048281,0.9552754553374223,1.3466297829208542,1.861165497048281
20251212,-0.0074311026663509,-0.0013086819027955,0.0055698371893744,-0.0074311026663509,-0.0013086819027955,0.0,0.0,0.0,0.0,1.3366228387504036,1.8587298234441865,0.9605961840946573,1.3366228387504036,1.8587298234441865
20251215,0.0129782675670319,0.0025186746716215,-0.0057520238602472,0.0129782675670319,0.0025186746716215,0.0,0.0,0.0,0.0,1.3539698875879118,1.8634113591718828,0.9550708119236824,1.3539698875879118,1.8634113591718828
20251216,-0.0114967945877623,-0.0152605684149276,-0.0100707092350545,-0.0114967945877623,-0.0152605684149276,0.0,0.0,0.0,0.0,1.338403573912298,1.834974642640087,0.9454525714779115,1.338403573912298,1.834974642640087
20251217,-0.0007446342611994,0.0051073189912771,0.017099567099567,-0.0007446342611994,0.0051073189912771,0.0,0.0,0.0,0.0,1.337406952755851,1.8443464434809547,0.9616194011633563,1.337406952755851,1.8443464434809547
20251218,-0.0055715222363056,0.0002988395993296,-0.0065971483294318,-0.0055715222363056,0.0002988395993296,0.0,0.0,0.0,0.0,1.329955560179582,1.8448976072331493,0.9552754553374223,1.329955560179582,1.8448976072331493
20251219,0.0252839471777909,0.0167837870150823,0.0042844901456724,0.0252839471777909,0.0167837870150823,0.0,0.0,0.0,0.0,1.3635820863119719,1.8758619757375854,0.9593683236122182,1.3635820863119719,1.8758619757375854
20251222,0.004379554757778,0.0068613938655976,0.0089590443686009,0.004379554757778,0.0068613938655976,0.0,0.0,0.0,0.0,1.3695539687257003,1.8887330035906194,0.9679633469892904,1.3695539687257003,1.8887330035906194
20251223,-0.0110663990941599,-0.0066259363334737,0.0021141649048626,-0.0110663990941599,-0.0066259363334737,0.0,0.0,0.0,0.0,1.3543979379267912,1.8762183789578972,0.9700097811266886,1.3543979379267912,1.8762183789578972
20251224,0.0144511263521745,0.0112986796043513,0.0035864978902953,0.0144511263521745,0.0112986796043513,0.0,0.0,0.0,0.0,1.3739705136588958,1.8974171692895379,0.9734887191602652,1.3739705136588958,1.8974171692895379
20251225,0.0045801543728781,0.0097196117936838,0.0018919487071684,0.0045801543728781,0.0097196117936838,0.0,0.0,0.0,0.0,1.3802635107152361,1.9158593275857025,0.9753305098839236,1.3802635107152361,1.9158593275857025
20251226,0.0032979390016394,0.0006939633479726,0.0037767519932856,0.0032979390016394,0.0006939633479726,0.0,0.0,0.0,0.0,1.3848155355797638,1.9171888637389183,0.97901409133124,1.3848155355797638,1.9171888637389183
20251229,-0.0031387906889425,-0.0008145824394531,-0.0043896321070233,-0.0031387906889425,-0.0008145824394531,0.0,0.0,0.0,0.0,1.380468889470783,1.9156271553574016,0.9747165796427042,1.380468889470783,1.9156271553574016
20251230,-0.0086275719932759,0.0003929020165717,0.0020995171110644,-0.0086275719932759,0.0003929020165717,0.0,0.0,0.0,0.0,1.3685587947423963,1.9163798091297408,0.9767630137801023,1.3685587947423963,1.9163798091297408
20251231,-0.002401917236659,-0.0046047887957018,-0.0041902367483761,-0.002401917236659,-0.0046047887957018,0.0,0.0,0.0,0.0,1.3652716297839234,1.907555284856351,0.9726701455053063,1.3652716297839234,1.907555284856351
20260105,0.0060366667784848,0.0136528981219548,0.0191458026509572,0.0060366667784848,0.0136528981219548,0.0,0.0,0.0,0.0,1.3735133196750478,1.9335989428224913,0.9912926961556288,1.3735133196750478,1.9335989428224913
20260106,0.0166061675408065,0.0111703594809128,0.0154830718414531,0.0166061675408065,0.0111703594809128,0.0,0.0,0.0,0.0,1.396322111981101,1.9551979381057314,1.0066409521861142,1.396322111981101,1.9551979381057314
20260107,0.0086771134032623,0.0011586180329021,-0.0036592803415327,0.0086771134032623,0.0011586180329021,0.0,0.0,0.0,0.0,1.4084381572942437,1.957463265694714,1.0029573707387978,1.4084381572942437,1.957463265694714
20260108,0.0171939730789008,0.0111096305175458,-0.007753519689859,0.0171939730789008,0.0111096305175458,0.0,0.0,0.0,0.0,1.4326548050540575,1.9792099593282508,0.9951809210166852,1.4326548050540575,1.9792099593282508
20260109,0.0105831377336187,0.0108879950720186,0.0045239564055108,0.0105831377336187,0.0108879950720186,0.0,0.0,0.0,0.0,1.4478167881806754,2.000759587611907,0.9996830761189608,1.4478167881806754,2.000759587611907
20260112,0.019348473354608,0.0153960910008667,0.0057318321392016,0.019348473354608,0.0153960910008667,0.0,0.0,0.0,0.0,1.4758298327291435,2.0315634642936367,1.0054130917036754,1.4758298327291435,2.0315634642936367
20260113,-0.0270520572439593,-0.010342189678862,-0.0034602076124568,-0.0270520572439593,-0.010342189678862,0.0,0.0,0.0,0.0,1.4359055996118117,2.010552649601266,1.0019341536700987,1.4359055996118117,2.010552649601266
20260114,0.0007751706170053,0.0043916287782189,-0.0061274509803922,0.0007751706170053,0.0043916287782189,0.0,0.0,0.0,0.0,1.4370186714414244,2.019382250477379,0.9957948512579045,1.4370186714414244,2.019382250477379
20260115,-0.0160369182400597,-0.0061315488129548,0.0018495684340322,-0.0160369182400597,-0.0061315488129548,0.0,0.0,0.0,0.0,1.4139733204980791,2.0070003096365627,0.997636641981563,1.4139733204980791,2.0070003096365627
20260116,-0.0090633874226877,-0.003523585317377,-0.0032820512820513,-0.0090633874226877,-0.003523585317377,0.0,0.0,0.0,0.0,1.4011579324890608,1.9999284728135562,0.994362347361726,1.4011579324890608,1.9999284728135562
20260119,0.0192832194187,0.0124859488041077,0.0004424028869172,0.0192832194187,0.0124859488041077,0.0,0.0,0.0,0.0,1.4281767683414994,2.0248994773369837,0.9948022561348406,1.4281767683414994,2.0248994773369837
20260120,-0.006929478237071,-0.0049751359215372,-0.0029548332629802,-0.006929478237071,-0.0049751359215372,0.0,0.0,0.0,0.0,1.4182802485065866,2.0148253272097825,0.9918627813383257,1.4182802485065866,2.0148253272097825
20260121,-0.0015042464775973,0.0065489781634809,0.0012701100762066,-0.0015042464775973,0.0065489781634809,0.0,0.0,0.0,0.0,1.416146805438525,2.0280203742809078,0.9931225562511179,1.416146805438525,2.0280203742809078
20260122,0.0126441444609867,0.0120022885877724,-0.0006342494714588,0.0126441444609867,0.0120022885877724,0.0,0.0,0.0,0.0,1.4340527702244543,2.0523612600749095,0.9924926687947218,1.4340527702244543,2.0523612600749095
20260123,0.0088074954173233,0.0132539485990805,-0.0048656653268458,0.0088074954173233,0.0132539485990805,0.0,0.0,0.0,0.0,1.4466831834264062,2.0795631507226866,0.9876635316290185,1.4466831834264062,2.0795631507226866
20260126,-0.0141491528788876,-0.0135484539278659,0.0017006802721089,-0.0141491528788876,-0.0135484539278659,0.0,0.0,0.0,0.0,1.4262138418967902,2.0513882851850327,0.9893432315127414,1.4262138418967902,2.0513882851850327
20260127,-0.0032609675581431,-0.0060931837104224,-0.0004244482173173,-0.0032609675581431,-0.0060931837104224,0.0,0.0,0.0,0.0,1.4215630048273902,2.0388887995019918,0.9889233065418108,1.4215630048273902,2.0388887995019918
20260128,-0.0116114766967429,-0.0027388493226784,0.003184713375796,-0.0116114766967429,-0.0027388493226784,0.0,0.0,0.0,0.0,1.405056559123885,2.0333045902944593,0.992072743823791,1.405056559123885,2.0333045902944593
20260129,0.0051086066756848,-0.0010390422577815,0.009100529100529,0.0051086066756848,-0.0010390422577815,0.0,0.0,0.0,0.0,1.41223444044154,2.0311919009022024,1.0011011306988011,1.41223444044154,2.0311919009022024
20260130,-0.0013770700149506,-0.0024424954456048,-0.011954697986577,-0.0013770700149506,-0.0024424954456048,0.0,0.0,0.0,0.0,1.4102896947395274,2.0262307239350994,0.9891332690272762,1.4102896947395274,2.0262307239350994
20260202,-0.0098405096464038,-0.023673397181455,-0.0235618764593505,-0.0098405096464038,-0.023673397181455,0.0,0.0,0.0,0.0,1.3964117253942192,1.9782629592261167,0.965827433140622,1.3964117253942192,1.9782629592261167
20260203,0.016554175367168,0.01843834439404,0.0139130434782608,0.016554175367168,0.01843834439404,0.0,0.0,0.0,0.0,1.4195281699811648,2.0147388529703005,0.9792650322104045,1.4195281699811648,2.0147388529703005
20260204,0.0156278281548071,0.0076843962953645,0.0092195540308748,0.0156278281548071,0.0076843962953645,0.0,0.0,0.0,0.0,1.4417123122825382,2.0302209047481927,0.9882934190854147,1.4417123122825382,2.0302209047481927
20260205,0.0011191232305895,-0.0063256881384474,-0.0059485872105374,0.0011191232305895,-0.0063256881384474,0.0,0.0,0.0,0.0,1.4433257660230405,2.017378360452599,0.982414469492385,1.4433257660230405,2.017378360452599
20260206,-0.0024988873452823,0.0057588417256115,-0.0064116264159008,-0.0024988873452823,0.0057588417256115,0.0,0.0,0.0,0.0,1.4397190575312058,2.0289961231311193,0.9761155949284245,1.4397190575312058,2.0289961231311193
20260209,0.0148362235838125,0.015268953417146,0.0167778016777802,0.0148362235838125,0.015268953417146,0.0,0.0,0.0,0.0,1.4610790513666145,2.059976770418778,0.992492668794722,1.4610790513666145,2.059976770418778
20260210,-0.0120841166516886,-0.0015417833366757,0.0012693039983073,-0.0120841166516886,-0.0015417833366757,0.0,0.0,0.0,0.0,1.4434232016725619,2.056800732560207,0.9937524437075139,1.4434232016725619,2.056800732560207
20260211,-0.0033846763041246,-0.0041000582012853,-0.00211282484682,-0.0033846763041246,-0.0041000582012853,0.0,0.0,0.0,0.0,1.438537681365037,2.048367729848264,0.9916528188528606,1.438537681365037,2.048367729848264
20260212,-0.0096326661389934,-0.0023104580192085,0.0008469193309337,-0.0096326661389934,-0.0023104580192085,0.0,0.0,0.0,0.0,1.424680728152086,2.043635062200548,0.992492668794722,1.424680728152086,2.043635062200548
20260213,-0.0080953285591145,-0.0080978863117838,-0.0118468373175375,-0.0080953285591145,-0.0080978863117838,0.0,0.0,0.0,0.0,1.4131474695658561,2.0270859378040726,0.9807347696086622,1.4131474695658561,2.0270859378040726
20260224,0.0081347272302784,0.0132016410484559,0.0096339113680155,0.0081347272302784,0.0132016410484559,0.0,0.0,0.0,0.0,1.4246430387669324,2.0538467987293347,0.9901830814546032,1.4246430387669324,2.0538467987293347
20260225,0.0091190879173475,0.0095842875508128,0.0072094995759117,0.0091190879173475,0.0095842875508128,0.0,0.0,0.0,0.0,1.4376344838882853,2.073531457033673,0.9973218059604252,1.4376344838882853,2.073531457033673
20260226,-0.0016018646969733,-0.002643302125826,-0.003157894736842,-0.0016018646969733,-0.002643302125826,0.0,0.0,0.0,0.0,1.4353315879613933,2.068050486925329,0.9941723686784449,1.4353315879613933,2.068050486925329
20260227,0.0079842071517574,0.002919377739197,-0.0021119324181627,0.0079842071517574,0.002919377739197,0.0,0.0,0.0,0.0,1.4467915726911378,2.074087907480394,0.9920727438237914,1.4467915726911378,2.074087907480394
20260302,-0.0351454188695477,-0.0182619969686893,0.002962962962963,-0.0351454188695477,-0.0182619969686893,0.0,0.0,0.0,0.0,1.395943476851976,2.036210920401192,0.9950122186203064,1.395943476851976,2.036210920401192
20260303,-0.0302661750397408,-0.0319343950407066,-0.0128719139058872,-0.0302661750397408,-0.0319343950407066,0.0,0.0,0.0,0.0,1.3536936072359897,1.9711857564828994,0.9822045070069201,1.3536936072359897,1.9711857564828994
20260304,-0.0007753244482947,-0.0065901042044616,-0.0145361265498075,-0.0007753244482947,-0.0065901042044616,0.0,0.0,0.0,0.0,1.3526440554867996,1.9581954369413266,0.9679270579952762,1.3526440554867996,1.9581954369413266
20260305,0.0195893426423633,0.0140827837499104,0.0095444685466377,0.0195893426423633,0.0140827837499104,0.0,0.0,0.0,0.0,1.3791414633628862,1.9857722798198327,0.9771654073557517,1.3791414633628862,1.9857722798198327
20260306,0.0335967201243765,0.0166852424025045,0.0027932960893852,0.0335967201243765,0.0166852424025045,0.0,0.0,0.0,0.0,1.4254760931194121,2.018905371664801,0.9798949196668011,1.4254760931194121,2.018905371664801
20260309,-0.0014011417878292,-0.0093936221786553,-0.0081422755517462,-0.0014011417878292,-0.0093936221786553,0.0,0.0,0.0,0.0,1.423478798997791,1.9999405373889243,0.9719163452191178,1.423478798997791,1.9999405373889243
20260310,0.0149408162952529,0.0164296310299233,0.0116655865197667,0.0149408162952529,0.0164296310299233,0.0,0.0,0.0,0.0,1.4447467342338043,2.032798822500011,0.983254319434247,1.4447467342338043,2.032798822500011
20260311,-0.0022049659218242,0.0004928740359878,0.0059790732436473,-0.0022049659218242,0.0004928740359878,0.0,0.0,0.0,0.0,1.441561116919152,2.0338007362600075,0.9891332690272769,1.441561116919152,2.0338007362600075
20260312,-0.0178263064767611,-0.0052872735980312,-0.0036085756739547,-0.0178263064767611,-0.0052872735980312,0.0,0.0,0.0,0.0,1.4158634066439693,2.0230474753235237,0.9855639067743659,1.4158634066439693,2.0230474753235237
20260313,0.0161540249376915,-0.0035788475858184,-0.0036216446527481,0.0161540249376915,-0.0035788475858184,0.0,0.0,0.0,0.0,1.4387352994232607,2.015807296750466,0.9819945445214551,1.4387352994232607,2.015807296750466
20260316,-0.0143372857614736,0.0011787816888939,0.0006414368184735,-0.0143372857614736,0.0011787816888939,0.0,0.0,0.0,0.0,1.4181077403003102,2.0181834934802145,0.9826244319778512,1.4181077403003102,2.0181834934802145
20260317,-0.0083643351483954,-0.015167193438515,-0.0072649572649572,-0.0083643351483954,-0.015167193438515,0.0,0.0,0.0,0.0,1.4062462118839048,1.9875733140401821,0.9754857074720292,1.4062462118839048,1.9875733140401821
20260318,0.0011776156991481,0.0078276429061255,0.0034438226431339,0.0011776156991481,0.0078276429061255,0.0,0.0,0.0,0.0,1.4079022294998869,2.003131328192233,0.9788451072394749,1.4079022294998869,2.003131328192233
20260319,-0.0322385272882716,-0.0247068117414004,-0.0135135135135134,-0.0322385272882716,-0.0247068117414004,0.0,0.0,0.0,0.0,1.3625135350549364,1.9536403395732862,0.9656174706551578,1.3625135350549364,1.9536403395732862
20260320,-0.0334940362294481,-0.0259572483858866,-0.005001087192868,-0.0334940362294481,-0.0259572483858866,0.0,0.0,0.0,0.0,1.316877457348693,1.9029292120222945,0.9607883334894547,1.316877457348693,1.9029292120222945
20260323,-0.0422218663097914,-0.0498133993082505,-0.0319055944055943,-0.0422218663097914,-0.0498133993082505,0.0,0.0,0.0,0.0,1.2612764333981383,1.8081378393284935,0.9301338106115133,1.2612764333981383,1.8081378393284935
20260324,0.037413131485452,0.0360604994123359,0.011060948081264,0.037413131485452,0.0360604994123359,0.0,0.0,0.0,0.0,1.3084647344403648,1.873340192821021,0.9404219723993156,1.3084647344403648,1.873340192821021
20260325,0.0167282061939929,0.0200447975563992,0.0145121678946193,0.0167282061939929,0.0200447975563992,0.0,0.0,0.0,0.0,1.3303530023156513,1.9108909177403839,0.9540695339545636,1.3303530023156513,1.9108909177403839
20260326,-0.0188560979636479,-0.0160661789833254,-0.0123239436619716,-0.0188560979636479,-0.0160661789833254,0.0,0.0,0.0,0.0,1.3052677357777545,1.8801902022383559,0.942311634768504,1.3052677357777545,1.8801902022383559
20260327,0.0146978351333886,0.0131042690453712,0.0044563279857396,0.0146978351333886,0.0131042690453712,0.0,0.0,0.0,0.0,1.3244523457631474,1.9048287205049579,0.946510884477811,1.3244523457631474,1.9048287205049579
20260330,0.0012142467455867,0.0009365378121764,-0.0017746228926354,0.0012142467455867,0.0009365378121764,0.0,0.0,0.0,0.0,1.326060557713675,1.9066126646274304,0.944831184594088,1.326060557713675,1.9066126646274304
20260331,-0.0115752773620408,-0.0138348367776724,-0.0082222222222221,-0.0115752773620408,-0.0138348367776724,0.0,0.0,0.0,0.0,1.3107110389592767,1.8802349896140669,0.93706257263187,1.3107110389592767,1.8802349896140669
20260401,0.0079296664325585,0.0124228749106225,0.0159085816715214,0.0079296664325585,0.0124228749106225,0.0,0.0,0.0,0.0,1.321104540287696,1.9035929136926182,0.9519699090999101,1.321104540287696,1.9035929136926182
20260402,-0.0238641240211802,-0.0180771512709963,-0.00992501102779,-0.0238641240211802,-0.0180771512709963,0.0,0.0,0.0,0.0,1.289577537693326,1.8691813766334002,0.9425215972539692,1.289577537693326,1.8691813766334002
20260403,-0.0353128128524542,-0.0282326171491669,-0.0077968367119625,-0.0353128128524542,-0.0282326171491669,0.0,0.0,0.0,0.0,1.2440389274460328,1.8164094944445566,0.9351729102626819,1.2440389274460328,1.8164094944445566
20260407,0.0180818700930784,0.0174388581653399,-0.0017961383026494,0.0180818700930784,0.0174388581653399,0.0,0.0,0.0,0.0,1.2665334777228447,1.848085601988352,0.933493210378959,1.2665334777228447,1.848085601988352
20260408,0.0397572955336746,0.0375418397512342,0.0350877192982457,0.0397572955336746,0.0375418397512342,0.0,0.0,0.0,0.0,1.3168874234999646,1.9174661355047617,0.9662473581115542,1.3168874234999646,1.9174661355047617
20260409,-0.0190805399792358,-0.0105224655928386,-0.0065189048239896,-0.0190805399792358,-0.0105224655928386,0.0,0.0,0.0,0.0,1.2917605003677208,1.8972896640684795,0.9599484835475935,1.2917605003677208,1.8972896640684795
20260410,0.0117079895140032,0.0078588697746747,0.0153105861767279,0.0117079895140032,0.0078588697746747,0.0,0.0,0.0,0.0,1.3068844187606294,1.91220021646323,0.9746458575301683,1.3068844187606294,1.91220021646323
20260413,-0.0006897157106735,0.00040614478399,0.0021542438604049,-0.0006897157106735,0.00040614478399,0.0,0.0,0.0,0.0,1.3059830400449757,1.912976846607091,0.9767454823848218,1.3059830400449757,1.912976846607091
20260414,0.0128722411419716,0.0080602219009956,0.0128976784178846,0.0128722411419716,0.0080602219009956,0.0,0.0,0.0,0.0,1.3227939686637595,1.928395864482211,0.989343231512743,1.3227939686637595,1.928395864482211
20260415,-0.0088300785131281,-0.0067468115808442,-0.0038200339558573,-0.0088300785131281,-0.0067468115808442,0.0,0.0,0.0,0.0,1.3111135940637662,1.9153853409312702,0.9855639067743667,1.3111135940637662,1.9153853409312702
20260416,0.0095916560403834,0.0152564438283079,0.0110779718789946,0.0095916560403834,0.0152564438283079,0.0,0.0,0.0,0.0,1.3236893446878968,1.9446073097947523,0.9964819560185652,1.3236893446878968,1.9446073097947523
20260417,-0.0044156819507851,0.0006780795138135,-0.0014749262536875,-0.0044156819507851,0.0006780795138135,0.0,0.0,0.0,0.0,1.3178443535401119,1.945925908173936,0.9950122186203075,1.3178443535401119,1.945925908173936
20260420,0.0049418085540537,0.0088628017719744,0.0054863895336567,0.0049418085540537,0.0088628017719744,0.0,0.0,0.0,0.0,1.324356888039348,1.9631722637610307,1.0004712432424065,1.324356888039348,1.9631722637610307
20260421,-0.0014777844759998,-0.0047280426779363,0.002308499475341,-0.0014777844759998,-0.0047280426779363,0.0,0.0,0.0,0.0,1.32239977398952,1.9538903015138278,1.0027808305825254,1.32239977398952,1.9538903015138278
20260422,-0.0010351202719873,0.0048153693887285,0.0073283082077051,-0.0010351202719873,0.0048153693887285,0.0,0.0,0.0,0.0,1.321030931175792,1.9632990050606711,1.0101295175738128,1.321030931175792,1.9632990050606711
20260423,-0.0065138262387752,-0.0125390650939365,-0.0020785699438784,-0.0065138262387752,-0.0125390650939365,0.0,0.0,0.0,0.0,1.3124259652340655,1.9386810710373545,1.0080298927191593,1.3124259652340655,1.9386810710373545
20260424,-0.0125080595239312,-0.0039153004614561,-0.0039575088523224,-0.0125080595239312,-0.0039153004614561,0.0,0.0,0.0,0.0,1.296010063140165,1.931090552145306,1.0040406054953177,1.296010063140165,1.931090552145306
20260427,0.0112974336526643,0.0071109641787037,0.0,0.0112974336526643,0.0071109641787037,0.0,0.0,0.0,0.0,1.3106516508416763,1.9448224678874444,1.0040406054953177,1.3106516508416763,1.9448224678874444
20260428,0.0013197788270932,-0.0073795235333741,-0.0025094102885823,0.0013197788270932,-0.0073795235333741,0.0,0.0,0.0,0.0,1.3123814211401519,1.9304706047174343,1.0015210556697334,1.3123814211401519,1.9304706047174343
20260429,0.0137894714502277,0.0145353411021194,0.0106918238993711,0.0137894714502277,0.0145353411021194,0.0,0.0,0.0,0.0,1.3304784672787733,1.958530653444617,1.0122291424284664,1.3304784672787733,1.958530653444617
20260430,0.0050354337747324,0.0032816880294903,0.0006222775357809,0.0050354337747324,0.0032816880294903,0.0,0.0,0.0,0.0,1.3371780034894631,1.964957940045416,1.0128590298848623,1.3371780034894631,1.964957940045416
20260506,0.0199143988756869,0.0156062787676057,0.0132669983416251,0.0199143988756869,0.0156062787676057,0.0,0.0,0.0,0.0,1.363807099618747,1.995623621424385,1.026296628954645,1.363807099618747,1.995623621424385
20260507,0.0096561223779442,0.0114705011197154,0.0049099836333879,0.0096561223779442,0.0114705011197154,0.0,0.0,0.0,0.0,1.3769761878725746,2.0185144244084636,1.0313357286058134,1.3769761878725746,2.0185144244084636
20260508,0.0100000076346157,0.0084111159510567,-0.0052931596091204,0.0100000076346157,0.0084111159510567,0.0,0.0,0.0,0.0,1.3907459602639842,2.035492383281044,1.0258767039837144,1.3907459602639842,2.035492383281044
20260511,0.002685068113138,0.0046499399565797,0.0163733115022512,0.002685068113138,0.0046499399565797,0.0,0.0,0.0,0.0,1.3944802078953646,2.0449573006453763,1.0426737028209427,1.3944802078953646,2.0449573006453763
20260512,-0.0054344014692719,-0.0107671511762364,-0.0006041079339509,-0.0054344014692719,-0.0107671511762364,0.0,0.0,0.0,0.0,1.3869020426047076,2.0229389362403793,1.0420438153645466,1.3869020426047076,2.0229389362403793
20260513,0.0111479832253272,0.0102950694720924,0.0108805158170461,0.0111479832253272,0.0102950694720924,0.0,0.0,0.0,0.0,1.4023632033108369,2.043765233126775,1.0533817895796758,1.4023632033108369,2.043765233126775
20260514,-0.0129580373046294,-0.0174920312873368,-0.0151484951166036,-0.0129580373046294,-0.0174920312873368,0.0,0.0,0.0,0.0,1.3841913286076954,2.00801562772495,1.0374246406843088,1.3841913286076954,2.00801562772495
20260515,-0.0027012318565112,-0.000605131128059,-0.012750455373406,-0.0027012318565112,-0.000605131128059,0.0,0.0,0.0,0.0,1.3804523068953538,2.006800514962985,1.0241970040999917,1.3804523068953538,2.006800514962985
20260518,-0.0025668499542708,-0.0038291552217152,-0.005330053300533,-0.0025668499542708,-0.0038291552217152,0.0,0.0,0.0,0.0,1.3769088929545263,1.9991161642921735,1.0187379794778926,1.3769088929545263,1.9991161642921735
20260519,0.0063015185472763,0.0081682368469122,0.0035037098103873,0.0063015185472763,0.0081682368469122,0.0,0.0,0.0,0.0,1.385585509881389,2.015445418606603,1.0223073417308035,1.385585509881389,2.015445418606603
20260520,-0.0065520608076143,-0.0095807790236633,0.0004107619634421,-0.0065520608076143,-0.0095807790236633,0.0,0.0,0.0,0.0,1.376507069366497,1.9961358814166785,1.0227272667017342,1.376507069366497,1.9961358814166785
20260521,-0.0251248557387119,-0.0243974943925609,-0.0129336891808664,-0.0251248557387119,-0.0243974943925609,0.0,0.0,0.0,0.0,1.3419225278253466,1.9474351674430255,1.009499630117417,1.3419225278253466,1.9474351674430255
20260522,0.0138220671139479,0.0165846047366289,0.0112312811980033,0.0138220671139479,0.0165846047366289,0.0,0.0,0.0,0.0,1.3604706710666672,1.9797326099452788,1.020837604332546,1.3604706710666672,1.9797326099452788
20260525,-0.0126132389082088,-0.0054717766254745,0.0154257507198685,-0.0126132389082088,-0.0054717766254745,0.0,0.0,0.0,0.0,1.3433107294648923,1.9688999553254907,1.0365847907424477,1.3433107294648923,1.9688999553254907
20260526,-0.0161429369683723,-0.013599296572252,0.0070893255013164,-0.0161429369683723,-0.013599296572252,0.0,0.0,0.0,0.0,1.3216257490302024,1.9421243009119256,1.043933477733735,1.3216257490302024,1.9421243009119256
20260527,-0.0028388722158409,-0.0235478185030534,-0.0080450522928398,-0.0028388722158409,-0.0235478185030534,0.0,0.0,0.0,0.0,1.3178738224115405,1.896391510363682,1.035534978315121,1.3178738224115405,1.896391510363682
20260528,-0.0054266002522811,0.0005728230059969,0.0,-0.0054266002522811,0.0005728230059969,0.0,0.0,0.0,0.0,1.3107222479943672,1.8974778070491956,1.035534978315121,1.3107222479943672,1.8974778070491956
20260529,-0.0170636281626008,-0.026883049601526,-0.0018248175182482,-0.0170636281626008,-0.026883049601526,0.0,0.0,0.0,0.0,1.2883565709301432,1.8464678170444973,1.033645315945933,1.2883565709301432,1.8464678170444973
20260601,0.0236100652702706,0.0161963262998453,-0.0111720495632744,0.0236100652702706,0.0161963262998453,0.0,0.0,0.0,0.0,1.318774753661186,1.8763738123115128,1.0220973792453385,1.318774753661186,1.8763738123115128
20260602,-0.0245621334295678,-0.0126740083388958,0.0139687756778963,-0.0245621334295678,-0.0126740083388958,0.0,0.0,0.0,0.0,1.2863828321982145,1.8525926349673911,1.0363748282569825,1.2863828321982145,1.8525926349673911
20260603,-0.0082135849236729,-0.0059417110521998,0.0058752025931927,-0.0082135849236729,-0.0059417110521998,0.0,0.0,0.0,0.0,1.2758170175615997,1.8415850648329815,1.0424637403354775,1.2758170175615997,1.8415850648329815
20260604,-0.0019472019031072,-0.0073918004217475,-0.0078549848942596,-0.0019472019031072,-0.0073918004217475,0.0,0.0,0.0,0.0,1.2733327442369873,1.8279724355740652,1.034275203402329,1.2733327442369873,1.8279724355740652
20260605,0.0099572857017271,0.0086054837722053,-0.0168493706861552,0.0099572857017271,0.0086054837722053,0.0,0.0,0.0,0.0,1.2860116821647192,1.8437030227044366,1.0168483171087046,1.2860116821647192,1.8437030227044366
20260608,-0.0381948762149331,-0.025065643725045,-0.0214742927937229,-0.0381948762149331,-0.025065643725045,0.0,0.0,0.0,0.0,1.2368926251534798,1.7974894196025386,0.9950122186203079,1.2368926251534798,1.7974894196025386
20260609,0.0075116084399183,0.00985001132132,0.0183583034395442,0.0075116084399183,0.00985001132132,0.0,0.0,0.0,0.0,1.2461836782358553,1.8151947107355766,1.0132789548557937,1.2461836782358553,1.8151947107355766
20260610,-0.0225151991043449,-0.0118590839033594,-0.0087028595109821,-0.0225151991043449,-0.0118590839033594,0.0,0.0,0.0,0.0,1.2181256045997901,1.7936681643600292,1.0044605304662488,1.2181256045997901,1.7936681643600292
20260611,-0.0013502216042486,-0.0089802401259025,-0.0068979933110366,-0.0013502216042486,-0.0089802401259025,0.0,0.0,0.0,0.0,1.2164808650917711,1.7775605935378893,0.9975317684458924,1.2164808650917711,1.7775605935378893
20260612,0.0249594014113606,0.0138555573222297,0.0141022942538413,0.0249594014113606,0.0138555573222297,0.0,0.0,0.0,0.0,1.2468434993128357,1.80218968623539,1.0115992549720711,1.2468434993128357,1.80218968623539
20260615,-0.0003134144113803,0.0177417751894566,0.0209630552096304,-0.0003134144113803,0.0177417751894566,0.0,0.0,0.0,0.0,1.246452720591415,1.8341637304973357,1.0328054660040717,1.246452720591415,1.8341637304973357
20260616,-0.0001403083838181,0.006631623329283,-0.0018296401707663,-0.0001403083838181,0.006631623329283,0.0,0.0,0.0,0.0,1.2462778328246833,1.8463272134822264,1.0309158036348838,1.2462778328246833,1.8463272134822264
20260617,-0.0091618678900453,-0.0077704442411141,0.0097759674134418,-0.0091618678900453,-0.0077704442411141,0.0,0.0,0.0,0.0,1.2348595999660517,1.8319804308190113,1.0409940029372207,1.2348595999660517,1.8319804308190113
20260618,-0.0007009427100816,-0.0020043744266142,0.0052440500201693,-0.0007009427100816,-0.0020043744266142,0.0,0.0,0.0,0.0,1.2339940341314812,1.82830845609342,1.0464530275593198,1.2339940341314812,1.82830845609342
20260622,-0.0088197326300963,0.0047188936858307,0.0214686998394864,-0.0088197326300963,0.0047188936858307,0.0,0.0,0.0,0.0,1.2231105366833077,1.83693604932263,1.0689190135041127,1.2231105366833077,1.83693604932263
20260623,0.0064460646023668,0.002459541003614,-0.0292673345118836,0.0064460646023668,0.002459541003614,0.0,0.0,0.0,0.0,1.2309947862186037,1.8414540688569556,1.0376346031697752,1.2309947862186037,1.8414540688569556
20260624,-0.0116352710512104,-0.0124805648148208,0.0050586806960744,-0.0116352710512104,-0.0124805648148208,0.0,0.0,0.0,0.0,1.2166718282183233,1.8184716819970708,1.0428836653064089,1.2166718282183233,1.8184716819970708
20260625,-0.0084220573451937,-0.0102447474973763,0.0163076303603786,-0.0084220573451937,-0.0102447474973763,0.0,0.0,0.0,0.0,1.206424948310787,1.7998418987838818,1.0598906266291026,1.206424948310787,1.7998418987838818
20260626,-0.027160270443268,-0.0243156804063578,-0.027931854199683,-0.027160270443268,-0.0243156804063578,0.0,0.0,0.0,0.0,1.1736581204451604,1.7560775183910808,1.0302859161784879,1.1736581204451604,1.7560775183910808
20260629,-0.002984050082087,-0.002769874415169,0.0105971061748522,-0.002984050082087,-0.002769874415169,0.0,0.0,0.0,0.0,1.170155865834504,1.751213404201836,1.0412039654226861,1.170155865834504,1.751213404201836
20260630,-0.0011444297063937,0.0072652468865273,0.0120992135511193,-0.0011444297063937,0.0072652468865273,0.0,0.0,0.0,0.0,1.168816704700532,1.7639364019343582,1.0538017145506073,1.168816704700532,1.7639364019343582
20260701,0.0259516998112037,0.0165231299601251,-0.0041841004184099,0.0259516998112037,0.0165231299601251,0.0,0.0,0.0,0.0,1.1991494849552407,1.7930821523449152,1.049392502355835,1.1991494849552407,1.7930821523449152
20260702,0.0153592772495929,-0.0009098027944481,-0.0296118447378952,0.0153592772495929,-0.0009098027944481,0.0,0.0,0.0,0.0,1.2175675543583748,1.791450801192037,1.0183180545069628,1.2175675543583748,1.791450801192037
20260703,0.0010235818288311,0.0119605086901539,0.005360824742268,0.0010235818288311,0.0119605086901539,0.0,0.0,0.0,0.0,1.2188138343823904,1.8128774640676775,1.023777079129062,1.2188138343823904,1.8128774640676775
20260706,-0.0056067151209127,-0.011427692762825,0.000205086136177,-0.0056067151209127,-0.011427692762825,0.0,0.0,0.0,0.0,1.211980292427581,1.7921604573916627,1.0239870416145271,1.211980292427581,1.7921604573916627
20260707,-0.0191039444129813,-0.0239376594347017,-0.0104572483083863,-0.0191039444129813,-0.0239376594347017,0.0,0.0,0.0,0.0,1.1888266882914158,1.7492603307102819,1.0132789548557941,1.1888266882914158,1.7492603307102819
20260708,-0.0152262168589219,-0.0169151903424965,-0.0058019063406548,-0.0152262168589219,-0.0169151903424965,0.0,0.0,0.0,0.0,1.1707253553278167,1.7196712592577392,1.0074000052627643,1.1707253553278167,1.7196712592577392
20260709,-0.0033073958277022,-0.0008803217632051,0.0245935806586079,-0.0033073958277022,-0.0008803217632051,0.0,0.0,0.0,0.0,1.1668533031722204,1.7181573952226563,1.032175578547676,1.1668533031722204,1.7181573952226563
20260710,0.0134943395605941,0.009348100595667,-0.0176973148901546,0.0134943395605941,0.009348100595667,0.0,0.0,0.0,0.0,1.1825992178626272,1.734218903392387,1.0139088423121903,1.1825992178626272,1.734218903392387
20260713,-0.0335883342913939,-0.0432964625857004,-0.0176019879892316,-0.0335883342913939,-0.0432964625857004,0.0,0.0,0.0,0.0,1.1428776800003164,1.659133359526244,0.9960620310476354,1.1428776800003164,1.659133359526244
20260714,0.0153889489201486,0.0161608031232043,0.0196037099494097,0.0153889489201486,0.0161608031232043,0.0,0.0,0.0,0.0,1.1604653662398192,1.6859462871046884,1.0155885421959132,1.1604653662398192,1.6859462871046884
20260715,0.0015132113552116,0.0047982103660575,0.0002067397146992,0.0015132113552116,0.0047982103660575,0.0,0.0,0.0,0.0,1.1622213956093432,1.6940358120560903,1.0157985046813787,1.1622213956093432,1.6940358120560903
20260716,-0.0027059775786804,-0.0018619395667037,-0.0175692434890449,-0.0027059775786804,-0.0018619395667037,0.0,0.0,0.0,0.0,1.1590764505713618,1.6908816197502101,0.9979516934168239,1.1590764505713618,1.6908816197502101
20260717,-0.0444853726738794,-0.0446822444205949,-0.034504523458868,-0.0444853726738794,-0.0446822444205949,0.0,0.0,0.0,0.0,1.1075145027101774,1.6153292339302399,0.963517845800506,1.1075145027101774,1.6153292339302399
20260720,-0.0202460006189131,-0.0179584757507763,0.0132926563521462,-0.0202460006189131,-0.0179584757507763,0.0,0.0,0.0,0.0,1.0850917634028518,1.5863203830531836,0.9763255574138924,1.0850917634028518,1.5863203830531836
20260721,-0.0039682458735985,0.0100149628853916,0.0294623655913977,-0.0039682458735985,0.0100149628853916,0.0,0.0,0.0,0.0,1.0807858524902527,1.6022073228138014,1.0050904179226456,1.0807858524902527,1.6022073228138014
20260722,-0.0059953090337076,-0.0093945437015131,-0.0045957802381451,-0.0059953090337076,-0.0093945437015131,0.0,0.0,0.0,0.0,1.0743062073053145,1.587155316100743,1.0004712432424077,1.0743062073053145,1.587155316100743
20260723,0.0204453042522926,0.0215994141533658,0.0046169989506821,0.0204453042522926,0.0215994141533658,0.0,0.0,0.0,0.0,1.0962707245737981,1.6214369410989191,1.0050904179226454,1.0962707245737981,1.6214369410989191
20260724,-0.027259936424049,-0.0265473673616151,-0.0179653227491122,-0.027259936424049,-0.0265473673616151,0.0,0.0,0.0,0.0,1.0663864543183703,1.5783920589698726,0.987033644172625,1.0663864543183703,1.5783920589698726
20260727,0.0369519327636025,0.0310169413924924,0.0110614762816423,0.0369519327636025,0.0310169413924924,0.0,0.0,0.0,0.0,1.1057914948783591,1.6273489529573164,0.9979516934168234,1.1057914948783591,1.6273489529573164
20260728,0.0207854063654931,-0.0039373413340446,-0.0265095729013256,0.0207854063654931,-0.0039373413340446,0.0,0.0,0.0,0.0,1.1287758204549119,1.6209415246599235,0.9714964202481888,1.1287758204549119,1.6209415246599235
20260729,0.0159474498615335,0.0153148247912566,0.0064836827317917,0.0159474498615335,0.0153148247912566,0.0,0.0,0.0,0.0,1.146776916256528,1.6457659601069627,0.9777952948121496,1.146776916256528,1.6457659601069627
20260730,-0.0189497621378698,-0.0151141750264353,-0.0111659866867082,-0.0189497621378698,-0.0151141750264353,0.0,0.0,0.0,0.0,1.125045766468267,1.6208915653333567,0.9668772455679512,1.125045766468267,1.6208915653333567
20260731,0.020694831499669,0.0227506523019948,0.0104234527687294,0.020694831499669,0.0227506523019948,0.0,0.0,0.0,0.0,1.1483283990347437,1.6577679057554922,0.976955444870288,1.1483283990347437,1.6577679057554922
20260803,0.0166287357211033,0.0151613756431666,-0.0116054158607349,0.0166287357211033,0.0151613756431666,0.0,0.0,0.0,0.0,1.16742364850333,1.6829019477038367,0.965617470655159,1.16742364850333,1.6829019477038367
20260804,0.0141286931890772,0.0155958670031527,0.0113068058273537,0.0141286931890772,0.0155958670031527,0.0,0.0,0.0,0.0,1.1839178190547066,1.7091482626595722,0.9765355198993574,1.1839178190547066,1.7091482626595722
20260805,0.0066246669653495,0.0140549093211906,0.0135454740915932,0.0066246669653495,0.0140549093211906,0.0,0.0,0.0,0.0,1.191760880320287,1.733170186507723,0.9897631564836746,1.191760880320287,1.733170186507723
20260806,0.006379647849248,0.0024666993368059,-0.0010606703436574,0.006379647849248,0.0024666993368059,0.0,0.0,0.0,0.0,1.1993638950572403,1.7374453962573533,0.9887133440563476,1.1993638950572403,1.7374453962573533
20260807,0.0091463301328134,0.0037241266506379,0.008919091102145,0.0091463301328134,0.0037241266506379,0.0,0.0,0.0,0.0,1.2103336731908108,1.7439158629615832,0.9975317684458926,1.2103336731908108,1.7439158629615832
20260810,0.0282076560578878,0.0235122173726271,0.0016838560303094,0.0282076560578878,0.0235122173726271,0.0,0.0,0.0,0.0,1.2444743491594572,1.7849191918111087,0.9992114683296155,1.2444743491594572,1.7849191918111087
20260811,0.0012109608612338,-0.0040059272016202,-0.0065139735238497,0.0012109608612338,-0.0040059272016202,0.0,0.0,0.0,0.0,1.2459813588890987,1.7777689354679387,0.9927026312801893,1.2459813588890987,1.7777689354679387
20260812,0.0164754992622011,0.0121570650532594,0.0042301184433164,0.0164754992622011,0.0121570650532594,0.0,0.0,0.0,0.0,1.2665095238481925,1.799381388066086,0.9969018809894964,1.2665095238481925,1.799381388066086
20260813,-0.0105958048643508,-0.0141007581672438,-0.0040016849199662,-0.0105958048643508,-0.0141007581672438,0.0,0.0,0.0,0.0,1.2530898360746552,1.7740087462623269,0.9929125937656548,1.2530898360746552,1.7740087462623269
20260814,-0.0037649319530313,-0.0034171454972139,-0.0006343835906111,-0.0037649319530313,-0.0034171454972139,0.0,0.0,0.0,0.0,1.248372038110799,1.7679467002630185,0.9922827063092587,1.248372038110799,1.7679467002630185
20260817,0.0188544438624061,0.0189230495673908,0.0158696572154042,0.0188544438624061,0.0189230495673908,0.0,0.0,0.0,0.0,1.2719093986227565,1.8014016433046007,1.0080298927191602,1.2719093986227565,1.8014016433046007
20260818,0.0105514177490254,0.0017136466777563,-0.002916059154343,0.0105514177490254,0.0017136466777563,0.0,0.0,0.0,0.0,1.2853298460265368,1.8044886092459544,1.0050904179226452,1.2853298460265368,1.8044886092459544
20260819,-0.03446877334375,-0.0399815843990973,-0.0277835805306037,-0.03446877334375,-0.0399815843990973,0.0,0.0,0.0,0.0,1.241026102891891,1.7323422956181778,0.9771654073557533,1.241026102891891,1.7323422956181778
20260820,0.0110724828351514,0.0107061426518804,-0.0002148689299528,0.0110724828351514,0.0107061426518804,0.0,0.0,0.0,0.0,1.2547673431141362,1.7508889993569519,0.9769554448702878,1.2547673431141362,1.7508889993569519
20260821,-0.0079222356123377,-0.0003446320403781,0.0058027079303675,-0.0079222356123377,-0.0003446320403781,0.0,0.0,0.0,0.0,1.2448267805833189,1.750285586908628,0.9826244319778524,1.2448267805833189,1.750285586908628
20260824,0.0060262754497346,-0.0100861048657808,-0.0113247863247862,0.0060262754497346,-0.0100861048657808,0.0,0.0,0.0,0.0,1.2523284496503204,1.7326320229340029,0.9714964202481888,1.2523284496503204,1.7326320229340029
20260825,0.0259467522333607,0.0181911165754857,-0.0023773503349904,0.0259467522333607,0.0181911165754857,0.0,0.0,0.0,0.0,1.284822305648186,1.7641505340456152,0.9691868329080698,1.284822305648186,1.7641505340456152
20260826,0.0073688007849918,0.0040386301084881,0.0077989601386483,0.0073688007849918,0.0040386301084881,0.0,0.0,0.0,0.0,1.294289905262621,1.7712752855083171,0.9767454823848227,1.294289905262621,1.7712752855083171
20260827,0.0260685232160908,0.0134172307756559,0.0083834909716251,0.0260685232160908,0.0134172307756559,0.0,0.0,0.0,0.0,1.328030131706312,1.795040894781198,0.9849340193179715,1.328030131706312,1.795040894781198
20260828,0.0348721663808184,0.0060211306575469,-0.0025580899594968,0.0348721663808184,0.0060211306575469,0.0,0.0,0.0,0.0,1.3743414194179147,1.8058490705443153,0.9824144694923874,1.3743414194179147,1.8058490705443153
20260831,0.0062442896191465,0.0081143522045141,0.0012823252831799,0.0062442896191465,0.0081143522045141,0.0,0.0,0.0,0.0,1.3829232052763492,1.8205023659309065,0.9836742444051794,1.3829232052763492,1.8205023659309065
20260901,0.0240810669716907,0.0068758496587275,-0.0002134471718248,0.0240810669716907,0.0068758496587275,0.0,0.0,0.0,0.0,1.4162254715993141,1.8330198665024053,0.9834642819197141,1.4162254715993141,1.8330198665024053
20260902,-0.007431049969623,-0.0050312291823766,-0.0136635354397951,-0.007431049969623,-0.0050312291823766,0.0,0.0,0.0,0.0,1.4057014293516068,1.8237975234581822,0.9700266828499314,1.4057014293516068,1.8237975234581822
20260903,-0.0137003078715067,-0.006067290824661,0.0002164502164503,-0.0137003078715067,-0.006067290824661,0.0,0.0,0.0,0.0,1.3864428869940728,1.8127320134780651,0.9702366453353969,1.3864428869940728,1.8127320134780651
20260904,0.00935192935172,0.0016538274882798,-0.0010820168794635,0.00935192935172,0.0016538274882798,0.0,0.0,0.0,0.0,1.399408802923436,1.81572995951084,0.96918683290807,1.399408802923436,1.81572995951084
20260907,0.0107606623576516,0.0088674709282983,0.0038994800693243,0.0107606623576516,0.0088674709282983,0.0,0.0,0.0,0.0,1.4144673685520204,1.8318308921404427,0.9729661576464466,1.4144673685520204,1.8318308921404427
20260908,0.0070685332814367,0.0093922265525489,-0.0021579628830386,0.0070685332814367,0.0093922265525489,0.0,0.0,0.0,0.0,1.4244655782221365,1.8490358628853838,0.9708665327917928,1.4244655782221365,1.8490358628853838
20260909,-0.0176499576953452,-0.0046395625266822,0.0028114186851209,-0.0176499576953452,-0.0046395625266822,0.0,0.0,0.0,0.0,1.3993238210280403,1.8404571453854492,0.9735960451028423,1.3993238210280403,1.8404571453854492
20260910,-0.0238213260596731,-0.0169813113220544,-0.0043131334914814,-0.0238213260596731,-0.0169813113220544,0.0,0.0,0.0,0.0,1.3659900720242637,1.8092037696247594,0.9693967953935353,1.3659900720242637,1.8092037696247594
20260911,-0.0309147698828661,-0.0248713598298018,-0.008230452674897,-0.0309147698828661,-0.0248713598298018,0.0,0.0,0.0,0.0,1.3237608032853538,1.764206411664988,0.961418220945852,1.3237608032853538,1.764206411664988
20260914,0.0088482079678985,0.0049337618110756,-0.0058964839484604,0.0088482079678985,0.0049337618110756,0.0,0.0,0.0,0.0,1.335473714172575,1.7729105858857155,0.9557492338382875,1.335473714172575,1.7729105858857155
20260915,-0.0241087026114955,-0.0152971321363236,-0.0063708260105447,-0.0241087026114955,-0.0152971321363236,0.0,0.0,0.0,0.0,1.303277175552119,1.745790138387535,0.9496603217597923,1.303277175552119,1.745790138387535
20260916,0.0094013221726356,0.0106777758851821,0.0059694892770285,0.0094013221726356,0.0106777758851821,0.0,0.0,0.0,0.0,1.3155297041597271,1.7644312942277982,0.9553293088673569,1.3155297041597271,1.7644312942277982
20260917,0.0101992964018214,0.0033972409816158,-0.0039560439560438,0.0101992964018214,0.0033972409816158,0.0,0.0,0.0,0.0,1.3289471815378526,1.7704254925297944,0.9515499841289807,1.3289471815378526,1.7704254925297944
20260918,0.0168363824893457,0.0174334869056605,0.0110326566637246,0.0168363824893457,0.0174334869056605,0.0,0.0,0.0,0.0,1.3513218445943618,1.8012901821712601,0.9620481084022484,1.3513218445943618,1.8012901821712601
20260921,0.0203070383895257,0.0204015033280717,0.005674378000873,0.0203070383895257,0.0204015033280717,0.0,0.0,0.0,0.0,1.378763189169144,1.8380392098176501,0.9675071330243477,1.378763189169144,1.8380392098176501
20260922,0.0066689585987638,0.0027032433628297,0.0010850694444446,0.0066689585987638,0.0027032433628297,0.0,0.0,0.0,0.0,1.3879581037952127,1.8430078771122107,0.9685569454516746,1.3879581037952127,1.8430078771122107
20260923,-0.0055324908025693,-0.0091443161452809,-0.0049859093865165,-0.0055324908025693,-0.0091443161452809,0.0,0.0,0.0,0.0,1.380279238351614,1.8261548304256536,0.9637278082859713,1.380279238351614,1.8261548304256536
20260924,-0.009838053553319,-0.0091550524770058,-0.0163398692810458,-0.009838053553319,-0.0091550524770058,0.0,0.0,0.0,0.0,1.3666999772861765,1.8094362871219691,0.9479806218760697,1.3666999772861765,1.8094362871219691
20260928,-0.0188496197919352,-0.0190267337157069,-0.0217054263565891,-0.0188496197919352,-0.0190267337157069,0.0,0.0,0.0,0.0,1.3409382023446856,1.7750086247113621,0.9274042983004651,1.3409382023446856,1.7750086247113621
20260929,0.00338588369746,0.0068144271629528,-0.0002263980076973,0.00338588369746,0.0068144271629528,0.0,0.0,0.0,0.0,1.3454784631433059,1.7871042916980708,0.927194335815,1.3454784631433059,1.7871042916980708
20260930,-0.0051217699462443485,2.2844937220542765e-05,0.0036231884057968955,-0.0051217699462443485,2.2844937220542765e-05,0.0,0.0,0.0,0.0,1.3385872319874594,1.7871451179834212,0.9305537355824455,1.3385872319874594,1.7871451179834212
